oyuncu;sonuc;kaynak;wikidata_takim;tm_takim;tm_son_sezon;sadece_tahmin
Miroslav Klose;Emekli / kulüpsüz;emekli (TM: 2+ sezondur oynamadı);;Società Sportiva Lazio S.p.A.;2015;hayır
Dimitar Berbatov;Emekli / kulüpsüz;emekli (TM: 2+ sezondur oynamadı);;Panthessalonikios Athlitikos Omilos Konstantinoupoliton;2015;hayır
Lúcio;Emekli / kulüpsüz;emekli (TM: 2+ sezondur oynamadı);;Juventus FC;2012;hayır
Deniz Barış;Emekli / kulüpsüz;emekli (TM: 2+ sezondur oynamadı);SpVgg Greuther Fürth;Antalyaspor;2013;evet
Uğur İnceman;Emekli / kulüpsüz;emekli (TM: 2+ sezondur oynamadı);Roda JC Kerkrade;Konyaspor;2015;evet
Michael Owen;Emekli / kulüpsüz;emekli (TM: 2+ sezondur oynamadı);;Stoke City;2012;hayır
Halil Altıntop;Emekli / kulüpsüz;emekli (TM: 2+ sezondur oynamadı);FC Augsburg;FC Augsburg;2016;evet
Hamit Altıntop;Emekli / kulüpsüz;emekli (TM: 2+ sezondur oynamadı);Galatasaray S.K.;SV Darmstadt 98;2016;evet
Ali Bilgin;Emekli / kulüpsüz;emekli (TM: 2+ sezondur oynamadı);;Kasimpasa;2012;evet
Philipp Lahm;Emekli / kulüpsüz;emekli (TM: 2+ sezondur oynamadı);;Bayern Munich;2016;hayır
Bastian Schweinsteiger;Emekli / kulüpsüz;emekli (TM: 2+ sezondur oynamadı);;Manchester United;2016;hayır
Abdullah Elyasa Süme;Emekli / kulüpsüz;emekli (TM: 2+ sezondur oynamadı);Gaziantepspor;Gaziantepspor (- 2020);2016;evet
Paolo Guerrero;Club Alianza Lima;wikidata (TM'de güncel kulüp yok);Club Alianza Lima;;2025;hayır
Steven Gerrard;Emekli / kulüpsüz;emekli (TM: 2+ sezondur oynamadı);;Liverpool FC;2014;hayır
David Beckham;Emekli / kulüpsüz;emekli (TM: 2+ sezondur oynamadı);;Paris Saint-Germain;2012;hayır
John Terry;Emekli / kulüpsüz;emekli (TM: 2+ sezondur oynamadı);;Chelsea FC;2016;hayır
Frank Lampard;Emekli / kulüpsüz;emekli (TM: 2+ sezondur oynamadı);;Manchester City;2014;hayır
Ashley Cole;Emekli / kulüpsüz;emekli (TM: 2+ sezondur oynamadı);;Associazione Sportiva Roma;2015;hayır
Kolo Touré;Emekli / kulüpsüz;emekli (TM: 2+ sezondur oynamadı);;Celtic FC;2016;hayır
Nicolas Anelka;Emekli / kulüpsüz;emekli (TM: 2+ sezondur oynamadı);;West Bromwich Albion;2013;hayır
Rio Ferdinand;Emekli / kulüpsüz;emekli (TM: 2+ sezondur oynamadı);;Queens Park Rangers;2014;hayır
Wayne Rooney;Emekli / kulüpsüz;emekli (TM: 2+ sezondur oynamadı);;Manchester United;2017;hayır
James Milner;Brighton & Hove Albion;transfermarkt;;Brighton & Hove Albion;2025;hayır
Kaká;Emekli / kulüpsüz;emekli (TM: 2+ sezondur oynamadı);;AC Milan;2013;hayır
Paul Scholes;Emekli / kulüpsüz;emekli (TM: 2+ sezondur oynamadı);;Manchester United;2012;hayır
Ryan Giggs;Emekli / kulüpsüz;emekli (TM: 2+ sezondur oynamadı);;Manchester United;2013;hayır
Pablo Aimar;Emekli / kulüpsüz;emekli (TM: 2+ sezondur oynamadı);;SL Benfica;2012;hayır
Dejan Stanković;Emekli / kulüpsüz;emekli (TM: 2+ sezondur oynamadı);;Inter Milan;2012;hayır
Zlatan Ibrahimović;Emekli / kulüpsüz;emekli (TM: 2+ sezondur oynamadı);;AC Milan;2022;hayır
Shaun Wright-Phillips;Emekli / kulüpsüz;emekli (TM: 2+ sezondur oynamadı);;Queens Park Rangers;2014;hayır
Darren Fletcher;Emekli / kulüpsüz;emekli (TM: 2+ sezondur oynamadı);;Stoke City;2017;hayır
Joe Cole;Emekli / kulüpsüz;emekli (TM: 2+ sezondur oynamadı);;Aston Villa;2015;hayır
Michael Carrick;Emekli / kulüpsüz;emekli (TM: 2+ sezondur oynamadı);;Manchester United;2017;hayır
Didier Drogba;Emekli / kulüpsüz;emekli (TM: 2+ sezondur oynamadı);;Chelsea FC;2014;hayır
Djibril Cissé;Emekli / kulüpsüz;emekli (TM: 2+ sezondur oynamadı);;SC Bastia;2014;hayır
Iker Casillas;Emekli / kulüpsüz;emekli (TM: 2+ sezondur oynamadı);;FC Porto;2018;hayır
Dirk Kuyt;Emekli / kulüpsüz;emekli (TM: 2+ sezondur oynamadı);;Feyenoord Rotterdam;2016;hayır
Ricardo Quaresma;Emekli / kulüpsüz;emekli (TM: 2+ sezondur oynamadı);;Vitória Guimarães SC;2021;hayır
Rafael van der Vaart;Emekli / kulüpsüz;emekli (TM: 2+ sezondur oynamadı);;Esbjerg fB;2018;hayır
Diego Ribas da Cunha;Emekli / kulüpsüz;emekli (TM: 2+ sezondur oynamadı);Clube de Regatas do Flamengo;Fenerbahce;2015;hayır
Samuel Eto'o;Emekli / kulüpsüz;emekli (TM: 2+ sezondur oynamadı);;Konyaspor;2017;hayır
Carlos Tevez;Emekli / kulüpsüz;emekli (TM: 2+ sezondur oynamadı);Club Atletico All Boys;Juventus FC;2014;hayır
Cristian Chivu;Emekli / kulüpsüz;emekli (TM: 2+ sezondur oynamadı);;Inter Milan;2013;hayır
Klaas-Jan Huntelaar;Emekli / kulüpsüz;emekli (TM: 2+ sezondur oynamadı);Hessen Combinatie '03;Ajax Amsterdam;2020;hayır
Arjen Robben;Emekli / kulüpsüz;emekli (TM: 2+ sezondur oynamadı);;FC Groningen;2020;hayır
Robin van Persie;Emekli / kulüpsüz;emekli (TM: 2+ sezondur oynamadı);;Feyenoord Rotterdam;2018;hayır
Nigel de Jong;Emekli / kulüpsüz;emekli (TM: 2+ sezondur oynamadı);;1.FSV Mainz 05;2017;hayır
Wesley Sneijder;Emekli / kulüpsüz;emekli (TM: 2+ sezondur oynamadı);;OGC Nice;2017;hayır
Gianluigi Buffon;Emekli / kulüpsüz;emekli (TM: 2+ sezondur oynamadı);;Juventus FC;2020;hayır
Eric Abidal;Emekli / kulüpsüz;emekli (TM: 2+ sezondur oynamadı);Sporting Club Lyon;Olympiakos Syndesmos Filathlon Peiraios;2014;hayır
Patrice Evra;Emekli / kulüpsüz;emekli (TM: 2+ sezondur oynamadı);;Olympique Marseille;2017;hayır
Mahamadou Diarra;Emekli / kulüpsüz;emekli (TM: 2+ sezondur oynamadı);;Fulham FC;2013;hayır
Philippe Mexès;Emekli / kulüpsüz;emekli (TM: 2+ sezondur oynamadı);;AC Milan;2015;hayır
Florent Malouda;Emekli / kulüpsüz;emekli (TM: 2+ sezondur oynamadı);;FC Metz;2014;hayır
Jérémy Toulalan;Emekli / kulüpsüz;emekli (TM: 2+ sezondur oynamadı);;FC Girondins Bordeaux;2017;hayır
Michael Essien;Emekli / kulüpsüz;emekli (TM: 2+ sezondur oynamadı);;Panathinaikos Athlitikos Omilos;2015;hayır
Petr Čech;Emekli / kulüpsüz;emekli (TM: 2+ sezondur oynamadı);;Arsenal FC;2018;hayır
Emre Belözoğlu;Emekli / kulüpsüz;emekli (TM: 2+ sezondur oynamadı);;Fenerbahce;2019;evet
Andrea Pirlo;Emekli / kulüpsüz;emekli (TM: 2+ sezondur oynamadı);;Juventus FC;2014;hayır
Sébastien Frey;Emekli / kulüpsüz;emekli (TM: 2+ sezondur oynamadı);;Bursaspor;2014;hayır
Alberto Gilardino;Emekli / kulüpsüz;emekli (TM: 2+ sezondur oynamadı);;Delfino Pescara 1936;2016;hayır
Adrian Mutu;Emekli / kulüpsüz;emekli (TM: 2+ sezondur oynamadı);;AC Ajaccio;2013;hayır
Walter Samuel;Emekli / kulüpsüz;emekli (TM: 2+ sezondur oynamadı);;Inter Milan;2013;hayır
Daniele De Rossi;Emekli / kulüpsüz;emekli (TM: 2+ sezondur oynamadı);;Associazione Sportiva Roma;2018;hayır
Francesco Totti;Emekli / kulüpsüz;emekli (TM: 2+ sezondur oynamadı);;Associazione Sportiva Roma;2016;hayır
Antonio Cassano;Emekli / kulüpsüz;emekli (TM: 2+ sezondur oynamadı);;UC Sampdoria;2016;hayır
Luca Toni;Emekli / kulüpsüz;emekli (TM: 2+ sezondur oynamadı);;Hellas Verona;2015;hayır
Amauri;Emekli / kulüpsüz;emekli (TM: 2+ sezondur oynamadı);Cruz Azul;Torino FC;2015;hayır
Mario Gómez;Emekli / kulüpsüz;emekli (TM: 2+ sezondur oynamadı);;VfB Stuttgart;2018;hayır
Mirko Vučinić;Emekli / kulüpsüz;emekli (TM: 2+ sezondur oynamadı);;Juventus FC;2013;hayır
Per Mertesacker;Emekli / kulüpsüz;emekli (TM: 2+ sezondur oynamadı);;Arsenal FC;2017;hayır
Orhan Ak;Emekli / kulüpsüz;emekli (TM: 2+ sezondur oynamadı);;Elazigspor;2012;evet
Cihan Haspolatlı;Emekli / kulüpsüz;emekli (TM: 2+ sezondur oynamadı);;Basaksehir FK;2012;evet
Gökdeniz Karadeniz;Emekli / kulüpsüz;emekli (TM: 2+ sezondur oynamadı);FC Rubin-2 Kazan;FC Rubin Kazan;2017;evet
Sinan Kaloğlu;Emekli / kulüpsüz;emekli (TM: 2+ sezondur oynamadı);;Mersin Talimyurdu SK;2015;evet
Hasan Üçüncü;Emekli / kulüpsüz;emekli (TM: 2+ sezondur oynamadı);;Mersin Talimyurdu SK;2012;evet
Gökhan Zan;Emekli / kulüpsüz;emekli (TM: 2+ sezondur oynamadı);;Galatasaray;2014;evet
Erdinç Yavuz;Emekli / kulüpsüz;emekli (TM: 2+ sezondur oynamadı);;Konyaspor;2013;evet
Mehmet Yılmaz;Emekli / kulüpsüz;emekli (TM: 2+ sezondur oynamadı);;Akhisarspor;2012;evet
Tuncay Şanlı;Emekli / kulüpsüz;emekli (TM: 2+ sezondur oynamadı);;Bursaspor;2013;evet
Necati Ateş;Emekli / kulüpsüz;emekli (TM: 2+ sezondur oynamadı);;Kayseri Erciyesspor;2014;evet
Adem Koçak;Emekli / kulüpsüz;emekli (TM: 2+ sezondur oynamadı);Sivasspor;Sivasspor;2015;evet
Bekir Ozan Has;Emekli / kulüpsüz;emekli (TM: 2+ sezondur oynamadı);Fethiyespor;Gaziantepspor (- 2020);2013;evet
Selçuk Şahin;Emekli / kulüpsüz;emekli (TM: 2+ sezondur oynamadı);Gençlerbirliği S.K.;Göztepe;2017;evet
Servet Çetin;Emekli / kulüpsüz;emekli (TM: 2+ sezondur oynamadı);;Mersin Talimyurdu SK;2015;evet
Semih Şentürk;Emekli / kulüpsüz;emekli (TM: 2+ sezondur oynamadı);;Basaksehir FK;2015;evet
Ali Tandoğan;Emekli / kulüpsüz;emekli (TM: 2+ sezondur oynamadı);;Antalyaspor;2012;evet
Volkan Demirel;Emekli / kulüpsüz;emekli (TM: 2+ sezondur oynamadı);;Fenerbahce;2018;evet
Bülent Ertuğrul;Emekli / kulüpsüz;emekli (TM: 2+ sezondur oynamadı);;Elazigspor;2012;evet
Hakan Bayraktar;Emekli / kulüpsüz;emekli (TM: 2+ sezondur oynamadı);;Mersin Talimyurdu SK;2012;evet
Yalçın Ayhan;Emekli / kulüpsüz;emekli (TM: 2+ sezondur oynamadı);İstanbul Başakşehir F.K.;MKE Ankaragücü;2019;evet
Mehmet Nas;Emekli / kulüpsüz;emekli (TM: 2+ sezondur oynamadı);Sivas Dört Eylül Belediyespor;Elazigspor;2013;evet
Murat Erdoğan;Emekli / kulüpsüz;emekli (TM: 2+ sezondur oynamadı);;Mersin Talimyurdu SK;2012;evet
Sabri Sarıoğlu;Emekli / kulüpsüz;emekli (TM: 2+ sezondur oynamadı);;Göztepe;2017;evet
İbrahim Toraman;Emekli / kulüpsüz;emekli (TM: 2+ sezondur oynamadı);;Sivasspor;2014;evet
Serdar Kulbilge;Emekli / kulüpsüz;emekli (TM: 2+ sezondur oynamadı);Fenerbahçe SK;Gaziantepspor (- 2020);2013;evet
Egemen Korkmaz;Emekli / kulüpsüz;emekli (TM: 2+ sezondur oynamadı);FC Wil 1900;Erzurumspor FK;2018;evet
Serkan Balcı;Emekli / kulüpsüz;emekli (TM: 2+ sezondur oynamadı);Mersin İdmanyurdu;Mersin Talimyurdu SK;2015;evet
Uğur Boral;Emekli / kulüpsüz;emekli (TM: 2+ sezondur oynamadı);;Beşiktaş Jimnastik Kulübü;2014;evet
Gökhan Ünal;Emekli / kulüpsüz;emekli (TM: 2+ sezondur oynamadı);Karşıyaka S.K.;Balikesirspor;2014;evet
Bekir İrtegün;Emekli / kulüpsüz;emekli (TM: 2+ sezondur oynamadı);İstanbul Başakşehir F.K.;Basaksehir FK;2016;evet
Ömer Erdoğan;Emekli / kulüpsüz;emekli (TM: 2+ sezondur oynamadı);;Bursaspor;2012;evet
Bilal Kısa;Emekli / kulüpsüz;emekli (TM: 2+ sezondur oynamadı);Galatasaray S.K.;Akhisarspor;2018;evet
Mikel Arteta;Emekli / kulüpsüz;emekli (TM: 2+ sezondur oynamadı);;Arsenal FC;2015;hayır
Xabi Alonso;Emekli / kulüpsüz;emekli (TM: 2+ sezondur oynamadı);;Bayern Munich;2016;hayır
Juan Carlos Valerón;Emekli / kulüpsüz;emekli (TM: 2+ sezondur oynamadı);;UD Las Palmas;2015;hayır
Esteban Cambiasso;Emekli / kulüpsüz;emekli (TM: 2+ sezondur oynamadı);;Olympiakos Syndesmos Filathlon Peiraios;2016;hayır
Víctor Valdés;Emekli / kulüpsüz;emekli (TM: 2+ sezondur oynamadı);;Middlesbrough FC;2016;hayır
Carles Puyol;Emekli / kulüpsüz;emekli (TM: 2+ sezondur oynamadı);;FC Barcelona;2013;hayır
Andrés Iniesta;Emekli / kulüpsüz;emekli (TM: 2+ sezondur oynamadı);;FC Barcelona;2017;hayır
Xavi Hernández;Emekli / kulüpsüz;emekli (TM: 2+ sezondur oynamadı);;FC Barcelona;2014;hayır
Javier Saviola;Emekli / kulüpsüz;emekli (TM: 2+ sezondur oynamadı);;Hellas Verona;2014;hayır
elpisha;Emekli / kulüpsüz;emekli (TM: 2+ sezondur oynamadı);;Real Betis Balompié;2022;hayır
José Antonio Reyes;Emekli / kulüpsüz;emekli (TM: 2+ sezondur oynamadı);;RCD Espanyol Barcelona;2016;hayır
Fernando Torres;Emekli / kulüpsüz;emekli (TM: 2+ sezondur oynamadı);;Atlético de Madrid;2017;hayır
Pepe Reina;Emekli / kulüpsüz;emekli (TM: son sezon eski);;Como 1907;2024;hayır
Abdurrahman Dereli;Emekli / kulüpsüz;emekli (TM: 2+ sezondur oynamadı);;Sivasspor;2014;evet
David Villa;Emekli / kulüpsüz;emekli (TM: 2+ sezondur oynamadı);;Atlético de Madrid;2013;hayır
Simão Sabrosa;Emekli / kulüpsüz;emekli (TM: 2+ sezondur oynamadı);NorthEast United FC;RCD Espanyol Barcelona;2013;hayır
Cristiano Ronaldo;Al-Nassr Football Club;transfermarkt;Al-Nassr;Al-Nassr Football Club;2025;hayır
Engin Baytar;Emekli / kulüpsüz;emekli (TM: 2+ sezondur oynamadı);Erzurumspor F.K.;Caykur Rizespor;2013;evet
Serdar Özkan;Emekli / kulüpsüz;emekli (TM: 2+ sezondur oynamadı);Antalyaspor;Antalyaspor;2019;evet
Olcan Adın;Emekli / kulüpsüz;emekli (TM: 2+ sezondur oynamadı);Galatasaray S.K.;Antalyaspor;2018;evet
Yakubu;Emekli / kulüpsüz;emekli (TM: 2+ sezondur oynamadı);;Kayserispor;2015;hayır
Sezer Öztürk;Emekli / kulüpsüz;emekli (TM: 2+ sezondur oynamadı);;Basaksehir FK;2014;evet
Orkun Uşak;Emekli / kulüpsüz;emekli (TM: 2+ sezondur oynamadı);İstanbul Başakşehir F.K.;Mersin Talimyurdu SK;2012;evet
Sedat Bayrak;Emekli / kulüpsüz;emekli (TM: 2+ sezondur oynamadı);MKE Ankaragücü;Gençlerbirliği Spor Kulübü;2014;evet
Cesc Fàbregas;Emekli / kulüpsüz;emekli (TM: 2+ sezondur oynamadı);;AS Monaco;2021;hayır
Emmanuel Adebayor;Emekli / kulüpsüz;emekli (TM: 2+ sezondur oynamadı);;Kayserispor;2019;hayır
Ali Çamdalı;Emekli / kulüpsüz;emekli (TM: 2+ sezondur oynamadı);Konyaspor;Konyaspor;2019;evet
Vincent Kompany;Emekli / kulüpsüz;emekli (TM: 2+ sezondur oynamadı);;RSC Anderlecht;2019;hayır
José Bosingwa;Emekli / kulüpsüz;emekli (TM: 2+ sezondur oynamadı);;Trabzonspor;2015;hayır
Ricardo Carvalho;Emekli / kulüpsüz;emekli (TM: 2+ sezondur oynamadı);;AS Monaco;2015;hayır
Paulo Ferreira;Emekli / kulüpsüz;emekli (TM: 2+ sezondur oynamadı);;Chelsea FC;2012;hayır
Aykut Erçetin;Emekli / kulüpsüz;emekli (TM: 2+ sezondur oynamadı);Çaykur Rizespor;Caykur Rizespor;2014;evet
Orhan Şam;Emekli / kulüpsüz;emekli (TM: 2+ sezondur oynamadı);;Gençlerbirliği Spor Kulübü;2017;evet
Umut burugudut bulut;Emekli / kulüpsüz;emekli (TM: 2+ sezondur oynamadı);Galatasaray S.K.;Yeni Malatyaspor;2020;evet
Çağdaş Atan;Emekli / kulüpsüz;emekli (TM: 2+ sezondur oynamadı);;Akhisarspor;2013;evet
Luiz Gustavo;Clube Atlético Paranaense;transfermarkt (Wikidata farklı: Club Athletico Paranaense, ama başlangıcı eski/tarihsiz);Club Athletico Paranaense;Clube Atlético Paranaense;2025;hayır
Éver Banega;Club Social y Deportivo Defensa y Justicia;transfermarkt;Defensa y Justicia;Club Social y Deportivo Defensa y Justicia;2025;hayır
Daley Blind;Girona FC;transfermarkt (Wikidata farklı: AFC Ajax, ama başlangıcı eski/tarihsiz);AFC Ajax;Girona FC;2025;hayır
Craig Gordon;Heart of Midlothian FC;transfermarkt (Wikidata farklı: Celtic F.C., ama başlangıcı eski/tarihsiz);Celtic F.C.;Heart of Midlothian FC;2025;hayır
Alessio Cragno;Emekli / kulüpsüz;emekli (TM: 2+ sezondur oynamadı);U.C. Sampdoria;US Sassuolo;2023;hayır
Yaya Touré;Emekli / kulüpsüz;emekli (TM: 2+ sezondur oynamadı);;Olympiakos Syndesmos Filathlon Peiraios;2018;hayır
Darren Bent;Emekli / kulüpsüz;emekli (TM: 2+ sezondur oynamadı);;Aston Villa;2014;hayır
Leighton Baines;Emekli / kulüpsüz;emekli (TM: 2+ sezondur oynamadı);;Everton FC;2019;hayır
Ashley Young;Emekli / kulüpsüz;emekli (TM: son sezon eski);;Everton FC;2024;hayır
Danny;Emekli / kulüpsüz;emekli (TM: 2+ sezondur oynamadı);FC Zenit Saint Petersburg;CS Marítimo;2018;hayır
Pepe;Emekli / kulüpsüz;emekli (TM: 2+ sezondur oynamadı);;FC Porto;2023;hayır
Aaron Lennon;Emekli / kulüpsüz;emekli (TM: 2+ sezondur oynamadı);;Burnley FC;2021;hayır
Anatolii Tymoshchuk;Emekli / kulüpsüz;emekli (TM: 2+ sezondur oynamadı);;AO FK Zenit Sankt-Peterburg;2014;hayır
Lukas Podolski;Górnik Zabrze;transfermarkt;;Górnik Zabrze;2025;hayır
Andrey Arshavin;Emekli / kulüpsüz;emekli (TM: 2+ sezondur oynamadı);;Kuban Krasnodar (-2018);2015;hayır
Raúl Albiol;Pisa Sporting Club;transfermarkt;;Pisa Sporting Club;2025;hayır
Robinho;Emekli / kulüpsüz;emekli (TM: 2+ sezondur oynamadı);;Basaksehir FK;2019;hayır
Igor Akinfeev;PFK CSKA Moskva;transfermarkt (Wikidata farklı: PFC CSKA Moscow, ama başlangıcı eski/tarihsiz);PFC CSKA Moscow;PFK CSKA Moskva;2025;hayır
Igor Denisov;Emekli / kulüpsüz;emekli (TM: 2+ sezondur oynamadı);;"Футбольный клуб ""Локомотив"" Москва";2018;hayır
Santi Cazorla;Real Oviedo;transfermarkt;;Real Oviedo;2025;hayır
Daniel Alves;Emekli / kulüpsüz;emekli (TM: 2+ sezondur oynamadı);;FC Barcelona;2021;hayır
Júlio Baptista;Emekli / kulüpsüz;emekli (TM: 2+ sezondur oynamadı);;Málaga CF;2012;hayır
Jesús Navas;Emekli / kulüpsüz;emekli (TM: son sezon eski);;Sevilla FC;2024;hayır
Casemiro;Manchester United;transfermarkt (Wikidata farklı: Inter Miami CF, ama başlangıcı eski/tarihsiz);Inter Miami CF;Manchester United;2025;hayır
Turgay Bahadır;Emekli / kulüpsüz;emekli (TM: 2+ sezondur oynamadı);First Vienna FC;Kardemir Karabükspor;2014;evet
Hakan Arıkan;Emekli / kulüpsüz;emekli (TM: 2+ sezondur oynamadı);Ankaraspor;Kayserispor;2019;evet
Yuri Zhirkov;Emekli / kulüpsüz;emekli (TM: 2+ sezondur oynamadı);;FC Khimki (-2025);2021;hayır
Tolga Zengin;Emekli / kulüpsüz;emekli (TM: 2+ sezondur oynamadı);Beşiktaş J.K.;Beşiktaş Jimnastik Kulübü;2018;evet
Kasper Schmeichel;Celtic FC;transfermarkt;;Celtic FC;2025;hayır
Kevin-Prince Boateng;Emekli / kulüpsüz;emekli (TM: 2+ sezondur oynamadı);;Hertha BSC;2022;hayır
İbrahim Akın;Emekli / kulüpsüz;emekli (TM: 2+ sezondur oynamadı);Sivasspor;Sivasspor;2015;evet
Mehmet Topuz;Emekli / kulüpsüz;emekli (TM: 2+ sezondur oynamadı);Fenerbahçe Istanbul;Fenerbahce;2015;evet
Manuel Neuer;Bayern Munich;transfermarkt;FC Bayern Munich;Bayern Munich;2025;hayır
Hürriyet Gücer;Emekli / kulüpsüz;emekli (TM: 2+ sezondur oynamadı);Gaziantepspor;Gaziantepspor (- 2020);2015;evet
Hugo Lloris;Los Angeles Football Club;transfermarkt;Los Angeles FC;Los Angeles Football Club;2025;hayır
Maicon;Emekli / kulüpsüz;emekli (TM: 2+ sezondur oynamadı);;Associazione Sportiva Roma;2015;hayır
Ali Turan;Emekli / kulüpsüz;emekli (TM: 2+ sezondur oynamadı);Konyaspor;Konyaspor;2019;evet
Álvaro Negredo;Emekli / kulüpsüz;emekli (TM: 2+ sezondur oynamadı);;Cádiz CF;2023;hayır
Miloš Krasić;Emekli / kulüpsüz;emekli (TM: 2+ sezondur oynamadı);;Fenerbahce;2014;hayır
Vágner Love;Emekli / kulüpsüz;emekli (TM: 2+ sezondur oynamadı);;FC Midtjylland;2021;hayır
Yoann Gourcuff;Emekli / kulüpsüz;emekli (TM: 2+ sezondur oynamadı);;Dijon FCO;2018;hayır
Karim Benzema;Al-Hilal Saudi Football Club;transfermarkt;;Al-Hilal Saudi Football Club;2025;hayır
Samir Nasri;Emekli / kulüpsüz;emekli (TM: 2+ sezondur oynamadı);;RSC Anderlecht;2019;hayır
Gerard Piqué;Emekli / kulüpsüz;emekli (TM: 2+ sezondur oynamadı);;FC Barcelona;2022;hayır
Giuseppe Rossi;Emekli / kulüpsüz;emekli (TM: 2+ sezondur oynamadı);ACF Fiorentina;Genoa CFC;2017;hayır
Mousa Dembélé;Emekli / kulüpsüz;emekli (TM: 2+ sezondur oynamadı);;Tottenham Hotspur;2018;hayır
Giampaolo Pazzini;Emekli / kulüpsüz;emekli (TM: 2+ sezondur oynamadı);;Hellas Verona;2019;hayır
Nemanja Vidić;Emekli / kulüpsüz;emekli (TM: 2+ sezondur oynamadı);;Inter Milan;2015;hayır
Javier Mascherano;Emekli / kulüpsüz;emekli (TM: 2+ sezondur oynamadı);;FC Barcelona;2017;hayır
Andrés Guardado;Emekli / kulüpsüz;emekli (TM: son sezon eski);;Club León FC;2024;hayır
Arda Turan;Emekli / kulüpsüz;emekli (TM: 2+ sezondur oynamadı);;Galatasaray;2021;hayır
Uğur Uçar;Emekli / kulüpsüz;emekli (TM: 2+ sezondur oynamadı);İstanbul Başakşehir F.K.;Basaksehir FK;2020;evet
Mustafa Sarp;Emekli / kulüpsüz;emekli (TM: 2+ sezondur oynamadı);;Elazigspor;2012;evet
Filipe Luís;Emekli / kulüpsüz;emekli (TM: 2+ sezondur oynamadı);;Atlético de Madrid;2018;hayır
Franck Ribéry;Emekli / kulüpsüz;emekli (TM: 2+ sezondur oynamadı);;US Salernitana 1919;2022;hayır
Diego Milito;Emekli / kulüpsüz;emekli (TM: 2+ sezondur oynamadı);;Inter Milan;2013;hayır
Júlio César;Emekli / kulüpsüz;emekli (TM: 2+ sezondur oynamadı);;SL Benfica;2017;hayır
Çağlar Birinci;Emekli / kulüpsüz;emekli (TM: 2+ sezondur oynamadı);;Akhisarspor;2014;evet
Lassana Diarra;Emekli / kulüpsüz;emekli (TM: 2+ sezondur oynamadı);Olympique de Marseille;Paris Saint-Germain;2018;hayır
Antonio Candreva;Emekli / kulüpsüz;emekli (TM: 2+ sezondur oynamadı);;US Salernitana 1919;2023;hayır
Salvatore Sirigu;Emekli / kulüpsüz;emekli (TM: 2+ sezondur oynamadı);Venezia F.C.;Fatih Karagümrük;2023;hayır
Sergio Ramos;CF Monterrey;transfermarkt;;CF Monterrey;2025;hayır
Emre Güngör;Emekli / kulüpsüz;emekli (TM: 2+ sezondur oynamadı);Eskişehirspor;Eskisehirspor;2015;evet
Lucho González;Emekli / kulüpsüz;emekli (TM: 2+ sezondur oynamadı);;FC Porto;2013;hayır
Fernandinho;Emekli / kulüpsüz;emekli (TM: 2+ sezondur oynamadı);;Manchester City;2021;hayır
Sergio Agüero;Emekli / kulüpsüz;emekli (TM: 2+ sezondur oynamadı);;FC Barcelona;2021;hayır
Jérôme Boateng;Emekli / kulüpsüz;emekli (TM: 2+ sezondur oynamadı);;US Salernitana 1919;2023;hayır
Lucas Biglia;Emekli / kulüpsüz;emekli (TM: 2+ sezondur oynamadı);;Basaksehir FK;2022;hayır
Kevin Gameiro;Emekli / kulüpsüz;emekli (TM: 2+ sezondur oynamadı);;RC Strasbourg Alsace;2023;hayır
Alex Song;Emekli / kulüpsüz;emekli (TM: 2+ sezondur oynamadı);West Ham United F.C.;FC Rubin Kazan;2017;hayır
Gary Cahill;Emekli / kulüpsüz;emekli (TM: 2+ sezondur oynamadı);;Crystal Palace;2020;hayır
Lisandro López;Emekli / kulüpsüz;emekli (TM: 2+ sezondur oynamadı);;Olympique Lyon;2013;hayır
Luka Modrić;AC Milan;transfermarkt;AC Milan;AC Milan;2025;hayır
Lionel Messi;Club Internacional de Fútbol Miami;transfermarkt (Wikidata farklı: Inter Miami CF, ama başlangıcı eski/tarihsiz);Inter Miami CF;Club Internacional de Fútbol Miami;2025;hayır
Samir Handanović;Emekli / kulüpsüz;emekli (TM: 2+ sezondur oynamadı);;Inter Milan;2022;hayır
Emrah Eren;Emekli / kulüpsüz;emekli (TM: 2+ sezondur oynamadı);;Akhisarspor;2013;evet
Edin Džeko;ACF Fiorentina;transfermarkt (Wikidata farklı: Schalke 04, ama başlangıcı eski/tarihsiz);Schalke 04;ACF Fiorentina;2025;hayır
Thiago Silva;Fluminense Football Club;transfermarkt (Wikidata farklı: Fluminense F.C., ama başlangıcı eski/tarihsiz);Fluminense F.C.;Fluminense Football Club;2025;hayır
Giorgio Chiellini;Emekli / kulüpsüz;emekli (TM: 2+ sezondur oynamadı);;Juventus FC;2021;hayır
João Moutinh0;SC Braga;transfermarkt;S.C. Braga;SC Braga;2025;hayır
Hasan Kabze;Emekli / kulüpsüz;emekli (TM: 2+ sezondur oynamadı);Sivasspor;Akhisarspor;2015;evet
Sami Khedira;Emekli / kulüpsüz;emekli (TM: 2+ sezondur oynamadı);;Hertha BSC;2020;hayır
Ergün Teber;Emekli / kulüpsüz;emekli (TM: 2+ sezondur oynamadı);Kardemir Karabükspor;Eskisehirspor;2014;evet
Yohan Cabaye;Emekli / kulüpsüz;emekli (TM: 2+ sezondur oynamadı);;AS Saint-Étienne;2019;hayır
Hakan Balta;Emekli / kulüpsüz;emekli (TM: 2+ sezondur oynamadı);Galatasaray S.K.;Galatasaray;2017;evet
Guillermo Ochoa;;transfermarkt;;;2025;hayır
José de Jesús Corona;Club Tijuana;transfermarkt (Wikidata farklı: Cruz Azul, ama başlangıcı eski/tarihsiz);Cruz Azul;Club Tijuana;2025;hayır
Łukasz Fabiański;West Ham United;transfermarkt;West Ham United F.C.;West Ham United;2025;hayır
Lars Bender;Emekli / kulüpsüz;emekli (TM: 2+ sezondur oynamadı);;Bayer 04 Leverkusen;2020;hayır
Juan Manuel Vargas;Emekli / kulüpsüz;emekli (TM: 2+ sezondur oynamadı);;Real Betis Balompié;2015;hayır
Sergio Romero;Emekli / kulüpsüz;emekli (TM: son sezon eski);;Asociación Atlética Argentinos Juniors;2024;hayır
Mikel John Obi;Emekli / kulüpsüz;emekli (TM: 2+ sezondur oynamadı);;Trabzonspor;2019;hayır
Nuri Şahin;Emekli / kulüpsüz;emekli (TM: 2+ sezondur oynamadı);;Antalyaspor;2021;hayır
Anderson;Emekli / kulüpsüz;emekli (TM: 2+ sezondur oynamadı);S.C. Internacional;Manchester United;2014;hayır
Yasin Öztekin;Emekli / kulüpsüz;emekli (TM: 2+ sezondur oynamadı);Galatasaray S.K.;Sivasspor;2020;evet
Toni Kroos;Emekli / kulüpsüz;emekli (TM: 2+ sezondur oynamadı);;Real Madrid;2023;hayır
Armando Izzo;AC Monza;wikidata (TM'de güncel kulüp yok);AC Monza;AC Monza;2024;hayır
Kadir Bekmezci;Emekli / kulüpsüz;emekli (TM: 2+ sezondur oynamadı);Antalyaspor;Antalyaspor;2015;evet
Ivan Rakitić;Emekli / kulüpsüz;emekli (TM: son sezon eski);;HNK Hajduk Split;2024;hayır
Sezer Badur;Emekli / kulüpsüz;emekli (TM: 2+ sezondur oynamadı);Antalyaspor;Antalyaspor;2015;evet
Miranda;Emekli / kulüpsüz;emekli (TM: 2+ sezondur oynamadı);;Inter Milan;2018;hayır
Antonio Valencia;Emekli / kulüpsüz;emekli (TM: 2+ sezondur oynamadı);;Manchester United;2018;hayır
Hayrettin Yerlikaya;Emekli / kulüpsüz;emekli (TM: 2+ sezondur oynamadı);;Sivasspor;2012;evet
Mehmet Yıldız;Emekli / kulüpsüz;emekli (TM: 2+ sezondur oynamadı);MKE Ankaragücü;Mersin Talimyurdu SK;2012;evet
Fábio Coentrão;Emekli / kulüpsüz;emekli (TM: 2+ sezondur oynamadı);;Rio Ave FC;2020;hayır
Guido Koçer;Emekli / kulüpsüz;emekli (TM: 2+ sezondur oynamadı);Yeni Malatyaspor;Gençlerbirliği Spor Kulübü;2015;evet
Nani;FC Aktobe;wikidata (TM'de güncel kulüp yok);FC Aktobe;CF Estrela Amadora;2024;hayır
Theo Walcott;Emekli / kulüpsüz;emekli (TM: 2+ sezondur oynamadı);;Southampton FC;2022;hayır
Mehmet Çakır;Emekli / kulüpsüz;emekli (TM: 2+ sezondur oynamadı);Samsunspor FC;Elazigspor;2012;evet
Gökhan Gönül;Emekli / kulüpsüz;emekli (TM: 2+ sezondur oynamadı);;Caykur Rizespor;2021;evet
Erhan Güven;Emekli / kulüpsüz;emekli (TM: 2+ sezondur oynamadı);;Kayseri Erciyesspor;2013;evet
Serkan Atak;Emekli / kulüpsüz;emekli (TM: 2+ sezondur oynamadı);Denizlispor;Kayseri Erciyesspor;2013;evet
José Fonte;Casa Pia AC;transfermarkt;;Casa Pia AC;2025;hayır
Sinan Bolat;KAA Gent;wikidata (TM'de güncel kulüp yok);KAA Gent;Kasimpasa;2024;evet
Asmir Begović;Leicester City F.C.;wikidata (TM'de güncel kulüp yok);Leicester City F.C.;Everton FC;2024;hayır
Blaise Matuidi;Emekli / kulüpsüz;emekli (TM: 2+ sezondur oynamadı);;Juventus FC;2019;hayır
Burhan Eşer;Emekli / kulüpsüz;emekli (TM: 2+ sezondur oynamadı);Sivasspor;Sivasspor;2015;evet
Hakan Aslantaş;Emekli / kulüpsüz;emekli (TM: 2+ sezondur oynamadı);Gençlerbirliği S.K.;Kardemir Karabükspor;2017;evet
Sokratis Papastathopoulos;Emekli / kulüpsüz;emekli (TM: 2+ sezondur oynamadı);;Real Betis Balompié;2023;hayır
Cristián Zapata;Emekli / kulüpsüz;emekli (TM: son sezon eski);;Atlético Bucaramanga;2024;hayır
Vladimir Stojković;FK Radnicki 1923 Kragujevac;transfermarkt (Wikidata farklı: FK Čukarički, ama başlangıcı eski/tarihsiz);FK Čukarički;FK Radnicki 1923 Kragujevac;2025;hayır
Adriano Correia Claro;Emekli / kulüpsüz;emekli (TM: 2+ sezondur oynamadı);;KAS Eupen;2020;hayır
Marek Suchý;FK Mladá Boleslav;wikidata (TM'de güncel kulüp yok);FK Mladá Boleslav;FK Mlada Boleslav;2024;hayır
Mario Mandžukić;Emekli / kulüpsüz;emekli (TM: 2+ sezondur oynamadı);;AC Milan;2020;hayır
Deniz Yılmaz;Emekli / kulüpsüz;emekli (TM: 2+ sezondur oynamadı);Bursaspor;Gençlerbirliği Spor Kulübü;2017;evet
Lasse Schöne;Emekli / kulüpsüz;emekli (TM: son sezon eski);;NEC Nijmegen;2024;hayır
Roberto Soldado;Emekli / kulüpsüz;emekli (TM: 2+ sezondur oynamadı);;Levante UD;2021;hayır
Volkan Yaman;Emekli / kulüpsüz;emekli (TM: 2+ sezondur oynamadı);SV Heimstetten;Kasimpasa;2013;evet
Selçuk İnan;Emekli / kulüpsüz;emekli (TM: 2+ sezondur oynamadı);Galatasaray S.K.;Galatasaray;2019;evet
İbrahim Kaş;Emekli / kulüpsüz;emekli (TM: 2+ sezondur oynamadı);Karşıyaka S.K.;Elazigspor;2013;evet
Axel Witsel;Girona FC;transfermarkt (Wikidata farklı: OGC Nice, ama başlangıcı eski/tarihsiz);OGC Nice;Girona FC;2025;hayır
Marco Reus;Los Angeles Galaxy;transfermarkt (Wikidata farklı: LA Galaxy, ama başlangıcı eski/tarihsiz);LA Galaxy;Los Angeles Galaxy;2025;hayır
İbrahim Dağaşan;Emekli / kulüpsüz;emekli (TM: 2+ sezondur oynamadı);Adana Demirspor;Kayserispor;2015;evet
Serdar Kurtuluş;Emekli / kulüpsüz;emekli (TM: 2+ sezondur oynamadı);Beşiktaş J.K.;Bursaspor;2017;evet
David Silva;Emekli / kulüpsüz;emekli (TM: 2+ sezondur oynamadı);;Real Sociedad;2022;hayır
Murat Yıldırım;Emekli / kulüpsüz;emekli (TM: 2+ sezondur oynamadı);Gaziantep F.K.;Gençlerbirliği Spor Kulübü;2020;evet
Fernando Llorente;Emekli / kulüpsüz;emekli (TM: 2+ sezondur oynamadı);;Udinese Calcio;2020;hayır
Mesut Özil;Emekli / kulüpsüz;emekli (TM: 2+ sezondur oynamadı);;Basaksehir FK;2022;hayır
Carlos Vela;Emekli / kulüpsüz;emekli (TM: 2+ sezondur oynamadı);;Real Sociedad;2017;hayır
Ezequiel Garay;Emekli / kulüpsüz;emekli (TM: 2+ sezondur oynamadı);;Valencia CF;2019;hayır
Dušan Tadić;N.E.C.;wikidata (TM'de güncel kulüp yok);N.E.C.;Fenerbahce;2024;hayır
Olcay Şahan;Emekli / kulüpsüz;emekli (TM: 2+ sezondur oynamadı);Beşiktaş J.K.;Yeni Malatyaspor;2020;evet
Javi García;Emekli / kulüpsüz;emekli (TM: 2+ sezondur oynamadı);;Boavista FC;2021;hayır
Nikola Kalinić;Emekli / kulüpsüz;emekli (TM: 2+ sezondur oynamadı);;Hellas Verona;2021;hayır
Colin Kâzım-Richards;Emekli / kulüpsüz;emekli (TM: 2+ sezondur oynamadı);Coritiba F.C.;Fatih Karagümrük;2022;evet
Branislav Ivanović;Emekli / kulüpsüz;emekli (TM: 2+ sezondur oynamadı);;West Bromwich Albion;2020;hayır
İlhan Parlak;Emekli / kulüpsüz;emekli (TM: 2+ sezondur oynamadı);Gaziantepspor;Kayserispor;2022;evet
Aydın Toscalı;Emekli / kulüpsüz;emekli (TM: 2+ sezondur oynamadı);;Mersin Talimyurdu SK;2012;evet
Ceyhun Gülselam;Emekli / kulüpsüz;emekli (TM: 2+ sezondur oynamadı);Hannover 96;Altay SK;2021;evet
Alexandre Pato;Emekli / kulüpsüz;emekli (TM: 2+ sezondur oynamadı);;Villarreal CF;2016;hayır
Dimitri Payet;Emekli / kulüpsüz;emekli (TM: son sezon eski);;Club de Regatas Vasco da Gama;2024;hayır
Arturo Vidal;Club Social y Deportivo Colo-Colo;wikidata (TM'de güncel kulüp yok);Club Social y Deportivo Colo-Colo;;2025;hayır
Aykut Demir;Emekli / kulüpsüz;emekli (TM: 2+ sezondur oynamadı);Trabzonspor;Ankaraspor;2016;evet
Aydın Yılmaz;Emekli / kulüpsüz;emekli (TM: 2+ sezondur oynamadı);Kasımpaşa S.K.;Kasimpasa;2015;evet
Mehmet Güven;Emekli / kulüpsüz;emekli (TM: 2+ sezondur oynamadı);Ankaraspor;Ankaraspor;2017;evet
Dejan Lovren;Panthessalonikios Athlitikos Omilos Konstantinoupoliton;transfermarkt (Wikidata farklı: PAOK FC, ama başlangıcı eski/tarihsiz);PAOK FC;Panthessalonikios Athlitikos Omilos Konstantinoupoliton;2025;hayır
Aydın Karabulut;Emekli / kulüpsüz;emekli (TM: 2+ sezondur oynamadı);Gençlerbirliği S.K.;MKE Ankaragücü;2019;evet
Kamil Grosicki;Pogon Szczecin;transfermarkt;Pogoń Szczecin;Pogon Szczecin;2025;hayır
Hugo Rodallega;Independiente Santa Fe;transfermarkt;Independiente Santa Fe;Independiente Santa Fe;2025;hayır
Martin Olsson;Malmö FF;wikidata (TM'de güncel kulüp yok);Malmö FF;Malmö Fotbollförening;2024;hayır
Kenan Özer;Adana Demirspor;wikidata (TM'de güncel kulüp yok);Adana Demirspor;Bodrum FK;2024;evet
Robert Lewandowski;FC Barcelona;transfermarkt (Wikidata farklı: Chicago Fire FC, ama başlangıcı eski/tarihsiz);Chicago Fire FC;FC Barcelona;2025;hayır
Mevlüt Erdinç;Emekli / kulüpsüz;emekli (TM: 2+ sezondur oynamadı);FC Metz;Fatih Karagümrük;2020;evet
Marek Hamšík;Emekli / kulüpsüz;emekli (TM: 2+ sezondur oynamadı);;Trabzonspor;2022;hayır
Fernando Gago;Emekli / kulüpsüz;emekli (TM: 2+ sezondur oynamadı);;Valencia CF;2012;hayır
Kei Kamara;Minnesota United FC;wikidata (TM'de güncel kulüp yok);Minnesota United FC;Football Club Cincinnati;2024;hayır
Radamel Falcao;Millonarios FC;transfermarkt;Millonarios;Millonarios FC;2025;hayır
Gonzalo Higuaín;Emekli / kulüpsüz;emekli (TM: 2+ sezondur oynamadı);;Juventus FC;2019;hayır
Tunay Torun;Emekli / kulüpsüz;emekli (TM: 2+ sezondur oynamadı);Kasımpaşa S.K.;Kasimpasa;2022;evet
Caner Erkin;Fenerbahçe Istanbul;wikidata (TM'de güncel kulüp yok);Fenerbahçe Istanbul;Eyüpspor;2024;hayır
Gareth Bale;Emekli / kulüpsüz;emekli (TM: 2+ sezondur oynamadı);;Real Madrid;2021;hayır
Marouane Fellaini;Emekli / kulüpsüz;emekli (TM: 2+ sezondur oynamadı);;Manchester United;2018;hayır
Mehmet Ekici;Emekli / kulüpsüz;emekli (TM: 2+ sezondur oynamadı);Trabzonspor;Fenerbahce;2019;evet
Mats Hummels;Emekli / kulüpsüz;emekli (TM: son sezon eski);;Associazione Sportiva Roma;2024;hayır
Leonardo Bonucci;Emekli / kulüpsüz;emekli (TM: 2+ sezondur oynamadı);;Fenerbahce;2023;hayır
Alaixys Romao;Stade de Reims;wikidata (TM'de güncel kulüp yok);Stade de Reims;Athens Kallithea;2024;hayır
Joe Hart;Emekli / kulüpsüz;emekli (TM: 2+ sezondur oynamadı);;Celtic FC;2023;hayır
Demba Ba;Emekli / kulüpsüz;emekli (TM: 2+ sezondur oynamadı);;Basaksehir FK;2020;hayır
Borja Valero;Emekli / kulüpsüz;emekli (TM: 2+ sezondur oynamadı);Centro Histórico de Lebowski;ACF Fiorentina;2020;hayır
Alexis Sánchez;Sevilla FC;transfermarkt (Wikidata farklı: CF Montréal, ama başlangıcı eski/tarihsiz);CF Montréal;Sevilla FC;2025;hayır
Ryan Bertrand;Emekli / kulüpsüz;emekli (TM: 2+ sezondur oynamadı);;Leicester City;2022;hayır
Milan Badelj;Emekli / kulüpsüz;emekli (TM: son sezon eski);;Genoa CFC;2024;hayır
Mathieu Valbuena;St. Lucia F.C.;wikidata (TM'de güncel kulüp yok);St. Lucia F.C.;Athens Kallithea;2024;hayır
Neven Subotić;Emekli / kulüpsüz;emekli (TM: 2+ sezondur oynamadı);South Florida Bulls men's soccer;Denizlispor;2020;hayır
Marko Arnautović;Red Star Belgrade;transfermarkt (Wikidata farklı: FK Crvena zvezda, ama başlangıcı eski/tarihsiz);FK Crvena zvezda;Red Star Belgrade;2025;hayır
Radja Nainggolan;Emekli / kulüpsüz;emekli (TM: 2+ sezondur oynamadı);Bhayangkara F.C.;Royal Antwerp FC;2022;hayır
Yann Sommer;Inter Milan;transfermarkt (Wikidata farklı: Club Brugge K.V., ama başlangıcı eski/tarihsiz);Club Brugge K.V.;Inter Milan;2025;hayır
Artur Jędrzejczyk;Legia Warszawa;transfermarkt;;Legia Warszawa;2025;hayır
Jonny Evans;Emekli / kulüpsüz;emekli (TM: son sezon eski);;Manchester United;2024;hayır
Ivan Perišić;PSV Eindhoven;transfermarkt;PSV Eindhoven;PSV Eindhoven;2025;hayır
Toby Alderweireld;Emekli / kulüpsüz;emekli (TM: son sezon eski);;Royal Antwerp FC;2024;hayır
Taijo Teniste;Sogndal Fotball;wikidata (TM'de güncel kulüp yok);Sogndal Fotball;;2025;hayır
Konstantin Vassiljev;;transfermarkt;;;2025;hayır
Jan Vertonghen;Emekli / kulüpsüz;emekli (TM: son sezon eski);;RSC Anderlecht;2024;hayır
Ömer Toprak;Emekli / kulüpsüz;emekli (TM: 2+ sezondur oynamadı);;Antalyaspor;2023;hayır
Adam Lallana;Emekli / kulüpsüz;emekli (TM: son sezon eski);;Southampton FC;2024;hayır
Javi Martínez;Emekli / kulüpsüz;emekli (TM: 2+ sezondur oynamadı);;Bayern Munich;2020;hayır
Wojciech Szczęsny;FC Barcelona;transfermarkt;FC Barcelona;FC Barcelona;2025;hayır
Juan Mata Pata;Melbourne Victory;transfermarkt;Melbourne Victory FC;Melbourne Victory;2025;hayır
Marc Pujol;;transfermarkt;;;2025;hayır
Sergi Moreno;Inter Club d'Escaldes;wikidata (TM'de güncel kulüp yok);Inter Club d'Escaldes;;2025;hayır
Miralem Pjanić;Emekli / kulüpsüz;emekli (TM: son sezon eski);;PFK CSKA Moskva;2024;hayır
Luis Suárez;Club Internacional de Fútbol Miami;transfermarkt (Wikidata farklı: Inter Miami CF, ama başlangıcı eski/tarihsiz);Inter Miami CF;Club Internacional de Fútbol Miami;2025;hayır
Roman Eremenko;Emekli / kulüpsüz;emekli (TM: 2+ sezondur oynamadı);IF Gnistan;FK Rostov;2020;hayır
Mehmet Topal;Emekli / kulüpsüz;emekli (TM: 2+ sezondur oynamadı);;Beşiktaş Jimnastik Kulübü;2021;evet
Marcelo Vieira;Emekli / kulüpsüz;emekli (TM: 2+ sezondur oynamadı);;Olympiakos Syndesmos Filathlon Peiraios;2022;hayır
Cem Can;Emekli / kulüpsüz;emekli (TM: 2+ sezondur oynamadı);Kayserispor;Kayserispor;2015;evet
Claudio Marchisio;Emekli / kulüpsüz;emekli (TM: 2+ sezondur oynamadı);;AO FK Zenit Sankt-Peterburg;2018;hayır
Diego Costa;Emekli / kulüpsüz;emekli (TM: 2+ sezondur oynamadı);;Wolverhampton Wanderers;2022;hayır
Uğur Demirok;Emekli / kulüpsüz;emekli (TM: 2+ sezondur oynamadı);Ankaraspor;Kayserispor;2021;evet
Mehmet Eren Boyraz;Emekli / kulüpsüz;emekli (TM: 2+ sezondur oynamadı);Sidespor;Antalyaspor;2012;evet
Ersan Gülüm;Emekli / kulüpsüz;emekli (TM: 2+ sezondur oynamadı);Hebei F.C.;Antalyaspor;2020;evet
Anıl Taşdemir;Emekli / kulüpsüz;emekli (TM: 2+ sezondur oynamadı);Adana Demirspor;Akhisarspor;2012;evet
Serdar Aziz;Emekli / kulüpsüz;emekli (TM: son sezon eski);;Fenerbahce;2024;evet
Murat Duruer;Emekli / kulüpsüz;emekli (TM: 2+ sezondur oynamadı);Çaykur Rizespor;Gençlerbirliği Spor Kulübü;2017;evet
Özer Hurmacı;Emekli / kulüpsüz;emekli (TM: 2+ sezondur oynamadı);Trabzonspor;Erzurumspor FK;2018;evet
Rui Patrício;Emekli / kulüpsüz;emekli (TM: son sezon eski);;Atalanta BC;2024;hayır
Medhi Benatia;Emekli / kulüpsüz;emekli (TM: 2+ sezondur oynamadı);;Fatih Karagümrük;2021;hayır
Mario Balotelli;Al-Ittifaq F. C.;wikidata (TM'de güncel kulüp yok);Al-Ittifaq F. C.;Genoa CFC;2024;hayır
Grzegorz Krychowiak;Emekli / kulüpsüz;emekli (TM: 2+ sezondur oynamadı);;"Футбольный клуб ""Локомотив"" Москва";2021;hayır
Cenk Gönen;Emekli / kulüpsüz;emekli (TM: 2+ sezondur oynamadı);Galatasaray S.K.;Kayserispor;2022;evet
Ángel Di María;Club Atlético Rosario Central;transfermarkt;;Club Atlético Rosario Central;2025;hayır
André Ayew;NAC Breda;transfermarkt;;NAC Breda;2025;hayır
Sercan Sararer;Emekli / kulüpsüz;emekli (TM: 2+ sezondur oynamadı);Fortuna Düsseldorf;VfB Stuttgart;2014;evet
Wayne Hennessey;Manchester City F.C.;wikidata (TM'de güncel kulüp yok);Manchester City F.C.;Nottingham Forest;2024;hayır
Éric Maxim Choupo-Moting;Red Bull New York;transfermarkt;Red Bull New York;Red Bull New York;2025;hayır
Cenk Tosun;Fatih Karagümrük;transfermarkt kadro sayfası (canlı);Beşiktaş J.K.;Kasimpasa;2025;hayır
Moussa Sissoko;Panathinaikos Athlitikos Omilos;transfermarkt (Wikidata farklı: Panathinaikos F.C., ama başlangıcı eski/tarihsiz);Panathinaikos F.C.;Panathinaikos Athlitikos Omilos;2025;hayır
Domagoj Vida;Athlitiki Enosi Konstantinoupoleos;transfermarkt (Wikidata farklı: AEK Athens F.C., ama başlangıcı eski/tarihsiz);AEK Athens F.C.;Athlitiki Enosi Konstantinoupoleos;2025;hayır
Stevan Jovetić;AEL Limassol FC;wikidata (TM'de güncel kulüp yok);AEL Limassol FC;;2025;hayır
Ibrahim Šehić;Çorum FK;wikidata (TM'de güncel kulüp yok);Çorum FK;Al-Khaleej Club (Saihat);2024;hayır
Ante Budimir;CA Osasuna;transfermarkt (Wikidata farklı: Club Atlético Osasuna, ama başlangıcı eski/tarihsiz);Club Atlético Osasuna;CA Osasuna;2025;hayır
Kamil Glik;Cracovia;transfermarkt;Cracovia;Cracovia;2025;hayır
Andrej Kramarić;TSG 1899 Hoffenheim;transfermarkt;TSG 1899 Hoffenheim;TSG 1899 Hoffenheim;2025;hayır
David Luiz;Pafos FC;wikidata (TM'de güncel kulüp yok);Pafos FC;Fortaleza Esporte Clube;2024;hayır
Teemu Pukki;Helsingin Jalkapalloklubi;wikidata (TM'de güncel kulüp yok);Helsingin Jalkapalloklubi;;2025;hayır
Daniel Sturridge;Emekli / kulüpsüz;emekli (TM: 2+ sezondur oynamadı);;Trabzonspor;2019;hayır
Sercan Yıldırım;Emekli / kulüpsüz;emekli (TM: 2+ sezondur oynamadı);Bursaspor;Bursaspor;2017;evet
Lukas Hradecky;AS Monaco;transfermarkt;AS Monaco FC;AS Monaco;2025;hayır
Andy Carroll;Emekli / kulüpsüz;emekli (TM: 2+ sezondur oynamadı);Dagenham & Redbridge F.C.;Newcastle United;2020;hayır
Artem Dzyuba;Akron Togliatti;transfermarkt (Wikidata farklı: FC Akron Tolyatti, ama başlangıcı eski/tarihsiz);FC Akron Tolyatti;Akron Togliatti;2025;hayır
Edinson Cavani;Club Atlético Boca Juniors;transfermarkt;;Club Atlético Boca Juniors;2025;hayır
Albin Ekdal;Emekli / kulüpsüz;emekli (TM: son sezon eski);;Djurgårdens Idrottsförening;2024;hayır
Georginio Wijnaldum;Al-Ettifaq Football Club;transfermarkt (Wikidata farklı: Al Ittihad FC, ama başlangıcı eski/tarihsiz);Al Ittihad FC;Al-Ettifaq Football Club;2025;hayır
Roberto Rosales;Academia Puerto Cabello;wikidata (TM'de güncel kulüp yok);Academia Puerto Cabello;;2025;hayır
Serdar Kesimal;Emekli / kulüpsüz;emekli (TM: 2+ sezondur oynamadı);Fenerbahçe Istanbul;Akhisarspor;2016;evet
Aaron Ramsey;UNAM Pumas;transfermarkt;;UNAM Pumas;2025;hayır
Danny Rose;Emekli / kulüpsüz;emekli (TM: 2+ sezondur oynamadı);;Watford FC;2021;hayır
Kosta Barbarouses;Western Sydney Wanderers;transfermarkt (Wikidata farklı: Melbourne Victory FC, ama başlangıcı eski/tarihsiz);Melbourne Victory FC;Western Sydney Wanderers;2025;hayır
Christian Benteke;Al-Wahda S.C.C.;wikidata (TM'de güncel kulüp yok);Al-Wahda S.C.C.;D.C. United;2024;hayır
Eden Hazard;Emekli / kulüpsüz;emekli (TM: 2+ sezondur oynamadı);;Real Madrid;2022;hayır
Fiodor Smolov;Emekli / kulüpsüz;emekli (TM: son sezon eski);;FK Krasnodar;2024;hayır
Deniz Kadah;Emekli / kulüpsüz;emekli (TM: 2+ sezondur oynamadı);Çaykur Rizespor;Altay SK;2021;evet
Anthony Modeste;Emekli / kulüpsüz;emekli (TM: 2+ sezondur oynamadı);;1.FC Köln;2022;hayır
Ezequiel Lavezzi;Emekli / kulüpsüz;emekli (TM: 2+ sezondur oynamadı);;Paris Saint-Germain;2015;hayır
Efecan Karaca;Kartal S.K.;wikidata (CSV'deki kulübün güncel kadrosunda yok);Kartal S.K.;Alanyaspor;2025;evet
Ömer Şişmanoğlu;Emekli / kulüpsüz;emekli (TM: 2+ sezondur oynamadı);Antalyaspor;Erzurumspor FK;2020;evet
Javier Hernández;Deportivo Guadalajara;transfermarkt (Wikidata farklı: Atlético Dallas, ama başlangıcı eski/tarihsiz);Atlético Dallas;Deportivo Guadalajara;2025;hayır
Johnny Placide;SC Bastia;transfermarkt;;SC Bastia;2025;hayır
Héctor Moreno;CF Monterrey;transfermarkt;;CF Monterrey;2025;hayır
Pablo Edson Barrera;Querétaro FC;transfermarkt;Querétaro F.C.;Querétaro FC;2025;hayır
Peter Pekarík;Hertha BSC II;wikidata (TM'de güncel kulüp yok);Hertha BSC II;;2025;hayır
Aleksandar Mitrovic;Al-Rayyan;wikidata (TM'de güncel kulüp yok);Al-Rayyan;;2025;hayır
Joe Allen;;transfermarkt;;;2025;hayır
Mateo Kovačić;Manchester City;transfermarkt;Manchester City F.C.;Manchester City;2025;hayır
Ermin Bičakčić;TSG 1899 Hoffenheim;wikidata (TM'de güncel kulüp yok);TSG 1899 Hoffenheim;;2025;hayır
Mert Günok;Fenerbahçe;transfermarkt kadro sayfası (canlı);Fenerbahçe Istanbul;Beşiktaş Jimnastik Kulübü;2025;evet
Volkan Babacan;Başakşehir;transfermarkt kadro sayfası (canlı);İstanbul Başakşehir F.K.;Basaksehir FK;2025;evet
Özgür Çek;Emekli / kulüpsüz;emekli (TM: 2+ sezondur oynamadı);Alanyaspor;Denizlispor;2020;evet
Batuhan Karadeniz;Emekli / kulüpsüz;emekli (TM: 2+ sezondur oynamadı);FC St. Gallen;Sivasspor;2015;evet
Güray Vural;Antalyaspor;transfermarkt kadro sayfası (canlı);Trabzonspor;Antalyaspor;2025;evet
Sebastian Giovinco;Emekli / kulüpsüz;emekli (TM: 2+ sezondur oynamadı);;UC Sampdoria;2021;hayır
Willian;Grêmio Foot-Ball Porto Alegrense;transfermarkt (Wikidata farklı: Grêmio FBPA, ama başlangıcı eski/tarihsiz);Grêmio FBPA;Grêmio Foot-Ball Porto Alegrense;2025;hayır
Hernanes;Emekli / kulüpsüz;emekli (TM: 2+ sezondur oynamadı);;Juventus FC;2016;hayır
Kevin Kampl;RB Leipzig;transfermarkt (Wikidata farklı: Bayer 04 Leverkusen, ama başlangıcı eski/tarihsiz);Bayer 04 Leverkusen;RB Leipzig;2025;hayır
Carlos Zambrano;Eintracht Frankfurt;wikidata (TM'de güncel kulüp yok);Eintracht Frankfurt;;2025;hayır
Erman Kılıç;Emekli / kulüpsüz;emekli (TM: 2+ sezondur oynamadı);Antalyaspor;Antalyaspor;2015;evet
İlkay Gündoğan;Galatasaray;transfermarkt kadro sayfası (canlı);Galatasaray S.K.;Manchester City;2025;hayır
Adem Büyük;Emekli / kulüpsüz;emekli (TM: 2+ sezondur oynamadı);Kasımpaşa S.K.;Yeni Malatyaspor;2021;evet
Ramires;Emekli / kulüpsüz;emekli (TM: 2+ sezondur oynamadı);;Chelsea FC;2015;hayır
Gökhan Süzen;Emekli / kulüpsüz;emekli (TM: 2+ sezondur oynamadı);Sivasspor;Sivasspor;2015;evet
Mahmut Tekdemir;Emekli / kulüpsüz;emekli (TM: 2+ sezondur oynamadı);İstanbul Başakşehir F.K.;Basaksehir FK;2023;evet
Iker Muníain;Emekli / kulüpsüz;emekli (TM: son sezon eski);;Club Atlético San Lorenzo de Almagro;2024;hayır
Tommy Smith;Colorado Rapids;wikidata (TM'de güncel kulüp yok);Colorado Rapids;;2025;hayır
Ilija Nestorovski;Slaven Belupo Koprivnica;transfermarkt (Wikidata farklı: Palermo F.C., ama başlangıcı eski/tarihsiz);Palermo F.C.;Slaven Belupo Koprivnica;2025;hayır
Holger Badstuber;Emekli / kulüpsüz;emekli (TM: 2+ sezondur oynamadı);;VfB Stuttgart;2018;hayır
Steven Vitória;G.D. Chaves;wikidata (TM'de güncel kulüp yok);G.D. Chaves;Boavista FC;2024;hayır
Nicolás Otamendi;Club Atlético River Plate;transfermarkt;Club Atlético River Plate;Club Atlético River Plate;2025;hayır
Matteo Darmian;Inter Milan;transfermarkt;;Inter Milan;2025;hayır
Diego Godín;Emekli / kulüpsüz;emekli (TM: 2+ sezondur oynamadı);;Cagliari Calcio;2021;hayır
Diego Perotti;Emekli / kulüpsüz;emekli (TM: 2+ sezondur oynamadı);;US Salernitana 1919;2021;hayır
Javier Pastore;Emekli / kulüpsüz;emekli (TM: 2+ sezondur oynamadı);;Elche CF;2022;hayır
Denis Glushakov;FC Spartak Kostroma;wikidata (TM'de güncel kulüp yok);FC Spartak Kostroma;FC Khimki (-2025);2024;hayır
Barış Başdaş;Emekli / kulüpsüz;emekli (TM: 2+ sezondur oynamadı);Adana Demirspor;Yeni Malatyaspor;2021;evet
Hasan Ali Kaldırım;Fenerbahçe Istanbul;wikidata (TM'de güncel kulüp yok);Fenerbahçe Istanbul;Kayserispor;2024;evet
Nordin Amrabat;Almere City FC;wikidata (TM'de güncel kulüp yok);Almere City FC;Athlitiki Enosi Konstantinoupoleos;2024;hayır
Murat Ceylan;Emekli / kulüpsüz;emekli (TM: 2+ sezondur oynamadı);Mersin İdmanyurdu;Mersin Talimyurdu SK;2015;evet
Henrikh Mkhitaryan;Inter Milan;transfermarkt;Inter Milan;Inter Milan;2025;hayır
Giray Kaçar;Emekli / kulüpsüz;emekli (TM: 2+ sezondur oynamadı);Göztepe S.K.;Caykur Rizespor;2014;evet
Guram Kashia;ŠK Slovan Bratislava;wikidata (TM'de güncel kulüp yok);ŠK Slovan Bratislava;;2025;hayır
Giorgi Loria;FC Krylia Sovetov Samara;wikidata (TM'de güncel kulüp yok);FC Krylia Sovetov Samara;;2025;hayır
Enzo Nicolás Pérez;Asociación Atlética Argentinos Juniors;transfermarkt (Wikidata farklı: Deportivo Maipú, ama başlangıcı eski/tarihsiz);Deportivo Maipú;Asociación Atlética Argentinos Juniors;2025;hayır
Leon Balogun;1. FSV Mainz 05;wikidata (TM'de güncel kulüp yok);1. FSV Mainz 05;Rangers FC;2024;hayır
Bas Dost;Emekli / kulüpsüz;emekli (TM: 2+ sezondur oynamadı);;NEC Nijmegen;2023;hayır
Hurşut Meriç;Emekli / kulüpsüz;emekli (TM: 2+ sezondur oynamadı);Bandırmaspor;Caykur Rizespor;2013;evet
Volkan Şen;Emekli / kulüpsüz;emekli (TM: 2+ sezondur oynamadı);Fenerbahçe Istanbul;Adana Demirspor;2022;evet
Dries Mertens;Emekli / kulüpsüz;emekli (TM: son sezon eski);;Galatasaray;2024;hayır
Sefa Yılmaz;Emekli / kulüpsüz;emekli (TM: 2+ sezondur oynamadı);Trabzonspor;Sivasspor;2021;evet
Yiğit Gökoğlan;Emekli / kulüpsüz;emekli (TM: 2+ sezondur oynamadı);Balıkesirspor;Akhisarspor;2014;evet
Ferhat Kiraz;Emekli / kulüpsüz;emekli (TM: 2+ sezondur oynamadı);Kasımpaşa S.K.;Kasimpasa;2016;evet
Onur Kıvrak;Emekli / kulüpsüz;emekli (TM: 2+ sezondur oynamadı);Trabzonspor;Trabzonspor;2018;evet
Adrien Silva;Emekli / kulüpsüz;emekli (TM: 2+ sezondur oynamadı);;Rio Ave FC;2023;hayır
Morgan Schneiderlin;Emekli / kulüpsüz;emekli (TM: 2+ sezondur oynamadı);;Athlitiki Enosi Kifisias;2023;hayır
Bibras Natcho;FK Partizan Belgrade;transfermarkt;FK Partizan;FK Partizan Belgrade;2025;hayır
Péter Gulácsi;RB Leipzig;transfermarkt (Wikidata farklı: Villarreal CF, ama başlangıcı eski/tarihsiz);Villarreal CF;RB Leipzig;2025;hayır
Paulinho;Emekli / kulüpsüz;emekli (TM: 2+ sezondur oynamadı);;FC Barcelona;2017;hayır
Giacomo Bonaventura;Emekli / kulüpsüz;emekli (TM: son sezon eski);;Al-Shabab Club;2024;hayır
Mohamed Youssouf;;transfermarkt;;;2025;hayır
César Azpilicueta;Sevilla FC;transfermarkt;;Sevilla FC;2025;hayır
Furkan Özçal;Emekli / kulüpsüz;emekli (TM: 2+ sezondur oynamadı);Kayserispor;Ankaraspor;2017;evet
Fernando Muslera;Club Estudiantes de La Plata;transfermarkt;Estudiantes de La Plata;Club Estudiantes de La Plata;2025;hayır
André Schürrle;Emekli / kulüpsüz;emekli (TM: 2+ sezondur oynamadı);;FK Spartak Moskva;2019;hayır
Thomas Müller;Vancouver Whitecaps FC;transfermarkt;Vancouver Whitecaps FC;Vancouver Whitecaps FC;2025;hayır
Mehmet Batdal;Emekli / kulüpsüz;emekli (TM: 2+ sezondur oynamadı);İstanbul Başakşehir F.K.;Ankaraspor;2017;evet
Gökhan Değirmenci;Kayserispor;transfermarkt kadro sayfası (canlı);Göztepe S.K.;Kocaelispor;2025;evet
Mustafa Pektemek;Emekli / kulüpsüz;emekli (TM: 2+ sezondur oynamadı);Beşiktaş J.K.;Kayserispor;2022;evet
Turgut Doğan Şahin;Emekli / kulüpsüz;emekli (TM: 2+ sezondur oynamadı);Gençlerbirliği S.K.;Yeni Malatyaspor;2017;evet
İbrahim Öztürk;Emekli / kulüpsüz;emekli (TM: 2+ sezondur oynamadı);Sivasspor;Altay SK;2021;evet
Sezgin Coşkun;Emekli / kulüpsüz;emekli (TM: 2+ sezondur oynamadı);Eskişehirspor;Eskisehirspor;2015;evet
Eren Güngör;Emekli / kulüpsüz;emekli (TM: 2+ sezondur oynamadı);;Kardemir Karabükspor;2014;evet
Pierre-Emerick Aubameyang;Olympique Marseille;transfermarkt (Wikidata farklı: Deportivo de A Coruña, ama başlangıcı eski/tarihsiz);Deportivo de A Coruña;Olympique Marseille;2025;hayır
Gökhan Emreciksin;Emekli / kulüpsüz;emekli (TM: 2+ sezondur oynamadı);Cizrespor;Elazigspor;2012;evet
Nacho;Al-Qadsiah Saudi Football Club;transfermarkt;Al Qadsiah FC;Al-Qadsiah Saudi Football Club;2025;hayır
Yevhen Konoplyanka;Emekli / kulüpsüz;emekli (TM: 2+ sezondur oynamadı);;FC Shakhtar Donetsk;2021;hayır
Junior Hoilett;Hibernian FC;transfermarkt (Wikidata farklı: Swindon Town F.C., ama başlangıcı eski/tarihsiz);Swindon Town F.C.;Hibernian FC;2025;hayır
David Alaba;Real Madrid;transfermarkt (Wikidata farklı: Udinese Calcio, ama başlangıcı eski/tarihsiz);Udinese Calcio;Real Madrid;2025;hayır
Aleksandar Dragović;Austria Vienna;transfermarkt (Wikidata farklı: Bayer 04 Leverkusen, ama başlangıcı eski/tarihsiz);Bayer 04 Leverkusen;Austria Vienna;2025;hayır
Oleksandr Karavayev;Dynamo Kyiv;transfermarkt;FC Dynamo Kyiv;Dynamo Kyiv;2025;hayır
Cristhian Stuani;Girona FC;transfermarkt;Girona FC;Girona FC;2025;hayır
Asier Illarramendi;Emekli / kulüpsüz;emekli (TM: 2+ sezondur oynamadı);;Real Sociedad;2022;hayır
Alyaksandr Martynovich;FC Kairat;wikidata (TM'de güncel kulüp yok);FC Kairat;;2025;hayır
David de Gea;ACF Fiorentina;transfermarkt;ACF Fiorentina;ACF Fiorentina;2025;hayır
Dani Parejo;Villarreal CF;transfermarkt;;Villarreal CF;2025;hayır
Victor Moses;Emekli / kulüpsüz;emekli (TM: 2+ sezondur oynamadı);FC Kaisar;FK Spartak Moskva;2023;hayır
Eren Albayrak;Emekli / kulüpsüz;emekli (TM: 2+ sezondur oynamadı);İstanbul Başakşehir F.K.;Antalyaspor;2021;evet
Taras Stepanenko;Kolos Kovalivka;transfermarkt;;Kolos Kovalivka;2025;hayır
Marcos Acuña;Club Atlético River Plate;transfermarkt (Wikidata farklı: Boca Juniors, ama başlangıcı eski/tarihsiz);Boca Juniors;Club Atlético River Plate;2025;hayır
Thiago Alcântara;Emekli / kulüpsüz;emekli (TM: 2+ sezondur oynamadı);;Liverpool FC;2023;hayır
Jonathan dos Santos;CF América;transfermarkt;;CF América;2025;hayır
Yacine Brahimi;FC Porto;wikidata (TM'de güncel kulüp yok);FC Porto;;2025;hayır
Anthony Lopez;FC Nantes;transfermarkt (Wikidata farklı: Angers SCO, ama başlangıcı eski/tarihsiz);Angers SCO;FC Nantes;2025;hayır
Yann M'Vila;Emekli / kulüpsüz;emekli (TM: 2+ sezondur oynamadı);A.S.D. Sanremese;Olympiakos Syndesmos Filathlon Peiraios;2022;hayır
Nicolas Nkoulou;Emekli / kulüpsüz;emekli (TM: 2+ sezondur oynamadı);;Gaziantep FK;2023;hayır
Semih Kaya;Emekli / kulüpsüz;emekli (TM: 2+ sezondur oynamadı);Galatasaray S.K.;Yeni Malatyaspor;2021;evet
Karim Bellarabi;Emekli / kulüpsüz;emekli (TM: 2+ sezondur oynamadı);;Bayer 04 Leverkusen;2022;hayır
José Callejón;Emekli / kulüpsüz;emekli (TM: 2+ sezondur oynamadı);;Granada CF;2023;hayır
Milan Mijatović;Sanat Mes Kerman F.C.;wikidata (TM'de güncel kulüp yok);Sanat Mes Kerman F.C.;;2025;hayır
Matteo Vitaioli;;transfermarkt;;;2025;hayır
Jordan Henderson;Brentford FC;transfermarkt (Wikidata farklı: Chelsea F.C., ama başlangıcı eski/tarihsiz);Chelsea F.C.;Brentford FC;2025;hayır
Yuri Berchiche;Athletic Bilbao;transfermarkt;Athletic Club;Athletic Bilbao;2025;hayır
Yekta Kurtuluş;Emekli / kulüpsüz;emekli (TM: 2+ sezondur oynamadı);Antalyaspor;Antalyaspor;2019;evet
Josh Magennis;Kilmarnock F.C.;wikidata (TM'de güncel kulüp yok);Kilmarnock F.C.;;2025;hayır
Daniel Wass;Bröndby IF;transfermarkt (Wikidata farklı: Brøndby IF, ama başlangıcı eski/tarihsiz);Brøndby IF;Bröndby IF;2025;hayır
Kwadwo Asamoah;Emekli / kulüpsüz;emekli (TM: 2+ sezondur oynamadı);;Cagliari Calcio;2020;hayır
Aron Gunnarsson;Qatar SC;wikidata (TM'de güncel kulüp yok);Qatar SC;;2025;hayır
Tomáš Vaclík;Emekli / kulüpsüz;emekli (TM: son sezon eski);;Boavista FC;2024;hayır
Alexandru Chipciu;FC Universitatea Cluj;transfermarkt;FC Universitatea Cluj;FC Universitatea Cluj;2025;hayır
Néstor Araujo;CF América;transfermarkt (Wikidata farklı: Cruz Azul, ama başlangıcı eski/tarihsiz);Cruz Azul;CF América;2025;hayır
Pizzi;GD Estoril Praia;transfermarkt (Wikidata farklı: S.L. Benfica, ama başlangıcı eski/tarihsiz);S.L. Benfica;GD Estoril Praia;2025;hayır
Sunil Chhetri;Mumbai City FC;wikidata (TM'de güncel kulüp yok);Mumbai City FC;;2025;hayır
Sebastián Soria;Al-Rayyan;wikidata (TM'de güncel kulüp yok);Al-Rayyan;;2025;hayır
Sergio Busquets;Emekli / kulüpsüz;emekli (TM: son sezon eski);;Club Internacional de Fútbol Miami;2024;hayır
Pedro;Società Sportiva Lazio S.p.A.;transfermarkt;;Società Sportiva Lazio S.p.A.;2025;hayır
Josep Gómes;;transfermarkt;;;2025;hayır
Amir Abrashi;Grasshopper Club Zurich;transfermarkt;Grasshopper Club Zürich;Grasshopper Club Zurich;2025;hayır
Sergio Canales Madrazo;CF Monterrey;transfermarkt (Wikidata farklı: Racing de Santander, ama başlangıcı eski/tarihsiz);Racing de Santander;CF Monterrey;2025;hayır
Alex Teixeira;Panserraikos Serres;transfermarkt (Wikidata farklı: Inter Milan, ama başlangıcı eski/tarihsiz);Inter Milan;Panserraikos Serres;2025;hayır
Keisuke Honda;Emekli / kulüpsüz;emekli (TM: 2+ sezondur oynamadı);;Vitesse Arnhem;2019;hayır
Danny Welbeck;Brighton & Hove Albion;transfermarkt (Wikidata farklı: Chelsea F.C., ama başlangıcı eski/tarihsiz);Chelsea F.C.;Brighton & Hove Albion;2025;hayır
Vitolo;Emekli / kulüpsüz;emekli (TM: 2+ sezondur oynamadı);Atlético Madrid;Atlético de Madrid;2023;hayır
Milan Borjan;Al-Riyadh Saudi Club;transfermarkt (Wikidata farklı: PFC Ludogorets 1945, ama başlangıcı eski/tarihsiz);PFC Ludogorets 1945;Al-Riyadh Saudi Club;2025;hayır
Syarhey Palitsevich;;transfermarkt;;;2025;hayır
Steven Zuber;FC Zürich;transfermarkt (Wikidata farklı: Atromitos F.C., ama başlangıcı eski/tarihsiz);Atromitos F.C.;FC Zürich;2025;hayır
Denis Onyango;Mamelodi Sundowns F.C.;wikidata (TM'de güncel kulüp yok);Mamelodi Sundowns F.C.;;2025;hayır
Neymar;Santos Futebol Clube;transfermarkt (Wikidata farklı: Santos F.C., ama başlangıcı eski/tarihsiz);Santos F.C.;Santos Futebol Clube;2025;hayır
Séamus Coleman;Everton FC;transfermarkt;;Everton FC;2025;hayır
Abdullah Al-Hamdan;Al-Hilal Saudi Football Club;transfermarkt (Wikidata farklı: Al-Nassr, ama başlangıcı eski/tarihsiz);Al-Nassr;Al-Hilal Saudi Football Club;2025;hayır
Hariss Harun;Johor Darul Ta'zim F.C.;wikidata (TM'de güncel kulüp yok);Johor Darul Ta'zim F.C.;;2025;hayır
Mauro Icardi;Galatasaray;transfermarkt (KONTROL: kulübün güncel kadrosunda yok, yeni takımı bilinmiyor);;Galatasaray;2025;hayır
Kevin Strootman;Emekli / kulüpsüz;emekli (TM: 2+ sezondur oynamadı);;Genoa CFC;2023;hayır
Yevhen Khacheridi;Emekli / kulüpsüz;emekli (TM: son sezon eski);;Chornomorets Odesa;2024;hayır
Andriy Yarmolenko;Dynamo Kyiv;transfermarkt;FC Dynamo Kyiv;Dynamo Kyiv;2025;hayır
Adem Ljajić;FK Novi Pazar;transfermarkt (Wikidata farklı: FK Sarajevo, ama başlangıcı eski/tarihsiz);FK Sarajevo;FK Novi Pazar;2025;hayır
Christian Eriksen;VfL Wolfsburg;transfermarkt;;VfL Wolfsburg;2025;hayır
Jens Stryger Larsen;Malmö Fotbollförening;transfermarkt (Wikidata farklı: FK Austria Wien, ama başlangıcı eski/tarihsiz);FK Austria Wien;Malmö Fotbollförening;2025;hayır
Alan Dzagoev;Emekli / kulüpsüz;emekli (TM: 2+ sezondur oynamadı);;PAS Lamia 1964;2023;hayır
Chen Po-liang;Zhejiang Professional F.C.;wikidata (TM'de güncel kulüp yok);Zhejiang Professional F.C.;;2025;hayır
Jordi Alba;Emekli / kulüpsüz;emekli (TM: son sezon eski);;Club Internacional de Fútbol Miami;2024;hayır
El Fardou Ben Nabouhane;Levadiakos F.C.;wikidata (TM'de güncel kulüp yok);Levadiakos F.C.;;2025;hayır
Manuchekhr Dzhalilov;Istiqlol Dushanbe;wikidata (TM'de güncel kulüp yok);Istiqlol Dushanbe;;2025;hayır
Marcel Halstenberg;Emekli / kulüpsüz;emekli (TM: 2+ sezondur oynamadı);RB Leipzig;RB Leipzig;2022;hayır
Iago Aspas;Celta de Vigo;transfermarkt;RC Celta de Vigo;Celta de Vigo;2025;hayır
Rasmus Schüller;Vendsyssel FF;transfermarkt (Wikidata farklı: BK Häcken, ama başlangıcı eski/tarihsiz);BK Häcken;Vendsyssel FF;2025;hayır
Bernd Leno;Fulham FC;transfermarkt;Fulham F.C.;Fulham FC;2025;hayır
Nicolás Lodeiro;Emekli / kulüpsüz;emekli (TM: son sezon eski);;Houston Dynamo;2024;hayır
Mario Gaspar Pérez;Emekli / kulüpsüz;emekli (TM: 2+ sezondur oynamadı);;Villarreal CF;2021;hayır
David Ospina;Atlético Nacional;transfermarkt (Wikidata farklı: Atlante F.C., ama başlangıcı eski/tarihsiz);Atlante F.C.;Atlético Nacional;2025;hayır
Danny Drinkwater;Emekli / kulüpsüz;emekli (TM: 2+ sezondur oynamadı);;Chelsea FC;2021;hayır
Ørjan Nyland;Sevilla FC;transfermarkt (Wikidata farklı: RB Leipzig, ama başlangıcı eski/tarihsiz);RB Leipzig;Sevilla FC;2025;hayır
Lars Krogh Gerson;GIF Sundsvall;wikidata (TM'de güncel kulüp yok);GIF Sundsvall;;2025;hayır
Ramazan Köse;Emekli / kulüpsüz;emekli (TM: 2+ sezondur oynamadı);Kasımpaşa S.K.;Kasimpasa;2020;evet
Steven Nzonzi;Emekli / kulüpsüz;emekli (TM: 2+ sezondur oynamadı);USL Dunkerque;Konyaspor;2023;hayır
Duván Zapata;Torino FC;transfermarkt;Torino FC;Torino FC;2025;hayır
Sinan Osmanoğlu;Altınordu F.K.;wikidata (CSV'deki kulübün güncel kadrosunda yok);Altınordu F.K.;Gençlerbirliği Spor Kulübü;2025;evet
Camilo Vargas;Atlas Guadalajara;transfermarkt (Wikidata farklı: Argentinos Juniors, ama başlangıcı eski/tarihsiz);Argentinos Juniors;Atlas Guadalajara;2025;hayır
Jack Wilshere;Emekli / kulüpsüz;emekli (TM: 2+ sezondur oynamadı);;Aarhus GF;2021;hayır
Koke;Atlético de Madrid;transfermarkt;Atlético Madrid;Atlético de Madrid;2025;hayır
Pablo Sarabia;Al-Arabi SC;wikidata (TM'de güncel kulüp yok);Al-Arabi SC;Wolverhampton Wanderers;2024;hayır
Nemanja Gudelj;Sevilla FC;transfermarkt (Wikidata farklı: Getafe CF, ama başlangıcı eski/tarihsiz);Getafe CF;Sevilla FC;2025;hayır
Luka Milivojević;Emekli / kulüpsüz;emekli (TM: 2+ sezondur oynamadı);Shabab AlAhli Dubai Club;Crystal Palace;2022;hayır
Jackson Martínez;Emekli / kulüpsüz;emekli (TM: 2+ sezondur oynamadı);;Portimonense SC;2019;hayır
İsmail Köybaşı;Beşiktaş J.K.;wikidata (CSV'deki kulübün güncel kadrosunda yok);Beşiktaş J.K.;Göztepe;2025;evet
Nemanja Matić;US Sassuolo;transfermarkt;US Sassuolo Calcio;US Sassuolo;2025;hayır
Tarık Çamdal;Emekli / kulüpsüz;emekli (TM: 2+ sezondur oynamadı);Galatasaray S.K.;Adana Demirspor;2021;evet
Mario Götze;Eintracht Frankfurt;transfermarkt;Eintracht Frankfurt;Eintracht Frankfurt;2025;hayır
Marc-André ter Stegen;FC Barcelona;transfermarkt (Wikidata farklı: AFC Ajax, ama başlangıcı eski/tarihsiz);AFC Ajax;FC Barcelona;2025;hayır
Francis Coquelin;FC Nantes;transfermarkt (Wikidata farklı: Villarreal CF, ama başlangıcı eski/tarihsiz);Villarreal CF;FC Nantes;2025;hayır
Martin Dúbravka;Burnley FC;transfermarkt (Wikidata farklı: Tottenham Hotspur F.C., ama başlangıcı eski/tarihsiz);Tottenham Hotspur F.C.;Burnley FC;2025;hayır
Seydou Doumbia;Emekli / kulüpsüz;emekli (TM: 2+ sezondur oynamadı);;Girona FC;2018;hayır
nisola gaitani;Emekli / kulüpsüz;emekli (TM: 2+ sezondur oynamadı);S.L. Benfica;FC Paços de Ferreira;2022;hayır
Robin Olsen;Malmö Fotbollförening;transfermarkt (Wikidata farklı: BK Olympic, ama başlangıcı eski/tarihsiz);BK Olympic;Malmö Fotbollförening;2025;hayır
Yannick Bolasie;Associação Chapecoense de Futebol;transfermarkt (Wikidata farklı: Cruzeiro E.C., ama başlangıcı eski/tarihsiz);Cruzeiro E.C.;Associação Chapecoense de Futebol;2025;hayır
Douglas Costa;Al-Ittifaq F. C.;wikidata (TM'de güncel kulüp yok);Al-Ittifaq F. C.;Sydney FC;2024;hayır
Tomás Rincón;Santos Futebol Clube;transfermarkt (Wikidata farklı: Torino FC, ama başlangıcı eski/tarihsiz);Torino FC;Santos Futebol Clube;2025;hayır
Šime Vrsaljko;Emekli / kulüpsüz;emekli (TM: 2+ sezondur oynamadı);;Olympiakos Syndesmos Filathlon Peiraios;2022;hayır
Mustafa Yumlu;Erzurumspor FK;transfermarkt kadro sayfası (canlı);Trabzonspor;Denizlispor;2020;evet
Laurent Koscielny;Emekli / kulüpsüz;emekli (TM: 2+ sezondur oynamadı);;FC Girondins Bordeaux;2021;hayır
Luis Mejía;Club Nacional de Football;wikidata (TM'de güncel kulüp yok);Club Nacional de Football;;2025;hayır
Teófilo Gutiérrez;Junior FC;transfermarkt;Junior de Barranquilla;Junior FC;2025;hayır
Lucas Moura;São Paulo Futebol Clube;transfermarkt;São Paulo FC;São Paulo Futebol Clube;2025;hayır
Ozan İpek;Emekli / kulüpsüz;emekli (TM: 2+ sezondur oynamadı);Antalyaspor;Antalyaspor;2015;evet
Ehsan Hajsafi;Sepahan F.C.;wikidata (TM'de güncel kulüp yok);Sepahan F.C.;;2025;hayır
Emre Çolak;Emekli / kulüpsüz;emekli (TM: 2+ sezondur oynamadı);;Hatayspor;2021;evet
Necip Uysal;Beşiktaş;transfermarkt (KONTROL: kulübün güncel kadrosunda yok, yeni takımı bilinmiyor);Beşiktaş J.K.;Beşiktaş Jimnastik Kulübü;2025;evet
Victor Wanyama;Emekli / kulüpsüz;emekli (TM: 2+ sezondur oynamadı);Southampton F.C.;Tottenham Hotspur;2019;hayır
Etrit Berisha;BK Häcken;transfermarkt (Wikidata farklı: Empoli FC, ama başlangıcı eski/tarihsiz);Empoli FC;BK Häcken;2025;hayır
Oğuzhan Özyakup;Emekli / kulüpsüz;emekli (TM: 2+ sezondur oynamadı);Beşiktaş J.K.;Fortuna Sittardia Combinatie;2023;evet
Anthony Moris;Al-Khaleej Club (Saihat);transfermarkt (Wikidata farklı: Royale Union Saint-Gilloise, ama başlangıcı eski/tarihsiz);Royale Union Saint-Gilloise;Al-Khaleej Club (Saihat);2025;hayır
Eloy Room;;transfermarkt;;;2025;hayır
Keylor Navas;UNAM Pumas;transfermarkt (Wikidata farklı: Pumas UNAM, ama başlangıcı eski/tarihsiz);Pumas UNAM;UNAM Pumas;2025;hayır
Yūto Nagatomo;Tokyo Football Club;transfermarkt;FC Tokyo;Tokyo Football Club;2025;hayır
Alex Sandro;Clube de Regatas do Flamengo;transfermarkt;Clube de Regatas do Flamengo;Clube de Regatas do Flamengo;2025;hayır
Serdar Dursun;Gaziantep FK;transfermarkt kadro sayfası (canlı);;Kocaelispor;2025;evet
Salomón Rondón;CF Pachuca;transfermarkt;CF Pachuca;CF Pachuca;2025;hayır
Aïssa Mandi;LOSC Lille;transfermarkt (Wikidata farklı: Villarreal CF, ama başlangıcı eski/tarihsiz);Villarreal CF;LOSC Lille;2025;hayır
Josip Iličić;Emekli / kulüpsüz;emekli (TM: 2+ sezondur oynamadı);NK Maribor;Atalanta BC;2021;hayır
Philippe Coutinho;Santos F.C.;wikidata (TM'de güncel kulüp yok);Santos F.C.;Club de Regatas Vasco da Gama;2024;hayır
Stopira;Fehérvár FC;wikidata (TM'de güncel kulüp yok);Fehérvár FC;;2025;hayır
Hulk;Fluminense Football Club;transfermarkt (Wikidata farklı: Fluminense F.C., ama başlangıcı eski/tarihsiz);Fluminense F.C.;Fluminense Football Club;2025;hayır
Denis Alibec;FCSB;transfermarkt (Wikidata farklı: FC Viitorul Constanța, ama başlangıcı eski/tarihsiz);FC Viitorul Constanța;FCSB;2025;hayır
Juan Manuel Iturbe;Emekli / kulüpsüz;emekli (TM: 2+ sezondur oynamadı);Club Tijuana;Aris Thessalonikis;2022;hayır
Celso Borges;Liga Deportiva Alajuelense;wikidata (TM'de güncel kulüp yok);Liga Deportiva Alajuelense;;2025;hayır
Michael Boxall;Minnesota United FC;transfermarkt;Minnesota United FC;Minnesota United FC;2025;hayır
Shinji Kagawa;Cerezo Osaka;transfermarkt;Cerezo Osaka;Cerezo Osaka;2025;hayır
Masato Morishige;Tokyo Football Club;transfermarkt;FC Tokyo;Tokyo Football Club;2025;hayır
Maya Yoshida;Los Angeles Galaxy;transfermarkt (Wikidata farklı: LA Galaxy, ama başlangıcı eski/tarihsiz);LA Galaxy;Los Angeles Galaxy;2025;hayır
Jung Sung-ryong;Fukushima United FC;wikidata (TM'de güncel kulüp yok);Fukushima United FC;Kawasaki Frontale;2024;hayır
Ki Sung-yueng;Football Club Pohang Steelers;transfermarkt;FC Pohang Steelers;Football Club Pohang Steelers;2025;hayır
Lee Chung-yong;Incheon United Football Club;transfermarkt;Incheon United FC;Incheon United Football Club;2025;hayır
Wilfried Bony;Emekli / kulüpsüz;emekli (TM: 2+ sezondur oynamadı);;NEC Nijmegen;2021;hayır
Kevin Volland;1. FC Union Berlin;wikidata (TM'de güncel kulüp yok);1. FC Union Berlin;1.FC Union Berlin;2024;hayır
Joël Matip;Emekli / kulüpsüz;emekli (TM: 2+ sezondur oynamadı);;Liverpool FC;2023;hayır
Gökhan Töre;Emekli / kulüpsüz;emekli (TM: 2+ sezondur oynamadı);Beşiktaş J.K.;Konyaspor;2023;evet
Olivier Giroud;LOSC Lille;transfermarkt (Wikidata farklı: Lille OSC, ama başlangıcı eski/tarihsiz);Lille OSC;LOSC Lille;2025;hayır
Abdullah Durak;Emekli / kulüpsüz;emekli (TM: 2+ sezondur oynamadı);Kasımpaşa S.K.;MKE Ankaragücü;2022;evet
Hiroki Sakai;Auckland FC;transfermarkt (Wikidata farklı: Urawa Red Diamonds, ama başlangıcı eski/tarihsiz);Urawa Red Diamonds;Auckland FC;2025;hayır
İshak Doğan;Emekli / kulüpsüz;emekli (TM: 2+ sezondur oynamadı);Eskişehirspor;Kardemir Karabükspor;2017;evet
Muhammet Demir;Emekli / kulüpsüz;emekli (TM: 2+ sezondur oynamadı);Trabzonspor;Konyaspor;2023;evet
Marcelo Díaz;Club Universidad de Chile;wikidata (TM'de güncel kulüp yok);Club Universidad de Chile;;2025;hayır
Marc Vales;CE L'Hospitalet;wikidata (TM'de güncel kulüp yok);CE L'Hospitalet;;2025;hayır
Eduardo Salvio;Club Atlético Lanús;transfermarkt;Club Atlético Lanús;Club Atlético Lanús;2025;hayır
Hakan Arslan;Emekli / kulüpsüz;emekli (TM: 2+ sezondur oynamadı);Kasımpaşa S.K.;Sivasspor;2023;evet
Julian Draxler;Emekli / kulüpsüz;emekli (TM: 2+ sezondur oynamadı);Al Ahli SC;SL Benfica;2022;hayır
Nathaniel Clyne;Crystal Palace;transfermarkt;;Crystal Palace;2025;hayır
Harun Tekin;Emekli / kulüpsüz;emekli (TM: 2+ sezondur oynamadı);Fenerbahçe Istanbul;Kasimpasa;2021;evet
Isco;Real Betis Balompié;transfermarkt;Real Betis Balompié;Real Betis Balompié;2025;hayır
Soner Aydoğdu;Akhisar Belediyespor;wikidata (CSV'deki kulübün güncel kadrosunda yok);Akhisar Belediyespor;Samsunspor;2025;evet
Oscar;Emekli / kulüpsüz;emekli (TM: son sezon eski);;São Paulo Futebol Clube;2024;hayır
Yunus Mallı;Emekli / kulüpsüz;emekli (TM: 2+ sezondur oynamadı);;Konyaspor;2023;evet
Sergi Roberto;Como 1907;transfermarkt (Wikidata farklı: LA Galaxy, ama başlangıcı eski/tarihsiz);LA Galaxy;Como 1907;2025;hayır
Nico Schulz;Emekli / kulüpsüz;emekli (TM: 2+ sezondur oynamadı);Borussia Dortmund;Borussia Dortmund;2022;hayır
Antonio Rüdiger;Real Madrid;transfermarkt;;Real Madrid;2025;hayır
Hassan Al Haidos;Al Sadd Sports Club;wikidata (TM'de güncel kulüp yok);Al Sadd Sports Club;;2025;hayır
Ricardo Rodriguez;Real Betis Balompié;transfermarkt (Wikidata farklı: Torino FC, ama başlangıcı eski/tarihsiz);Torino FC;Real Betis Balompié;2025;hayır
Xherdan Shaqiri;FC Basel 1893;transfermarkt;FC Basel;FC Basel 1893;2025;hayır
Fredy;C.R.D. Libolo;wikidata (TM'de güncel kulüp yok);C.R.D. Libolo;Bodrum FK;2024;hayır
James Rodríguez;Club León FC;transfermarkt (Wikidata farklı: Atlético Nacional, ama başlangıcı eski/tarihsiz);Atlético Nacional;Club León FC;2025;hayır
Veysel Sarı;Antalyaspor;transfermarkt kadro sayfası (canlı);Kasımpaşa S.K.;Antalyaspor;2025;evet
Shkodran Mustafi;Emekli / kulüpsüz;emekli (TM: 2+ sezondur oynamadı);;Levante UD;2021;hayır
Mattia De Sciglio;Emekli / kulüpsüz;emekli (TM: son sezon eski);;FC Empoli;2024;hayır
Kevin De Bruyne;SSC Napoli;transfermarkt;SSC Napoli;SSC Napoli;2025;hayır
Yaroslav Rakitskiy;FC Shakhtar Donetsk;wikidata (TM'de güncel kulüp yok);FC Shakhtar Donetsk;Chornomorets Odesa;2024;hayır
Jóhann Berg Guðmundsson;Burnley F.C.;wikidata (TM'de güncel kulüp yok);Burnley F.C.;;2025;hayır
Charles Aránguiz;Club Universidad de Chile;wikidata (TM'de güncel kulüp yok);Club Universidad de Chile;;2025;hayır
Eduardo Vargas;Club Nacional de Football;wikidata (TM'de güncel kulüp yok);Club Nacional de Football;;2025;hayır
Gylfi Sigurðsson;Emekli / kulüpsüz;emekli (TM: 2+ sezondur oynamadı);Knattspyrnufélagið Víkingur;Lyngby Boldklub;2023;hayır
Eliaquim Mangala;G.D. Estoril Praia;wikidata (TM'de güncel kulüp yok);G.D. Estoril Praia;GD Estoril Praia;2024;hayır
Yiğit İncedemir;Emekli / kulüpsüz;emekli (TM: 2+ sezondur oynamadı);Sivasspor;Sivasspor;2015;evet
Musa Çağıran;Emekli / kulüpsüz;emekli (TM: 2+ sezondur oynamadı);Ankaraspor;Hatayspor;2023;evet
Joshua King;Al-Khaleej Club (Saihat);transfermarkt;Al-Khaleej FC;Al-Khaleej Club (Saihat);2025;hayır
Son Heung-min;Los Angeles Football Club;transfermarkt;Los Angeles FC;Los Angeles Football Club;2025;hayır
Thomas Delaney;FC Copenhagen;transfermarkt (Wikidata farklı: R.S.C. Anderlecht, ama başlangıcı eski/tarihsiz);R.S.C. Anderlecht;FC Copenhagen;2025;hayır
Ertuğrul Taşkıran;Erzurumspor FK;transfermarkt kadro sayfası (canlı);Fenerbahçe Istanbul;Alanyaspor;2025;evet
Barış Yardımcı;Emekli / kulüpsüz;emekli (TM: 2+ sezondur oynamadı);Gaziantepspor;Konyaspor;2021;evet
Juan Cuadrado;Pisa Sporting Club;transfermarkt (Wikidata farklı: Millonarios, ama başlangıcı eski/tarihsiz);Millonarios;Pisa Sporting Club;2025;hayır
Kim Seung-gyu;Tokyo Football Club;transfermarkt (Wikidata farklı: Al-Shabab Football Club, ama başlangıcı eski/tarihsiz);Al-Shabab Football Club;Tokyo Football Club;2025;hayır
Lee Yong;Suwon FC;wikidata (TM'de güncel kulüp yok);Suwon FC;Suwon FC;2024;hayır
Mateusz Klich;Cracovia;transfermarkt (Wikidata farklı: 1. FC Kaiserslautern II, ama başlangıcı eski/tarihsiz);1. FC Kaiserslautern II;Cracovia;2025;hayır
Kalidou Koulibaly;Al-Hilal Saudi Football Club;transfermarkt (Wikidata farklı: Al Hilal SFC, ama başlangıcı eski/tarihsiz);Al Hilal SFC;Al-Hilal Saudi Football Club;2025;hayır
Marcos Rojo;Racing Club Asociación Civil de Avellaneda;transfermarkt;Racing Club;Racing Club Asociación Civil de Avellaneda;2025;hayır
Manny Ott;United City F.C.;wikidata (TM'de güncel kulüp yok);United City F.C.;;2025;hayır
Alexandre Lacazette;Neom Sports Club;transfermarkt;Neom SC;Neom Sports Club;2025;hayır
Willi Orban;RB Leipzig;transfermarkt;RB Leipzig;RB Leipzig;2025;hayır
Muhamed Bešić;FK Spartak Subotica;transfermarkt (Wikidata farklı: Everton F.C., ama başlangıcı eski/tarihsiz);Everton F.C.;FK Spartak Subotica;2025;hayır
Sead Kolašinac;Atalanta BC;transfermarkt;Atalanta BC;Atalanta BC;2025;hayır
Tolga Ciğerci;Hertha BSC;wikidata (TM'de güncel kulüp yok);Hertha BSC;Sivasspor;2024;evet
Filip Đuričić;Panathinaikos Athlitikos Omilos;transfermarkt (Wikidata farklı: APOEL F.C., ama başlangıcı eski/tarihsiz);APOEL F.C.;Panathinaikos Athlitikos Omilos;2025;hayır
Stephan El Shaarawy;Associazione Sportiva Roma;transfermarkt (Wikidata farklı: Genoa CFC, ama başlangıcı eski/tarihsiz);Genoa CFC;Associazione Sportiva Roma;2025;hayır
Yoshimar Yotún;Club Sporting Cristal;wikidata (TM'de güncel kulüp yok);Club Sporting Cristal;;2025;hayır
Pedro Gallese;Deportivo Cali;transfermarkt;Deportivo Cali;Deportivo Cali;2025;hayır
Kyle Walker;Burnley FC;transfermarkt;Burnley F.C.;Burnley FC;2025;hayır
Osama Rashid;S.C. Farense;wikidata (TM'de güncel kulüp yok);S.C. Farense;;2025;hayır
Henri Anier;Dundee United F.C.;wikidata (TM'de güncel kulüp yok);Dundee United F.C.;;2025;hayır
Martin Braithwaite;Grêmio Foot-Ball Porto Alegrense;transfermarkt (Wikidata farklı: Grêmio FBPA, ama başlangıcı eski/tarihsiz);Grêmio FBPA;Grêmio Foot-Ball Porto Alegrense;2025;hayır
Kieran Trippier;Newcastle United;transfermarkt (Wikidata farklı: Wolverhampton Wanderers F.C., ama başlangıcı eski/tarihsiz);Wolverhampton Wanderers F.C.;Newcastle United;2025;hayır
Hallur Hansson;Vendsyssel FF;wikidata (TM'de güncel kulüp yok);Vendsyssel FF;;2025;hayır
Romelu Lukaku;Fenerbahçe;transfermarkt kadro sayfası (canlı);Fenerbahçe Istanbul;SSC Napoli;2025;hayır
Youssef El-Arabi;FC Nantes;transfermarkt (Wikidata farklı: G.S. Marko, ama başlangıcı eski/tarihsiz);G.S. Marko;FC Nantes;2025;hayır
Simone Zaza;Emekli / kulüpsüz;emekli (TM: 2+ sezondur oynamadı);;Torino FC;2021;hayır
Victor Pálsson;AC Horsens;transfermarkt (Wikidata farklı: Esbjerg fB, ama başlangıcı eski/tarihsiz);Esbjerg fB;AC Horsens;2025;hayır
Munir Mohand Mohamedi;Al Wehda FC;wikidata (TM'de güncel kulüp yok);Al Wehda FC;;2025;hayır
Marko Vešović;NK Lokomotiva Zagreb;transfermarkt (Wikidata farklı: Legia Warsaw, ama başlangıcı eski/tarihsiz);Legia Warsaw;NK Lokomotiva Zagreb;2025;hayır
Mustafa Akbaş;Emekli / kulüpsüz;emekli (TM: 2+ sezondur oynamadı);Kayserispor;Gençlerbirliği Spor Kulübü;2020;evet
Zeki Yavru;Samsunspor;transfermarkt (KONTROL: kulübün güncel kadrosunda yok, yeni takımı bilinmiyor);;Samsunspor;2025;evet
Serdar Gürler;Gençlerbirliği S.K.;wikidata (CSV'deki kulübün güncel kadrosunda yok);Gençlerbirliği S.K.;Eyüpspor;2025;evet
Artur Ioniță;S.S. Arezzo;wikidata (TM'de güncel kulüp yok);S.S. Arezzo;;2025;hayır
Sokol Cikalleshi;Konyaspor;wikidata (TM'de güncel kulüp yok);Konyaspor;Konyaspor;2024;hayır
Alper Potuk;Emekli / kulüpsüz;emekli (TM: 2+ sezondur oynamadı);Fenerbahçe Istanbul;Caykur Rizespor;2021;evet
Jannik Vestergaard;Leicester City;transfermarkt (Wikidata farklı: Borussia Mönchengladbach, ama başlangıcı eski/tarihsiz);Borussia Mönchengladbach;Leicester City;2025;hayır
Ander Herrera;Club Atlético Boca Juniors;transfermarkt (Wikidata farklı: Real Zaragoza, ama başlangıcı eski/tarihsiz);Real Zaragoza;Club Atlético Boca Juniors;2025;hayır
Cristian Portugués;Girona FC;transfermarkt (Wikidata farklı: Sevilla FC, ama başlangıcı eski/tarihsiz);Sevilla FC;Girona FC;2025;hayır
Omar Gonzalez;CF Pachuca;wikidata (TM'de güncel kulüp yok);CF Pachuca;Chicago Fire Soccer Club;2024;hayır
Marc Bartra;Real Betis Balompié;transfermarkt;Real Betis Balompié;Real Betis Balompié;2025;hayır
William Carvalho;CF Pachuca;transfermarkt (Wikidata farklı: Palm City FC, ama başlangıcı eski/tarihsiz);Palm City FC;CF Pachuca;2025;hayır
Thomas Meunier;LOSC Lille;transfermarkt (Wikidata farklı: Sunderland A.F.C., ama başlangıcı eski/tarihsiz);Sunderland A.F.C.;LOSC Lille;2025;hayır
Matěj Vydra;FC Viktoria Plzen;transfermarkt;FC Viktoria Plzeň;FC Viktoria Plzen;2025;hayır
Jorginho;Clube de Regatas do Flamengo;transfermarkt;Clube de Regatas do Flamengo;Clube de Regatas do Flamengo;2025;hayır
Jamal Bhuyan;;transfermarkt;;;2025;hayır
Viljormur Davidsen;Vejle Boldklub;wikidata (TM'de güncel kulüp yok);Vejle Boldklub;;2025;hayır
Thorgan Hazard;RSC Anderlecht;transfermarkt (Wikidata farklı: R.C. Lens, ama başlangıcı eski/tarihsiz);R.C. Lens;RSC Anderlecht;2025;hayır
Marco Verratti;Emekli / kulüpsüz;emekli (TM: 2+ sezondur oynamadı);Al-Duhail SC;Paris Saint-Germain;2022;hayır
Carlos Lampe;Sport Boys Warnes;wikidata (TM'de güncel kulüp yok);Sport Boys Warnes;;2025;hayır
Islom Tukhtakhodjaev;Lokomotiv Tashkent;wikidata (TM'de güncel kulüp yok);Lokomotiv Tashkent;;2025;hayır
Mário Fernandes;Emekli / kulüpsüz;emekli (TM: 2+ sezondur oynamadı);Associação Desportiva São Caetano;AO FK Zenit Sankt-Peterburg;2023;hayır
Gōtoku Sakai;Rakuten Vissel Kobe;transfermarkt;Vissel Kobe;Rakuten Vissel Kobe;2025;hayır
Chris Smalling;Al-Fayha FC;transfermarkt (Wikidata farklı: FC Porto, ama başlangıcı eski/tarihsiz);FC Porto;Al-Fayha FC;2025;hayır
Wahbi Khazri;Emekli / kulüpsüz;emekli (TM: son sezon eski);;Montpellier HSC;2024;hayır
Luis Advíncula;Club Universitario de Deportes;wikidata (TM'de güncel kulüp yok);Club Universitario de Deportes;;2025;hayır
Stefan Ristovski;HNK Rijeka;wikidata (TM'de güncel kulüp yok);HNK Rijeka;GNK Dinamo Zagreb;2024;hayır
Kostas Manolas;Emekli / kulüpsüz;emekli (TM: 2+ sezondur oynamadı);Pannaxiakos F.C.;US Salernitana 1919;2023;hayır
Alisson Becker;Liverpool FC;transfermarkt;Liverpool F.C.;Liverpool FC;2025;hayır
Ciro Immobile;Bologna Football Club 1909;transfermarkt;;Bologna Football Club 1909;2025;hayır
Recep Niyaz;Denizlispor;wikidata (TM'de güncel kulüp yok);Denizlispor;Eyüpspor;2024;evet
Marcel Sabitzer;Borussia Dortmund;transfermarkt;Borussia Dortmund;Borussia Dortmund;2025;hayır
Stefan Savić;Trabzonspor;transfermarkt kadro sayfası (canlı);Trabzonspor;Trabzonspor;2025;hayır
Ali Khasif;Al Jazira Club;wikidata (TM'de güncel kulüp yok);Al Jazira Club;;2025;hayır
Parvizdzhon Umarbaev;Istiqlol Dushanbe;wikidata (TM'de güncel kulüp yok);Istiqlol Dushanbe;;2025;hayır
Jordan Ayew;Leicester City;transfermarkt (Wikidata farklı: Sheffield United F.C., ama başlangıcı eski/tarihsiz);Sheffield United F.C.;Leicester City;2025;hayır
Thibaut Courtois;Real Madrid;transfermarkt;Real Madrid Club de Fútbol;Real Madrid;2025;hayır
Jonas Hector;Emekli / kulüpsüz;emekli (TM: 2+ sezondur oynamadı);;1.FC Köln;2022;hayır
Yuya Osako;Rakuten Vissel Kobe;transfermarkt;Vissel Kobe;Rakuten Vissel Kobe;2025;hayır
Attila Fiola;;transfermarkt;;;2025;hayır
Chris Wood;Nottingham Forest;transfermarkt;Nottingham Forest F.C.;Nottingham Forest;2025;hayır
Edin Višća;Başakşehir;transfermarkt kadro sayfası (canlı);İstanbul Başakşehir F.K.;Trabzonspor;2025;hayır
Kamil Ahmet Çörekçi;Kasımpaşa;transfermarkt kadro sayfası (canlı);Fulham F.C.;Kasimpasa;2025;evet
Ömer Ali Şahiner;Başakşehir;transfermarkt kadro sayfası (canlı);Konyaspor;Basaksehir FK;2025;evet
Emil Forsberg;Red Bull New York;transfermarkt;Red Bull New York;Red Bull New York;2025;hayır
Javier Aquino;Tigres UANL;transfermarkt (Wikidata farklı: C.D. Guadalajara, ama başlangıcı eski/tarihsiz);C.D. Guadalajara;Tigres UANL;2025;hayır
Stefan de Vrij;Inter Milan;transfermarkt (Wikidata farklı: Panathinaikos F.C., ama başlangıcı eski/tarihsiz);Panathinaikos F.C.;Inter Milan;2025;hayır
Philipp Max;Gamba Osaka;transfermarkt;;Gamba Osaka;2025;hayır
Granit Xhaka;Sunderland AFC;transfermarkt;Sunderland A.F.C.;Sunderland AFC;2025;hayır
Ahmed Hegazi;Neom Sports Club;transfermarkt;;Neom Sports Club;2025;hayır
Joonas Tamm;Sepsi OSK Sf. Gheorghe;transfermarkt (Wikidata farklı: Sepsi OSK Sfântu Gheorghe, ama başlangıcı eski/tarihsiz);Sepsi OSK Sfântu Gheorghe;Sepsi OSK Sf. Gheorghe;2025;hayır
Ryan Mendes;Nottingham Forest F.C.;wikidata (CSV'deki kulübün güncel kadrosunda yok);Nottingham Forest F.C.;Kocaelispor;2025;hayır
Erik Lamela;Emekli / kulüpsüz;emekli (TM: son sezon eski);;Athlitiki Enosi Konstantinoupoleos;2024;hayır
Alejandro Bedoya;Philadelphia Union;transfermarkt (Wikidata farklı: FC Nantes, ama başlangıcı eski/tarihsiz);FC Nantes;Philadelphia Union;2025;hayır
Emiliano Martínez;Aston Villa;transfermarkt (Wikidata farklı: Chelsea F.C., ama başlangıcı eski/tarihsiz);Chelsea F.C.;Aston Villa;2025;hayır
Suso;Cádiz Club de Fútbol;wikidata (TM'de güncel kulüp yok);Cádiz Club de Fútbol;Sevilla FC;2024;hayır
Marcos Alonso Mendoza;Celta de Vigo;transfermarkt;RC Celta de Vigo;Celta de Vigo;2025;hayır
Mark Uth;Emekli / kulüpsüz;emekli (TM: 2+ sezondur oynamadı);;1.FC Köln;2023;hayır
Jakub Brabec;Rio Ave FC;transfermarkt;;Rio Ave FC;2025;hayır
Germán Pezzella;Club Atlético River Plate;transfermarkt;;Club Atlético River Plate;2025;hayır
Abdulaziz Hatem;Al-Rayyan;wikidata (TM'de güncel kulüp yok);Al-Rayyan;;2025;hayır
Bekir Yılmaz;Emekli / kulüpsüz;emekli (TM: 2+ sezondur oynamadı);Bursaspor;Adanaspor;2016;evet
Sercan Kaya;Emekli / kulüpsüz;emekli (TM: 2+ sezondur oynamadı);Çaykur Rizespor;Caykur Rizespor;2015;evet
Günay Güvenç;Galatasaray;transfermarkt kadro sayfası (canlı);Galatasaray S.K.;Galatasaray;2025;evet
Özgür İleri;Emekli / kulüpsüz;emekli (TM: 2+ sezondur oynamadı);Göztepe S.K.;Gençlerbirliği Spor Kulübü;2014;evet
Kemal Tokak;Emekli / kulüpsüz;emekli (TM: 2+ sezondur oynamadı);Boluspor;Gaziantepspor (- 2020);2013;evet
Marco Rojas;VfB Stuttgart;wikidata (TM'de güncel kulüp yok);VfB Stuttgart;Wellington Phoenix;2024;hayır
Hovhannes Hambardzumyan;FK Vardar;wikidata (TM'de güncel kulüp yok);FK Vardar;;2025;hayır
Viktor Claesson;FC Copenhagen;transfermarkt (Wikidata farklı: IFK Värnamo, ama başlangıcı eski/tarihsiz);IFK Värnamo;FC Copenhagen;2025;hayır
Ömer Bayram;Kasımpaşa;transfermarkt kadro sayfası (canlı);Kayserispor;Galatasaray;2021;evet
Phil Jones;Emekli / kulüpsüz;emekli (TM: 2+ sezondur oynamadı);;Manchester United;2022;hayır
Juan Barrera;C.S.D. Municipal;wikidata (TM'de güncel kulüp yok);C.S.D. Municipal;;2025;hayır
Nam Tae-hee;Jeju SK Football Club;transfermarkt (Wikidata farklı: Brisbane Roar FC, ama başlangıcı eski/tarihsiz);Brisbane Roar FC;Jeju SK Football Club;2025;hayır
Hotaru Yamaguchi;V-Varen Nagasaki;transfermarkt;V-Varen Nagasaki;V-Varen Nagasaki;2025;hayır
Michael Keane;Everton FC;transfermarkt;;Everton FC;2025;hayır
Leonardo Spinazzola;SSC Napoli;transfermarkt;SSC Napoli;SSC Napoli;2025;hayır
Kaan Ayhan;Galatasaray;transfermarkt kadro sayfası (canlı);Eintracht Frankfurt;Galatasaray;2025;hayır
Luis Muriel;Junior FC;transfermarkt;Junior de Barranquilla;Junior FC;2025;hayır
Carlos Bacca;Junior FC;transfermarkt;Junior de Barranquilla;Junior FC;2025;hayır
Emre Can;Borussia Dortmund;transfermarkt;Borussia Dortmund;Borussia Dortmund;2025;hayır
Serdar Deliktaş;Emekli / kulüpsüz;emekli (TM: 2+ sezondur oynamadı);Ankaraspor;Kardemir Karabükspor;2017;evet
Edwin Cardona;Atlético Nacional;transfermarkt;Atlético Nacional;Atlético Nacional;2025;hayır
Kenan Karaman;Emekli / kulüpsüz;emekli (TM: 2+ sezondur oynamadı);;Beşiktaş Jimnastik Kulübü;2022;evet
José Campaña;AD Alcorcón;wikidata (TM'de güncel kulüp yok);AD Alcorcón;UD Las Palmas;2024;hayır
Michael Gregoritsch;FC Augsburg;transfermarkt;FC Augsburg;FC Augsburg;2025;hayır
Santiago Arias;Club Atlético Independiente de Avellaneda;transfermarkt;Club Atlético Independiente;Club Atlético Independiente de Avellaneda;2025;hayır
Knowledge Musona;KV Oostende;wikidata (TM'de güncel kulüp yok);KV Oostende;Al-Okhdood Club;2024;hayır
Callum McGregor;Celtic FC;transfermarkt;Celtic F.C.;Celtic FC;2025;hayır
Grant Hanley;Hibernian FC;transfermarkt (Wikidata farklı: Queen of the South F.C., ama başlangıcı eski/tarihsiz);Queen of the South F.C.;Hibernian FC;2025;hayır
Jan Oblak;Atlético de Madrid;transfermarkt;;Atlético de Madrid;2025;hayır
Kostakis Artymatas;APOEL F.C.;wikidata (TM'de güncel kulüp yok);APOEL F.C.;;2025;hayır
Constantinos Laifis;Standard Liège;wikidata (TM'de güncel kulüp yok);Standard Liège;;2025;hayır
Cristian Gamboa;Emekli / kulüpsüz;emekli (TM: son sezon eski);;VfL Bochum;2024;hayır
Eric Davis;;transfermarkt;;;2025;hayır
Alfredo Mejía;A.P.S. Panthrakikos;wikidata (TM'de güncel kulüp yok);A.P.S. Panthrakikos;APO Levadiakos Football Club;2024;hayır
Héctor Herrera;Deportivo Toluca;transfermarkt (Wikidata farklı: Houston Dynamo FC, ama başlangıcı eski/tarihsiz);Houston Dynamo FC;Deportivo Toluca;2025;hayır
Paul Pogba;AS Monaco;transfermarkt;;AS Monaco;2025;hayır
Willian José;Esporte Clube Bahia;transfermarkt (Wikidata farklı: Real Betis Balompié, ama başlangıcı eski/tarihsiz);Real Betis Balompié;Esporte Clube Bahia;2025;hayır
Juan Fernando Quintero;Club Atlético River Plate;transfermarkt (Wikidata farklı: Deportivo Independiente Medellín, ama başlangıcı eski/tarihsiz);Deportivo Independiente Medellín;Club Atlético River Plate;2025;hayır
Loïc Nego;Le Havre AC;transfermarkt (Wikidata farklı: Fehérvár FC, ama başlangıcı eski/tarihsiz);Fehérvár FC;Le Havre AC;2025;hayır
Vlad Chiricheș;FCSB;transfermarkt;;FCSB;2025;hayır
Kaan Kanak;Emekli / kulüpsüz;emekli (TM: 2+ sezondur oynamadı);Eskişehirspor;Hatayspor;2022;evet
Angel Mena Pedroza;Cruz Azul;wikidata (TM'de güncel kulüp yok);Cruz Azul;CF Pachuca;2024;hayır
Callum Wilson;West Ham United;transfermarkt;;West Ham United;2025;hayır
Jóan Símun Edmundsson;Odense Boldklub;wikidata (TM'de güncel kulüp yok);Odense Boldklub;;2025;hayır
Serhiy Sydorchuk;KVC Westerlo;transfermarkt;K.V.C. Westerlo;KVC Westerlo;2025;hayır
Odysseas Vlachodimos;Sevilla FC;transfermarkt;Sevilla FC;Sevilla FC;2025;hayır
Robin Yalçın;Fatih Karagümrük;transfermarkt kadro sayfası (canlı);Çaykur Rizespor;Eyüpspor;2025;evet
Matthias Ginter;SC Freiburg;transfermarkt;SC Freiburg;SC Freiburg;2025;hayır
Henry Bonello;Valletta F.C.;wikidata (TM'de güncel kulüp yok);Valletta F.C.;;2025;hayır
Jesús Manuel Corona;CF Monterrey;transfermarkt (Wikidata farklı: FC Porto, ama başlangıcı eski/tarihsiz);FC Porto;CF Monterrey;2025;hayır
Antoine Griezmann;Atlético de Madrid;transfermarkt (Wikidata farklı: Orlando City SC, ama başlangıcı eski/tarihsiz);Orlando City SC;Atlético de Madrid;2025;hayır
Kerem Demirbay;Kasımpaşa;transfermarkt kadro sayfası (canlı);Fortuna Düsseldorf;Kasimpasa;2025;hayır
Leandro Bacuna;Aston Villa F.C.;wikidata (TM'de güncel kulüp yok);Aston Villa F.C.;;2025;hayır
Alberto Quintero;Club Universitario de Deportes;wikidata (TM'de güncel kulüp yok);Club Universitario de Deportes;;2025;hayır
Mathew Leckie;Melbourne City FC;transfermarkt;Melbourne City FC;Melbourne City FC;2025;hayır
Hakan Çalhanoğlu;Inter Milan;transfermarkt;Inter Milan;Inter Milan;2025;hayır
Allan;S. A. F. Botafogo;transfermarkt (Wikidata farklı: Everton F.C., ama başlangıcı eski/tarihsiz);Everton F.C.;S. A. F. Botafogo;2025;hayır
Salif Sané;Emekli / kulüpsüz;emekli (TM: 2+ sezondur oynamadı);;FC Schalke 04;2020;hayır
Samuel Umtiti;Emekli / kulüpsüz;emekli (TM: son sezon eski);;LOSC Lille;2024;hayır
Kenny McLean;Norwich City;transfermarkt;;Norwich City;2025;hayır
Kim Young-gwon;Ulsan Hyundai Football Club;transfermarkt (Wikidata farklı: Ulsan HD FC, ama başlangıcı eski/tarihsiz);Ulsan HD FC;Ulsan Hyundai Football Club;2025;hayır
Faouzi Ghoulam;Emekli / kulüpsüz;emekli (TM: 2+ sezondur oynamadı);SSC Napoli;Hatayspor;2023;hayır
Lucas Digne;Aston Villa;transfermarkt (Wikidata farklı: Paris Saint-Germain FC, ama başlangıcı eski/tarihsiz);Paris Saint-Germain FC;Aston Villa;2025;hayır
Idrissa Gueye;Everton FC;transfermarkt (Wikidata farklı: Al-Diriyah Club, ama başlangıcı eski/tarihsiz);Al-Diriyah Club;Everton FC;2025;hayır
Layvin Kurzawa;Boavista F.C.;wikidata (TM'de güncel kulüp yok);Boavista F.C.;Boavista FC;2024;hayır
Paco Alcácer;Emekli / kulüpsüz;emekli (TM: 2+ sezondur oynamadı);;Villarreal CF;2021;hayır
Juan Bernat;Emekli / kulüpsüz;emekli (TM: son sezon eski);;Getafe CF;2024;hayır
Serge Aurier;Emekli / kulüpsüz;emekli (TM: 2+ sezondur oynamadı);Persepolis F.C.;Nottingham Forest;2023;hayır
Cédric Bakambu;Real Betis Balompié;transfermarkt (Wikidata farklı: San Diego FC, ama başlangıcı eski/tarihsiz);San Diego FC;Real Betis Balompié;2025;hayır
Jérôme Roussillon;Emekli / kulüpsüz;emekli (TM: son sezon eski);;1.FC Union Berlin;2024;hayır
Abdoulaye Doucouré;Neom Sports Club;transfermarkt (Wikidata farklı: Granada CF, ama başlangıcı eski/tarihsiz);Granada CF;Neom Sports Club;2025;hayır
Geoffrey Kondogbia;Olympique Marseille;transfermarkt (Wikidata farklı: Valencia CF, ama başlangıcı eski/tarihsiz);Valencia CF;Olympique Marseille;2025;hayır
Petros Mantalos;Athlitiki Enosi Konstantinoupoleos;transfermarkt (Wikidata farklı: AEK Athens F.C., ama başlangıcı eski/tarihsiz);AEK Athens F.C.;Athlitiki Enosi Konstantinoupoleos;2025;hayır
Luis Alberto;Emekli / kulüpsüz;emekli (TM: 2+ sezondur oynamadı);Al-Duhail SC;Società Sportiva Lazio S.p.A.;2023;hayır
Álvaro Morata;Como 1907;transfermarkt (Wikidata farklı: CD Leganés, ama başlangıcı eski/tarihsiz);CD Leganés;Como 1907;2025;hayır
Robbie Brady;Preston North End F.C.;wikidata (TM'de güncel kulüp yok);Preston North End F.C.;;2025;hayır
Jack Butland;Rangers FC;transfermarkt (Wikidata farklı: Clevedon United F.C., ama başlangıcı eski/tarihsiz);Clevedon United F.C.;Rangers FC;2025;hayır
Conor Coady;Emekli / kulüpsüz;emekli (TM: son sezon eski);;Leicester City;2024;hayır
Mathew Ryan;Levante UD;transfermarkt;Levante UD;Levante UD;2025;hayır
Nathan Redmond;Emekli / kulüpsüz;emekli (TM: 2+ sezondur oynamadı);Sheffield Wednesday F.C.;Burnley FC;2023;hayır
Rafinha;Emekli / kulüpsüz;emekli (TM: 2+ sezondur oynamadı);;Real Sociedad;2021;hayır
Gerard Deulofeu;Emekli / kulüpsüz;emekli (TM: 2+ sezondur oynamadı);Latina Calcio 1932;Udinese Calcio;2023;hayır
Alexandru Maxim;Gaziantep FK;transfermarkt kadro sayfası (canlı);Gaziantep F.K.;Gaziantep FK;2025;hayır
Steven Berghuis;Ajax Amsterdam;transfermarkt (Wikidata farklı: Watford F.C., ama başlangıcı eski/tarihsiz);Watford F.C.;Ajax Amsterdam;2025;hayır
Dennis Praet;Royal Antwerp FC;transfermarkt (Wikidata farklı: KV Mechelen, ama başlangıcı eski/tarihsiz);KV Mechelen;Royal Antwerp FC;2025;hayır
Ezgjan Alioski;FC Lugano;transfermarkt;;FC Lugano;2025;hayır
Gaku Shibasaki;Kashima Antlers FC;transfermarkt;Kashima Antlers;Kashima Antlers FC;2025;hayır
Jordan Pickford;Everton FC;transfermarkt;Everton F.C.;Everton FC;2025;hayır
Hörður Björgvin Magnússon;APO Levadiakos Football Club;transfermarkt (Wikidata farklı: Panathinaikos F.C., ama başlangıcı eski/tarihsiz);Panathinaikos F.C.;APO Levadiakos Football Club;2025;hayır
Simone Verdi;AC Milan;wikidata (TM'de güncel kulüp yok);AC Milan;Como 1907;2024;hayır
Alessandro Florenzi;Emekli / kulüpsüz;emekli (TM: son sezon eski);;AC Milan;2024;hayır
Gianluca Lapadula;Spezia Calcio;transfermarkt (Wikidata farklı: Juventus FC, ama başlangıcı eski/tarihsiz);Juventus FC;Spezia Calcio;2025;hayır
Stuart Armstrong;Aberdeen FC;transfermarkt;Aberdeen F.C.;Aberdeen FC;2025;hayır
Diego Reyes;Querétaro FC;transfermarkt;;Querétaro FC;2025;hayır
Nicolás Tagliafico;Olympique Lyon;transfermarkt;Olympique Lyonnais;Olympique Lyon;2025;hayır
Joel Campbell;Frosinone Calcio;wikidata (TM'de güncel kulüp yok);Frosinone Calcio;;2025;hayır
Anthony Lozano;Santos Laguna;transfermarkt (Wikidata farklı: C.D. Tenerife, ama başlangıcı eski/tarihsiz);C.D. Tenerife;Santos Laguna;2025;hayır
Alexander López;C.D. Olimpia;wikidata (TM'de güncel kulüp yok);C.D. Olimpia;;2025;hayır
Rodrigo;Emekli / kulüpsüz;emekli (TM: 2+ sezondur oynamadı);Lusail Sports Club;Leeds United;2022;hayır
Kenneth Omeruo;CFR Cluj;wikidata (TM'de güncel kulüp yok);CFR Cluj;Kasimpasa;2024;hayır
Nikolai Alho;A.G.S Asteras Tripolis;transfermarkt (Wikidata farklı: Helsingin Jalkapalloklubi, ama başlangıcı eski/tarihsiz);Helsingin Jalkapalloklubi;A.G.S Asteras Tripolis;2025;hayır
Roberto Firmino;Al Sadd Sports Club;wikidata (TM'de güncel kulüp yok);Al Sadd Sports Club;Al-Ahli Saudi Football Club;2024;hayır
Jere Uronen;APS Atromitos Athinon;transfermarkt (Wikidata farklı: Charlotte FC, ama başlangıcı eski/tarihsiz);Charlotte FC;APS Atromitos Athinon;2025;hayır
Majed Hassan;Shabab AlAhli Dubai Club;wikidata (TM'de güncel kulüp yok);Shabab AlAhli Dubai Club;;2025;hayır
Ross Barkley;Aston Villa;transfermarkt;Aston Villa F.C.;Aston Villa;2025;hayır
Bertrand Traoré;Sunderland AFC;transfermarkt (Wikidata farklı: Aston Villa F.C., ama başlangıcı eski/tarihsiz);Aston Villa F.C.;Sunderland AFC;2025;hayır
Harry Kane;Bayern Munich;transfermarkt;FC Bayern Munich;Bayern Munich;2025;hayır
Kim Jin-su;Football Club Seoul;transfermarkt;FC Seoul;Football Club Seoul;2025;hayır
Ali Maâloul;CS Sfaxien;wikidata (TM'de güncel kulüp yok);CS Sfaxien;;2025;hayır
Marten de Roon;Atalanta BC;transfermarkt (Wikidata farklı: AS Roma, ama başlangıcı eski/tarihsiz);AS Roma;Atalanta BC;2025;hayır
Serhiy Malyi;FC Irtysh Pavlodar;wikidata (TM'de güncel kulüp yok);FC Irtysh Pavlodar;;2025;hayır
Lorenzo Insigne;Emekli / kulüpsüz;emekli (TM: 2+ sezondur oynamadı);U.C. Sampdoria;SSC Napoli;2021;hayır
Georgi Milanov;FC Dinamo 1948;transfermarkt;;FC Dinamo 1948;2025;hayır
Danny Ings;Emekli / kulüpsüz;emekli (TM: son sezon eski);;West Ham United;2024;hayır
Raheem Sterling;Feyenoord Rotterdam;transfermarkt;;Feyenoord Rotterdam;2025;hayır
Stefan Aškovski;FK Radnicki Nis;transfermarkt (Wikidata farklı: P.A.S. Lamia 1964, ama başlangıcı eski/tarihsiz);P.A.S. Lamia 1964;FK Radnicki Nis;2025;hayır
Mohamed El-Shenawy;;transfermarkt;;;2025;hayır
Sinan Bakış;Kayserispor;wikidata (TM'de güncel kulüp yok);Kayserispor;Górnik Zabrze;2024;evet
André Carrillo;Sport Club Corinthians Paulista;transfermarkt (Wikidata farklı: S.C. Corinthians Paulista, ama başlangıcı eski/tarihsiz);S.C. Corinthians Paulista;Sport Club Corinthians Paulista;2025;hayır
Fabian Schär;Newcastle United;transfermarkt;Newcastle United F.C.;Newcastle United;2025;hayır
Thiago Mendes;Club de Regatas Vasco da Gama;transfermarkt (Wikidata farklı: São Paulo FC, ama başlangıcı eski/tarihsiz);São Paulo FC;Club de Regatas Vasco da Gama;2025;hayır
Manuel Lanzini;Club Atlético Vélez Sársfield;transfermarkt (Wikidata farklı: Club Atlético River Plate, ama başlangıcı eski/tarihsiz);Club Atlético River Plate;Club Atlético Vélez Sársfield;2025;hayır
Aziz Behich;Melbourne City FC;transfermarkt (Wikidata farklı: Giresunspor, ama başlangıcı eski/tarihsiz);Giresunspor;Melbourne City FC;2025;hayır
Emin Mahmudov;FC Mordovia Saransk;wikidata (TM'de güncel kulüp yok);FC Mordovia Saransk;;2025;hayır
Hans Vanaken;Club Brugge KV;transfermarkt;Club Brugge K.V.;Club Brugge KV;2025;hayır
Okay Yokuşlu;Trabzonspor;transfermarkt kadro sayfası (canlı);Trabzonspor;Trabzonspor;2025;hayır
Sverrir Ingi Ingason;Panathinaikos Athlitikos Omilos;transfermarkt (Wikidata farklı: FC Midtjylland, ama başlangıcı eski/tarihsiz);FC Midtjylland;Panathinaikos Athlitikos Omilos;2025;hayır
Alpaslan Öztürk;Emekli / kulüpsüz;emekli (TM: 2+ sezondur oynamadı);Eskişehirspor;Pendikspor;2023;evet
Dani Carvajal;Real Madrid;transfermarkt;;Real Madrid;2025;hayır
Virgil van Dijk;Liverpool FC;transfermarkt;Liverpool F.C.;Liverpool FC;2025;hayır
Karol Mets;FC St. Pauli;transfermarkt (Wikidata farklı: Viking FK, ama başlangıcı eski/tarihsiz);Viking FK;FC St. Pauli;2025;hayır
Leandro Damião;Emekli / kulüpsüz;emekli (TM: 2+ sezondur oynamadı);Club Atlético Peñarol;Real Betis Balompié;2015;hayır
Enner Valencia;CF Pachuca;transfermarkt (Wikidata farklı: Boca Juniors, ama başlangıcı eski/tarihsiz);Boca Juniors;CF Pachuca;2025;hayır
Ladislav Krejčí;FK Teplice;transfermarkt;FK Teplice;FK Teplice;2025;hayır
Fedor Černych;FK Kauno Žalgiris;wikidata (TM'de güncel kulüp yok);FK Kauno Žalgiris;;2025;hayır
Martin Boyle;Hibernian FC;transfermarkt;;Hibernian FC;2025;hayır
Yannick Carrasco;Al-Shabab Club;transfermarkt;Al-Shabab Football Club;Al-Shabab Club;2025;hayır
Caio Canedo;Al Wasl FC;wikidata (TM'de güncel kulüp yok);Al Wasl FC;;2025;hayır
Danilo Pereira;Al-Ittihad Football Club;transfermarkt;Al Ittihad FC;Al-Ittihad Football Club;2025;hayır
Yapp Hung Fai;Eastern FC;wikidata (TM'de güncel kulüp yok);Eastern FC;;2025;hayır
George Saville;Luton Town;transfermarkt (Wikidata farklı: Wolverhampton Wanderers F.C., ama başlangıcı eski/tarihsiz);Wolverhampton Wanderers F.C.;Luton Town;2025;hayır
Jesse Lingard;Sport Club Corinthians Paulista;transfermarkt (Wikidata farklı: S.C. Corinthians Paulista, ama başlangıcı eski/tarihsiz);S.C. Corinthians Paulista;Sport Club Corinthians Paulista;2025;hayır
Aleksandar Trajkovski;NK Lokomotiva Zagreb;transfermarkt (Wikidata farklı: RCD Mallorca, ama başlangıcı eski/tarihsiz);RCD Mallorca;NK Lokomotiva Zagreb;2025;hayır
Wang Dalei;Shandong Taishan F.C.;wikidata (TM'de güncel kulüp yok);Shandong Taishan F.C.;;2025;hayır
Alex Oxlade-Chamberlain;Celtic FC;transfermarkt;Celtic F.C.;Celtic FC;2025;hayır
Matija Nastasić;CD Leganés;wikidata (TM'de güncel kulüp yok);CD Leganés;CD Leganés;2024;hayır
Pavel Kadeřábek;AC Sparta Prague;transfermarkt (Wikidata farklı: TSG 1899 Hoffenheim, ama başlangıcı eski/tarihsiz);TSG 1899 Hoffenheim;AC Sparta Prague;2025;hayır
Matías Vecino;Società Sportiva Lazio S.p.A.;transfermarkt (Wikidata farklı: RC Celta de Vigo, ama başlangıcı eski/tarihsiz);RC Celta de Vigo;Società Sportiva Lazio S.p.A.;2025;hayır
Maximilian Philipp;SC Freiburg;transfermarkt (Wikidata farklı: Borussia Dortmund, ama başlangıcı eski/tarihsiz);Borussia Dortmund;SC Freiburg;2025;hayır
Leandro Trossard;Beşiktaş;transfermarkt kadro sayfası (canlı);Arsenal F.C.;Arsenal FC;2025;hayır
Bartosz Bereszyński;Palermo FC;transfermarkt (Wikidata farklı: U.C. Sampdoria, ama başlangıcı eski/tarihsiz);U.C. Sampdoria;Palermo FC;2025;hayır
Pantelis Hatzidiakos;FC Copenhagen;transfermarkt (Wikidata farklı: AZ Alkmaar, ama başlangıcı eski/tarihsiz);AZ Alkmaar;FC Copenhagen;2025;hayır
Lazar Marković;Emekli / kulüpsüz;emekli (TM: 2+ sezondur oynamadı);Fenerbahçe Istanbul;Gaziantep FK;2023;hayır
Aleksandar Šćekić;FK Partizan;wikidata (TM'de güncel kulüp yok);FK Partizan;FK Partizan Belgrade;2024;hayır
Risto Radunović;FCSB;transfermarkt;FCSB;FCSB;2025;hayır
Valon Berisha;LASK;transfermarkt (Wikidata farklı: FC Zürich, ama başlangıcı eski/tarihsiz);FC Zürich;LASK;2025;hayır
Tim Ream;Charlotte Football Club;transfermarkt;Charlotte FC;Charlotte Football Club;2025;hayır
Danilo;Clube de Regatas do Flamengo;transfermarkt;Clube de Regatas do Flamengo;Clube de Regatas do Flamengo;2025;hayır
Andy Najar;Nashville SC;transfermarkt;Nashville SC;Nashville SC;2025;hayır
Trent Sainsbury;Central Coast Mariners;transfermarkt (Wikidata farklı: K.V. Kortrijk, ama başlangıcı eski/tarihsiz);K.V. Kortrijk;Central Coast Mariners;2025;hayır
Wilfried Zaha;Charlotte Football Club;transfermarkt;;Charlotte Football Club;2025;hayır
Max Meyer;Emekli / kulüpsüz;emekli (TM: 2+ sezondur oynamadı);Rot-Weiß Oberhausen;Fenerbahce;2021;hayır
Jasper Cillessen;NEC Nijmegen;transfermarkt;;NEC Nijmegen;2025;hayır
Wataru Endō;Liverpool FC;transfermarkt;;Liverpool FC;2025;hayır
Ryan Fraser;Western Sydney Wanderers;transfermarkt (Wikidata farklı: Southampton F.C., ama başlangıcı eski/tarihsiz);Southampton F.C.;Western Sydney Wanderers;2025;hayır
Kerim Frei;Emekli / kulüpsüz;emekli (TM: 2+ sezondur oynamadı);Beşiktaş J.K.;Fatih Karagümrük;2022;evet
Wissam Ben Yedder;Emekli / kulüpsüz;emekli (TM: 2+ sezondur oynamadı);Sakaryaspor;AS Monaco;2023;hayır
Alexander Callens;Athlitiki Enosi Konstantinoupoleos;transfermarkt (Wikidata farklı: Club Deportivo Numancia de Soria, ama başlangıcı eski/tarihsiz);Club Deportivo Numancia de Soria;Athlitiki Enosi Konstantinoupoleos;2025;hayır
Vincent Aboubakar;Bodrum FK;transfermarkt kadro sayfası (canlı);Bodrum FK;Hatayspor;2024;hayır
Alexander David González;Sociedad Deportiva Huesca;wikidata (TM'de güncel kulüp yok);Sociedad Deportiva Huesca;;2025;hayır
Khalid Eisa;Al Ain FC;wikidata (TM'de güncel kulüp yok);Al Ain FC;;2025;hayır
Lewis Dunk;Brighton & Hove Albion;transfermarkt;;Brighton & Hove Albion;2025;hayır
Remo Freuler;Bologna Football Club 1909;transfermarkt (Wikidata farklı: Olympiacos F.C., ama başlangıcı eski/tarihsiz);Olympiacos F.C.;Bologna Football Club 1909;2025;hayır
Christian Nørgaard;Arsenal FC;transfermarkt (Wikidata farklı: Brøndby IF, ama başlangıcı eski/tarihsiz);Brøndby IF;Arsenal FC;2025;hayır
Divock Origi;Emekli / kulüpsüz;emekli (TM: 2+ sezondur oynamadı);;Nottingham Forest;2023;hayır
Nicușor Stanciu;Genoa CFC;transfermarkt (Wikidata farklı: Dalian Yingbo F.C., ama başlangıcı eski/tarihsiz);Dalian Yingbo F.C.;Genoa CFC;2025;hayır
Mohamed Salah;Trabzonspor;transfermarkt kadro sayfası (canlı);Trabzonspor;Liverpool FC;2025;hayır
Koray Altınay;Emekli / kulüpsüz;emekli (TM: 2+ sezondur oynamadı);Çaykur Rizespor;Sivasspor;2021;evet
Saúl Ñíguez;Clube de Regatas do Flamengo;transfermarkt;Clube de Regatas do Flamengo;Clube de Regatas do Flamengo;2025;hayır
gabriel putita del leon;S.C. Corinthians Paulista;wikidata (CSV'deki kulübün güncel kadrosunda yok);S.C. Corinthians Paulista;Beşiktaş Jimnastik Kulübü;2025;hayır
Atınç Nukan;Fatih Karagümrük;transfermarkt kadro sayfası (canlı);RB Leipzig;Göztepe;2021;evet
Tarek Hamed;Damac Club;wikidata (TM'de güncel kulüp yok);Damac Club;Damac Football Club;2024;hayır
Nawaf Al Abed;Al-Shabab Football Club;wikidata (TM'de güncel kulüp yok);Al-Shabab Football Club;Al-Riyadh Saudi Club;2024;hayır
João Mário;Athlitiki Enosi Konstantinoupoleos;transfermarkt (Wikidata farklı: AEK Athens F.C., ama başlangıcı eski/tarihsiz);AEK Athens F.C.;Athlitiki Enosi Konstantinoupoleos;2025;hayır
Stefan Mugoša;Incheon United Football Club;transfermarkt (Wikidata farklı: TSV 1860 München, ama başlangıcı eski/tarihsiz);TSV 1860 München;Incheon United Football Club;2025;hayır
Tim Payne;Wellington Phoenix;transfermarkt;;Wellington Phoenix;2025;hayır
Gojko Cimirot;PAOK FC;wikidata (TM'de güncel kulüp yok);PAOK FC;Al-Fayha FC;2024;hayır
Yahya Al-Shehri;Al-Riyadh Saudi Club;transfermarkt (Wikidata farklı: Al-Nassr, ama başlangıcı eski/tarihsiz);Al-Nassr;Al-Riyadh Saudi Club;2025;hayır
Nika Kvekveskiri;Nyíregyháza Spartacus FC;wikidata (TM'de güncel kulüp yok);Nyíregyháza Spartacus FC;;2025;hayır
Hong Chul;Gangwon Football Club;transfermarkt (Wikidata farklı: Daegu FC, ama başlangıcı eski/tarihsiz);Daegu FC;Gangwon Football Club;2025;hayır
Onur Bulut;Başakşehir;transfermarkt kadro sayfası (canlı);SC Freiburg;Basaksehir FK;2025;evet
Leon Goretzka;Bayern Munich;transfermarkt (Wikidata farklı: Aston Villa F.C., ama başlangıcı eski/tarihsiz);Aston Villa F.C.;Bayern Munich;2025;hayır
Arnór Ingvi Traustason;IFK Norrköping FK;wikidata (TM'de güncel kulüp yok);IFK Norrköping FK;;2025;hayır
Varazdat Haroyan;FC Rostov;wikidata (TM'de güncel kulüp yok);FC Rostov;;2025;hayır
Kamo Hovhannisyan;FC Ararat-Armenia;wikidata (TM'de güncel kulüp yok);FC Ararat-Armenia;;2025;hayır
Salman Al-Faraj;Neom Sports Club;transfermarkt;Neom SC;Neom Sports Club;2025;hayır
Felipe Augusto de Almeida Monteiro;Emekli / kulüpsüz;emekli (TM: 2+ sezondur oynamadı);;Nottingham Forest;2023;hayır
Marcelo Brozović;Al-Nassr Football Club;transfermarkt (Wikidata farklı: Al Sadd Sports Club, ama başlangıcı eski/tarihsiz);Al Sadd Sports Club;Al-Nassr Football Club;2025;hayır
Nazım Sangaré;Gaziantep FK;transfermarkt kadro sayfası (canlı);Borussia Mönchengladbach II;Gaziantep FK;2025;evet
Selim Ay;Emekli / kulüpsüz;emekli (TM: 2+ sezondur oynamadı);Konyaspor;Caykur Rizespor;2021;evet
Benjamin Mendy;Pogon Szczecin;transfermarkt;Pogoń Szczecin;Pogon Szczecin;2025;hayır
Kurt Zouma;CFR Cluj;transfermarkt (Wikidata farklı: Palm City FC, ama başlangıcı eski/tarihsiz);Palm City FC;CFR Cluj;2025;hayır
Andreas Bouchalakis;Panetolikos Agrinio;transfermarkt;;Panetolikos Agrinio;2025;hayır
Kostas Fortounis;Al-Khaleej Club (Saihat);transfermarkt (Wikidata farklı: Olympiacos F.C., ama başlangıcı eski/tarihsiz);Olympiacos F.C.;Al-Khaleej Club (Saihat);2025;hayır
Dimitris Kourbelis;Al-Khaleej Club (Saihat);transfermarkt (Wikidata farklı: Asteras Tripoli F.C., ama başlangıcı eski/tarihsiz);Asteras Tripoli F.C.;Al-Khaleej Club (Saihat);2025;hayır
Ahmet İlhan Özek;Emekli / kulüpsüz;emekli (TM: 2+ sezondur oynamadı);Çaykur Rizespor;Gençlerbirliği Spor Kulübü;2017;evet
Yussuf Poulsen;Hamburger SV;transfermarkt;Hamburger SV;Hamburger SV;2025;hayır
Vladimír Coufal;TSG 1899 Hoffenheim;transfermarkt;;TSG 1899 Hoffenheim;2025;hayır
Tarkan Serbest;FK Austria Wien;wikidata (CSV'deki kulübün güncel kadrosunda yok);FK Austria Wien;Kocaelispor;2025;evet
Sébastien Thill;FC Progrès Niederkorn;wikidata (TM'de güncel kulüp yok);FC Progrès Niederkorn;;2025;hayır
Iñigo Martínez;Al-Nassr Football Club;transfermarkt;Al-Nassr;Al-Nassr Football Club;2025;hayır
Erdoğan Yeşilyurt;Antalyaspor;transfermarkt kadro sayfası (canlı);Altınordu F.K.;Antalyaspor;2025;evet
Arlind Ajeti;Bodrum FK;transfermarkt kadro sayfası (canlı);Bodrum FK;Bodrum FK;2025;hayır
Felipe Anderson;Sociedade Esportiva Palmeiras;transfermarkt (Wikidata farklı: SS Lazio, ama başlangıcı eski/tarihsiz);SS Lazio;Sociedade Esportiva Palmeiras;2025;hayır
Serge Gnabry;Bayern Munich;transfermarkt;;Bayern Munich;2025;hayır
Aytaç Kara;İstanbulspor;transfermarkt kadro sayfası (canlı);Trabzonspor;Kasimpasa;2024;evet
Theerathon Bunmathan;Muangthong United F.C.;wikidata (TM'de güncel kulüp yok);Muangthong United F.C.;;2025;hayır
Mohamed Elneny;;transfermarkt;;;2025;hayır
Filip Kostić;Juventus FC;transfermarkt (Wikidata farklı: PSV Eindhoven, ama başlangıcı eski/tarihsiz);PSV Eindhoven;Juventus FC;2025;hayır
Joshua Kimmich;Bayern Munich;transfermarkt;FC Bayern Munich;Bayern Munich;2025;hayır
Aníbal Godoy;San Diego Football Club;transfermarkt (Wikidata farklı: San Jose Earthquakes, ama başlangıcı eski/tarihsiz);San Jose Earthquakes;San Diego Football Club;2025;hayır
Djibril Sidibé;FC Toulouse;transfermarkt (Wikidata farklı: Le Mans F.C., ama başlangıcı eski/tarihsiz);Le Mans F.C.;FC Toulouse;2025;hayır
Raúl de Tomás;Rayo Vallecano;wikidata (TM'de güncel kulüp yok);Rayo Vallecano;Rayo Vallecano;2024;hayır
Niklas Stark;SV Werder Bremen;transfermarkt;SV Werder Bremen;SV Werder Bremen;2025;hayır
Josef Martínez;Club Tijuana;transfermarkt (Wikidata farklı: Atlanta United FC, ama başlangıcı eski/tarihsiz);Atlanta United FC;Club Tijuana;2025;hayır
Anastasios Bakasetas;Panathinaikos Athlitikos Omilos;transfermarkt (Wikidata farklı: Panathinaikos F.C., ama başlangıcı eski/tarihsiz);Panathinaikos F.C.;Panathinaikos Athlitikos Omilos;2025;hayır
Dénes Dibusz;Ferencvárosi TC;wikidata (TM'de güncel kulüp yok);Ferencvárosi TC;;2025;hayır
Daniele Rugani;Juventus FC;transfermarkt;Juventus FC;Juventus FC;2025;hayır
Laurent Jans;SK Beveren;transfermarkt;Sportkring Beveren;SK Beveren;2025;hayır
Eli Dasa;NEC Nijmegen;transfermarkt (Wikidata farklı: FC Dinamo Moscow, ama başlangıcı eski/tarihsiz);FC Dinamo Moscow;NEC Nijmegen;2025;hayır
Ji Dong-won;Macarthur FC;transfermarkt;Macarthur FC;Macarthur FC;2025;hayır
Raphaël Varane;Emekli / kulüpsüz;emekli (TM: son sezon eski);;Como 1907;2024;hayır
Jordan Veretout;Al-Arabi SC;wikidata (TM'de güncel kulüp yok);Al-Arabi SC;Olympique Lyon;2024;hayır
Stole Dimitrievski;Valencia CF;transfermarkt;;Valencia CF;2025;hayır
Berat Djimsiti;Atalanta BC;transfermarkt;Atalanta BC;Atalanta BC;2025;hayır
Erkan Kaş;Emekli / kulüpsüz;emekli (TM: 2+ sezondur oynamadı);Sivasspor;Yeni Malatyaspor;2020;evet
Takumi Minamino;AS Monaco;transfermarkt;AS Monaco FC;AS Monaco;2025;hayır
Matteo Politano;SSC Napoli;transfermarkt;SSC Napoli;SSC Napoli;2025;hayır
Moisés San Nicolás;FC Lusitanos;wikidata (TM'de güncel kulüp yok);FC Lusitanos;;2025;hayır
Roberto Lopes;Shamrock Rovers F.C.;wikidata (TM'de güncel kulüp yok);Shamrock Rovers F.C.;;2025;hayır
Leandro Paredes;Club Atlético Boca Juniors;transfermarkt;Boca Juniors;Club Atlético Boca Juniors;2025;hayır
Roman Zobnin;FK Spartak Moskva;transfermarkt (Wikidata farklı: Spartak Moscow, ama başlangıcı eski/tarihsiz);Spartak Moscow;FK Spartak Moskva;2025;hayır
Niklas Süle;Borussia Dortmund;transfermarkt;;Borussia Dortmund;2025;hayır
Enver Cenk Şahin;Emekli / kulüpsüz;emekli (TM: 2+ sezondur oynamadı);İstanbul Başakşehir F.K.;Gaziantep FK;2021;evet
Paddy McNair;Hull City;transfermarkt (Wikidata farklı: Manchester United F.C., ama başlangıcı eski/tarihsiz);Manchester United F.C.;Hull City;2025;hayır
Alassane Pléa;PSV Eindhoven;transfermarkt (Wikidata farklı: Borussia Mönchengladbach, ama başlangıcı eski/tarihsiz);Borussia Mönchengladbach;PSV Eindhoven;2025;hayır
Edvinas Girdvainis;FK Ekranas;wikidata (TM'de güncel kulüp yok);FK Ekranas;;2025;hayır
Youssouf M'Changama;Athlético Marseille;wikidata (TM'de güncel kulüp yok);Athlético Marseille;;2025;hayır
Andrea Belotti;Cagliari Calcio;transfermarkt (Wikidata farklı: Modena F.C., ama başlangıcı eski/tarihsiz);Modena F.C.;Cagliari Calcio;2025;hayır
Pierre-Emile Højbjerg;Olympique Marseille;transfermarkt;Olympique de Marseille;Olympique Marseille;2025;hayır
Memphis Depay;Sport Club Corinthians Paulista;transfermarkt;;Sport Club Corinthians Paulista;2025;hayır
Leander Dendoncker;Real Oviedo;transfermarkt (Wikidata farklı: HNK Hajduk Split, ama başlangıcı eski/tarihsiz);HNK Hajduk Split;Real Oviedo;2025;hayır
Ahmed Musa;Kano Pillars F.C.;wikidata (TM'de güncel kulüp yok);Kano Pillars F.C.;;2025;hayır
Ľubomír Šatka;Samsunspor;transfermarkt (KONTROL: kulübün güncel kadrosunda yok, yeni takımı bilinmiyor);Samsunspor FC;Samsunspor;2025;hayır
Silvan Widmer;1.FSV Mainz 05;transfermarkt;1. FSV Mainz 05;1.FSV Mainz 05;2025;hayır
Şener Özbayraklı;Emekli / kulüpsüz;emekli (TM: 2+ sezondur oynamadı);Fenerbahçe Istanbul;Basaksehir FK;2023;evet
Giovanni Di Lorenzo;SSC Napoli;transfermarkt;SSC Napoli;SSC Napoli;2025;hayır
Timo Werner;RB Leipzig;transfermarkt (Wikidata farklı: San Jose Earthquakes, ama başlangıcı eski/tarihsiz);San Jose Earthquakes;RB Leipzig;2025;hayır
Ziya Erdal;Sivasspor;wikidata (TM'de güncel kulüp yok);Sivasspor;Sivasspor;2024;evet
Ludwig Augustinsson;RSC Anderlecht;transfermarkt;R.S.C. Anderlecht;RSC Anderlecht;2025;hayır
André Biyogo Poko;Göztepe S.K.;wikidata (TM'de güncel kulüp yok);Göztepe S.K.;NK Istra 1961;2024;hayır
Salih Uçan;Gençlerbirliği;transfermarkt kadro sayfası (canlı);AS Roma;Beşiktaş Jimnastik Kulübü;2025;evet
Garry Mendes Rodrigues;PAOK FC;wikidata (TM'de güncel kulüp yok);PAOK FC;;2025;hayır
Mario Lemina;Galatasaray;transfermarkt kadro sayfası (canlı);Galatasaray S.K.;Galatasaray;2025;hayır
Raphaël Guerreiro;Bayern Munich;transfermarkt;;Bayern Munich;2025;hayır
Abdelkarim Hassan;Al Sadd Sports Club;wikidata (TM'de güncel kulüp yok);Al Sadd Sports Club;;2025;hayır
Riyad Mahrez;Al-Ahli Saudi Football Club;transfermarkt;;Al-Ahli Saudi Football Club;2025;hayır
Matt Doherty;Wolverhampton Wanderers;transfermarkt;Wolverhampton Wanderers F.C.;Wolverhampton Wanderers;2025;hayır
Veaceslav Posmac;Boluspor;wikidata (TM'de güncel kulüp yok);Boluspor;;2025;hayır
Yasser Al-Shahaaan;Al-Qadsiah Saudi Football Club;transfermarkt (Wikidata farklı: Al Hilal SFC, ama başlangıcı eski/tarihsiz);Al Hilal SFC;Al-Qadsiah Saudi Football Club;2025;hayır
Jung Woo-young;Al-Khaleej FC;wikidata (TM'de güncel kulüp yok);Al-Khaleej FC;Ulsan Hyundai Football Club;2024;hayır
Uğur Çiftçi;Sivasspor;transfermarkt kadro sayfası (canlı);Gençlerbirliği S.K.;Sivasspor;2024;evet
Bill Tuiloma;Wellington Phoenix;transfermarkt (Wikidata farklı: Charlotte FC, ama başlangıcı eski/tarihsiz);Charlotte FC;Wellington Phoenix;2025;hayır
Ramy Rabia;;transfermarkt;;;2025;hayır
Gurpreet Singh Sandhu;Bengaluru FC;wikidata (TM'de güncel kulüp yok);Bengaluru FC;;2025;hayır
Joel Pohjanpalo;Palermo FC;transfermarkt (Wikidata farklı: Fortuna Düsseldorf, ama başlangıcı eski/tarihsiz);Fortuna Düsseldorf;Palermo FC;2025;hayır
James Tarkowski;Everton FC;transfermarkt (Wikidata farklı: Burnley F.C., ama başlangıcı eski/tarihsiz);Burnley F.C.;Everton FC;2025;hayır
Robin Lod;Chicago Fire Soccer Club;transfermarkt (Wikidata farklı: Minnesota United FC, ama başlangıcı eski/tarihsiz);Minnesota United FC;Chicago Fire Soccer Club;2025;hayır
Davide Zappacosta;Atalanta BC;transfermarkt;Atalanta BC;Atalanta BC;2025;hayır
Morgan Sanson;OGC Nice;transfermarkt;OGC Nice;OGC Nice;2025;hayır
Fayçal Fajr;Deportivo de A Coruña;wikidata (TM'de güncel kulüp yok);Deportivo de A Coruña;Al-Taawoun Football Club;2024;hayır
Marcos Lopes;CD Tondela;transfermarkt (Wikidata farklı: Lille OSC, ama başlangıcı eski/tarihsiz);Lille OSC;CD Tondela;2025;hayır
Omar Colley;Djurgårdens IF Fotboll;wikidata (TM'de güncel kulüp yok);Djurgårdens IF Fotboll;Panthessalonikios Athlitikos Omilos Konstantinoupoliton;2024;hayır
Islam Slimani;CFR Cluj;transfermarkt;;CFR Cluj;2025;hayır
Youcef Belaïli;A.C. Ajaccio;wikidata (TM'de güncel kulüp yok);A.C. Ajaccio;;2025;hayır
Bernard;Clube Atlético Mineiro;transfermarkt;Clube Atlético Mineiro;Clube Atlético Mineiro;2025;hayır
Jonathan Castro Otto;Deportivo Alavés;transfermarkt (Wikidata farklı: PAOK FC, ama başlangıcı eski/tarihsiz);PAOK FC;Deportivo Alavés;2025;hayır
Ronwen Williams;SuperSport United F.C.;wikidata (TM'de güncel kulüp yok);SuperSport United F.C.;;2025;hayır
Eric Dier;AS Monaco;transfermarkt;AS Monaco FC;AS Monaco;2025;hayır
Anthony Nwakaeme;Trabzonspor;transfermarkt (KONTROL: kulübün güncel kadrosunda yok, yeni takımı bilinmiyor);Trabzonspor;Trabzonspor;2025;evet
Beykan Şimşek;Emekli / kulüpsüz;emekli (TM: 2+ sezondur oynamadı);Sivasspor;Göztepe;2021;evet
Aymeric Laporte;Athletic Bilbao;transfermarkt;Athletic Club;Athletic Bilbao;2025;hayır
Themba Zwane;Mamelodi Sundowns F.C.;wikidata (TM'de güncel kulüp yok);Mamelodi Sundowns F.C.;;2025;hayır
Salih Dursun;Emekli / kulüpsüz;emekli (TM: 2+ sezondur oynamadı);Trabzonspor;Fatih Karagümrük;2023;evet
Emrah Başsan;Antalyaspor;wikidata (TM'de güncel kulüp yok);Antalyaspor;Sivasspor;2024;evet
Cecilio Waterman;Centro Atlético Fénix;wikidata (TM'de güncel kulüp yok);Centro Atlético Fénix;;2025;hayır
Gerard Moreno;Villarreal CF;transfermarkt;Villarreal CF;Villarreal CF;2025;hayır
Nathan Aké;Fenerbahçe;transfermarkt kadro sayfası (canlı);Fenerbahçe Istanbul;Manchester City;2025;hayır
Miguel Trauco;Club Universitario de Deportes;wikidata (TM'de güncel kulüp yok);Club Universitario de Deportes;;2025;hayır
Mitchell Duke;Macarthur FC;transfermarkt (Wikidata farklı: Shimizu S-Pulse, ama başlangıcı eski/tarihsiz);Shimizu S-Pulse;Macarthur FC;2025;hayır
Domenico Berardi;US Sassuolo;transfermarkt (Wikidata farklı: Cosenza Calcio, ama başlangıcı eski/tarihsiz);Cosenza Calcio;US Sassuolo;2025;hayır
Michael Pinto;FC Dordrecht;transfermarkt (Wikidata farklı: C.F. Os Belenenses, ama başlangıcı eski/tarihsiz);C.F. Os Belenenses;FC Dordrecht;2025;hayır
Harry Maguire;Manchester United;transfermarkt;Manchester United F.C.;Manchester United;2025;hayır
Wilker Ángel;Real Madrid Club de Fútbol;wikidata (TM'de güncel kulüp yok);Real Madrid Club de Fútbol;;2025;hayır
Davie Selke;Başakşehir;transfermarkt kadro sayfası (canlı);İstanbul Başakşehir F.K.;Basaksehir FK;2025;hayır
Jean Seri;OGC Nice;wikidata (TM'de güncel kulüp yok);OGC Nice;;2025;hayır
Fábio Lima;Al Wasl FC;wikidata (TM'de güncel kulüp yok);Al Wasl FC;;2025;hayır
Michy Batshuayi;Eintracht Frankfurt;transfermarkt (Wikidata farklı: Abha, ama başlangıcı eski/tarihsiz);Abha;Eintracht Frankfurt;2025;hayır
Vladimír Darida;FC Hradec Kralove;transfermarkt;FC Hradec Králové;FC Hradec Kralove;2025;hayır
Andraž Šporar;Panathinaikos F.C.;wikidata (CSV'deki kulübün güncel kadrosunda yok);Panathinaikos F.C.;Alanyaspor;2025;hayır
Sardar Azmoun;Shabab AlAhli Dubai Club;wikidata (TM'de güncel kulüp yok);Shabab AlAhli Dubai Club;;2025;hayır
Piotr Zieliński;Inter Milan;transfermarkt;Inter Milan;Inter Milan;2025;hayır
Sébastien Haller;Sanfrecce Hiroshima;transfermarkt;Sanfrecce Hiroshima;Sanfrecce Hiroshima;2025;hayır
Arthur Masuaku;Konyaspor;transfermarkt kadro sayfası (canlı);Olympiacos F.C.;Sunderland AFC;2025;hayır
James Ward-Prowse;West Ham United;transfermarkt (Wikidata farklı: Southampton F.C., ama başlangıcı eski/tarihsiz);Southampton F.C.;West Ham United;2025;hayır
Massimo Luongo;Millwall F.C.;wikidata (TM'de güncel kulüp yok);Millwall F.C.;Ipswich Town;2024;hayır
Marquinhos;Paris Saint-Germain;transfermarkt;Paris Saint-Germain FC;Paris Saint-Germain;2025;hayır
Emerson Palmieri;Olympique Marseille;transfermarkt;Olympique de Marseille;Olympique Marseille;2025;hayır
Mbwana Samatta;Le Havre AC;transfermarkt (Wikidata farklı: Aston Villa F.C., ama başlangıcı eski/tarihsiz);Aston Villa F.C.;Le Havre AC;2025;hayır
Quincy Promes;Emekli / kulüpsüz;emekli (TM: 2+ sezondur oynamadı);Spartak Moscow;FK Spartak Moskva;2023;hayır
Pieros Sotiriou;F.C. Copenhagen;wikidata (TM'de güncel kulüp yok);F.C. Copenhagen;;2025;hayır
Ahmet Çalık;Emekli / kulüpsüz;emekli (TM: 2+ sezondur oynamadı);Gençlerbirliği S.K.;Konyaspor;2021;evet
Tiemoué Bakayoko;PAOK FC;wikidata (TM'de güncel kulüp yok);PAOK FC;Panthessalonikios Athlitikos Omilos Konstantinoupoliton;2024;hayır
João Cancelo;Al-Hilal Saudi Football Club;transfermarkt (Wikidata farklı: FC Barcelona, ama başlangıcı eski/tarihsiz);FC Barcelona;Al-Hilal Saudi Football Club;2025;hayır
Fidan Aliti;Alanyaspor;transfermarkt kadro sayfası (canlı);FC Sheriff Tiraspol;Alanyaspor;2025;hayır
Anthony Martial;Athlitiki Enosi Konstantinoupoleos;transfermarkt (Wikidata farklı: Club de Fútbol Monterrey, ama başlangıcı eski/tarihsiz);Club de Fútbol Monterrey;Athlitiki Enosi Konstantinoupoleos;2025;hayır
Seko Fofana;Stade Rennais FC;transfermarkt (Wikidata farklı: Udinese Calcio, ama başlangıcı eski/tarihsiz);Udinese Calcio;Stade Rennais FC;2025;hayır
Jean-Philippe Gbamin;FC Metz;transfermarkt (Wikidata farklı: R.C. Lens, ama başlangıcı eski/tarihsiz);R.C. Lens;FC Metz;2025;hayır
Clément Lenglet;Atlético de Madrid;transfermarkt (Wikidata farklı: S.L. Benfica, ama başlangıcı eski/tarihsiz);S.L. Benfica;Atlético de Madrid;2025;hayır
Mike Maignan;AC Milan;transfermarkt;AC Milan;AC Milan;2025;hayır
Adrien Rabiot;Olympique Marseille;transfermarkt (Wikidata farklı: AC Milan, ama başlangıcı eski/tarihsiz);AC Milan;Olympique Marseille;2025;hayır
Davy Klaassen;Ajax Amsterdam;transfermarkt (Wikidata farklı: AFC Ajax, ama başlangıcı eski/tarihsiz);AFC Ajax;Ajax Amsterdam;2025;hayır
Luke Shaw;Manchester United;transfermarkt;Manchester United F.C.;Manchester United;2025;hayır
Patrick Bamford;Emekli / kulüpsüz;emekli (TM: 2+ sezondur oynamadı);;Leeds United;2022;hayır
Petar Stojanović;Legia Warszawa;transfermarkt (Wikidata farklı: Legia Warsaw, ama başlangıcı eski/tarihsiz);Legia Warsaw;Legia Warszawa;2025;hayır
Ümit Kurt;Emekli / kulüpsüz;emekli (TM: 2+ sezondur oynamadı);Çaykur Rizespor;Caykur Rizespor;2016;evet
Tayfur Bingöl;Kocaelispor;transfermarkt kadro sayfası (canlı);Alanyaspor;Beşiktaş Jimnastik Kulübü;2025;evet
Naïm Sliti;Al Ahli SC;wikidata (TM'de güncel kulüp yok);Al Ahli SC;;2025;hayır
Emil Krafth;Newcastle United;transfermarkt;;Newcastle United;2025;hayır
Victor Lindelöf;Aston Villa;transfermarkt;Aston Villa F.C.;Aston Villa;2025;hayır
Florian Thauvin;RC Lens;transfermarkt;R.C. Lens;RC Lens;2025;hayır
Georgi Dzhikiya;Spartak Moscow;wikidata (CSV'deki kulübün güncel kadrosunda yok);Spartak Moscow;Antalyaspor;2025;hayır
Almahdi Ali Mukhtar;Al-Gharafa SC;wikidata (TM'de güncel kulüp yok);Al-Gharafa SC;;2025;hayır
Igor Sergeev;Pakhtakor Tashkent FK;wikidata (TM'de güncel kulüp yok);Pakhtakor Tashkent FK;;2025;hayır
Bobby De Cordova-Reid;Leicester City;transfermarkt (Wikidata farklı: Bristol City F.C., ama başlangıcı eski/tarihsiz);Bristol City F.C.;Leicester City;2025;hayır
Giorgi Kvilitaia;FC Metz;transfermarkt (Wikidata farklı: Anorthosis Famagusta FC, ama başlangıcı eski/tarihsiz);Anorthosis Famagusta FC;FC Metz;2025;hayır
John Stones;Manchester City;transfermarkt (Wikidata farklı: Inter Milan, ama başlangıcı eski/tarihsiz);Inter Milan;Manchester City;2025;hayır
Mohamed Elyounoussi;FC Copenhagen;transfermarkt;F.C. Copenhagen;FC Copenhagen;2025;hayır
Budu Zivzivadze;1. Fußballclub Heidenheim 1846;transfermarkt (Wikidata farklı: Karlsruher SC, ama başlangıcı eski/tarihsiz);Karlsruher SC;1. Fußballclub Heidenheim 1846;2025;hayır
Miloš Degenek;FK TSC Backa Topola;transfermarkt (Wikidata farklı: FK Crvena zvezda, ama başlangıcı eski/tarihsiz);FK Crvena zvezda;FK TSC Backa Topola;2025;hayır
Julian Brandt;Borussia Dortmund;transfermarkt (Wikidata farklı: AFC Ajax, ama başlangıcı eski/tarihsiz);AFC Ajax;Borussia Dortmund;2025;hayır
Ante Rebić;HNK Hajduk Split;transfermarkt;;HNK Hajduk Split;2025;hayır
Ahmed Alaaeldin;Al-Gharafa SC;wikidata (TM'de güncel kulüp yok);Al-Gharafa SC;;2025;hayır
Ryan Christie;AFC Bournemouth;transfermarkt (Wikidata farklı: Celtic F.C., ama başlangıcı eski/tarihsiz);Celtic F.C.;AFC Bournemouth;2025;hayır
Benjamin Verbič;APO Levadiakos Football Club;transfermarkt (Wikidata farklı: FC Dynamo Kyiv, ama başlangıcı eski/tarihsiz);FC Dynamo Kyiv;APO Levadiakos Football Club;2025;hayır
Ramin Rezaeian;Persepolis F.C.;wikidata (TM'de güncel kulüp yok);Persepolis F.C.;;2025;hayır
Francisco Calvo;Al-Ettifaq Football Club;transfermarkt (Wikidata farklı: San Jose Earthquakes, ama başlangıcı eski/tarihsiz);San Jose Earthquakes;Al-Ettifaq Football Club;2025;hayır
Manu Trigueros;Emekli / kulüpsüz;emekli (TM: 2+ sezondur oynamadı);Talavera CF;Villarreal CF;2023;hayır
Shoya Nakajima;Urawa Red Diamonds;transfermarkt (Wikidata farklı: Antalyaspor, ama başlangıcı eski/tarihsiz);Antalyaspor;Urawa Red Diamonds;2025;hayır
Tugay Kaçar;Giresunspor;wikidata (TM'de güncel kulüp yok);Giresunspor;Eyüpspor;2024;evet
Samuel Piette;Club de Foot Montréal;transfermarkt (Wikidata farklı: Deportivo de A Coruña, ama başlangıcı eski/tarihsiz);Deportivo de A Coruña;Club de Foot Montréal;2025;hayır
Andy Polo;Club Universitario de Deportes;wikidata (TM'de güncel kulüp yok);Club Universitario de Deportes;;2025;hayır
Lucas Ocampos;CF Monterrey;transfermarkt;Club de Fútbol Monterrey;CF Monterrey;2025;hayır
Carlos Gruezo;Santos Laguna;transfermarkt (Wikidata farklı: FC Augsburg, ama başlangıcı eski/tarihsiz);FC Augsburg;Santos Laguna;2025;hayır
Alvas Powell;Football Club Cincinnati;transfermarkt;FC Cincinnati;Football Club Cincinnati;2025;hayır
Paul Arriola;Seattle Sounders FC;transfermarkt (Wikidata farklı: D.C. United, ama başlangıcı eski/tarihsiz);D.C. United;Seattle Sounders FC;2025;hayır
Kellyn Acosta;Pogon Szczecin;transfermarkt (Wikidata farklı: FC Dallas, ama başlangıcı eski/tarihsiz);FC Dallas;Pogon Szczecin;2025;hayır
Predrag Rajković;Al-Ittihad Football Club;transfermarkt;;Al-Ittihad Football Club;2025;hayır
Maximilian Eggestein;SC Freiburg;transfermarkt;SC Freiburg;SC Freiburg;2025;hayır
Corentin Tolisso;Olympique Lyon;transfermarkt;Olympique Lyonnais;Olympique Lyon;2025;hayır
Vykintas Slivka;Juventus FC;wikidata (TM'de güncel kulüp yok);Juventus FC;;2025;hayır
Héctor Bellerín;Real Betis Balompié;transfermarkt;Real Betis Balompié;Real Betis Balompié;2025;hayır
Yusuf Erdoğan;Emekli / kulüpsüz;emekli (TM: son sezon eski);;Konyaspor;2024;evet
Fred;Clube Atlético Mineiro;wikidata (CSV'deki kulübün güncel kadrosunda yok);Clube Atlético Mineiro;Fenerbahce;2025;hayır
Darko Velkovski;;transfermarkt;;;2025;hayır
Arkadiusz Milik;Juventus FC;transfermarkt;Juventus FC;Juventus FC;2025;hayır
Ferjani Sassi;Al-Gharafa SC;wikidata (TM'de güncel kulüp yok);Al-Gharafa SC;;2025;hayır
Nick Pope;Newcastle United;transfermarkt;Newcastle United F.C.;Newcastle United;2025;hayır
Kepa Arrizabalaga;Arsenal FC;transfermarkt;Arsenal F.C.;Arsenal FC;2025;hayır
Jackson Irvine;FC St. Pauli;transfermarkt (Wikidata farklı: Cerezo Osaka, ama başlangıcı eski/tarihsiz);Cerezo Osaka;FC St. Pauli;2025;hayır
Leroy Sané;Galatasaray;transfermarkt kadro sayfası (canlı);Galatasaray S.K.;Galatasaray;2025;hayır
Nico Elvedi;Borussia Mönchengladbach;transfermarkt (Wikidata farklı: Leeds United F.C., ama başlangıcı eski/tarihsiz);Leeds United F.C.;Borussia Mönchengladbach;2025;hayır
Vladislavs Gutkovskis;Morski Związkowy Klub Sportowy Arka Gdynia Spółka Akcyjna;transfermarkt (Wikidata farklı: Skonto FC, ama başlangıcı eski/tarihsiz);Skonto FC;Morski Związkowy Klub Sportowy Arka Gdynia Spółka Akcyjna;2025;hayır
Stanislav Lobotka;SSC Napoli;transfermarkt;SSC Napoli;SSC Napoli;2025;hayır
Ben Davies;Tottenham Hotspur;transfermarkt;Tottenham Hotspur F.C.;Tottenham Hotspur;2025;hayır
Mehdi Khalil;Al Ahed FC;wikidata (TM'de güncel kulüp yok);Al Ahed FC;;2025;hayır
William Troost-Ekong;Al-Kholood Club;transfermarkt (Wikidata farklı: Al Ahli SC, ama başlangıcı eski/tarihsiz);Al Ahli SC;Al-Kholood Club;2025;hayır
Waldemar Anton;Borussia Dortmund;transfermarkt (Wikidata farklı: VfB Stuttgart, ama başlangıcı eski/tarihsiz);VfB Stuttgart;Borussia Dortmund;2025;hayır
Álex Grimaldo;Bayer 04 Leverkusen;transfermarkt (Wikidata farklı: Atlético Madrid, ama başlangıcı eski/tarihsiz);Atlético Madrid;Bayer 04 Leverkusen;2025;hayır
Alexandre Moreno Lopera;Girona FC;transfermarkt;Girona FC;Girona FC;2025;hayır
John McGinn;Aston Villa;transfermarkt;Aston Villa F.C.;Aston Villa;2025;hayır
Fahad Al-Muwallad;Emekli / kulüpsüz;emekli (TM: son sezon eski);;Al-Shabab Club;2024;hayır
Abdullah Otayf;Al-Ahli Saudi Football Club;transfermarkt;Al Ahli FC;Al-Ahli Saudi Football Club;2025;hayır
Lucas Alario;Club Estudiantes de La Plata;transfermarkt (Wikidata farklı: Sacachispas Fútbol Club, ama başlangıcı eski/tarihsiz);Sacachispas Fútbol Club;Club Estudiantes de La Plata;2025;hayır
Renato Steffen;FC Lugano;transfermarkt (Wikidata farklı: FC Basel, ama başlangıcı eski/tarihsiz);FC Basel;FC Lugano;2025;hayır
Edison Flores;D.C. United;wikidata (TM'de güncel kulüp yok);D.C. United;;2025;hayır
Salem Al-Dawsari;Al-Hilal Saudi Football Club;transfermarkt (Wikidata farklı: Al Hilal SFC, ama başlangıcı eski/tarihsiz);Al Hilal SFC;Al-Hilal Saudi Football Club;2025;hayır
Kendall Waston;Deportivo Saprissa;wikidata (TM'de güncel kulüp yok);Deportivo Saprissa;;2025;hayır
Florian Grillitsch;SC Braga;transfermarkt (Wikidata farklı: Frosinone Calcio, ama başlangıcı eski/tarihsiz);Frosinone Calcio;SC Braga;2025;hayır
Alexander Nübel;Beşiktaş;transfermarkt kadro sayfası (canlı);Beşiktaş J.K.;VfB Stuttgart;2025;evet
Bartolomeu Jacinto Quissanga;S. A. F. Botafogo;transfermarkt (Wikidata farklı: FC Rostov, ama başlangıcı eski/tarihsiz);FC Rostov;S. A. F. Botafogo;2025;hayır
Luca Waldschmidt;1.FC Köln;transfermarkt (Wikidata farklı: Eintracht Frankfurt, ama başlangıcı eski/tarihsiz);Eintracht Frankfurt;1.FC Köln;2025;hayır
Jonathan Tah;Bayern Munich;transfermarkt;FC Bayern Munich;Bayern Munich;2025;hayır
Sinan Gümüş;Genoa CFC;wikidata (TM'de güncel kulüp yok);Genoa CFC;Eyüpspor;2024;evet
Julian Weigl;Al-Qadsiah Saudi Football Club;transfermarkt;Al Qadsiah FC;Al-Qadsiah Saudi Football Club;2025;hayır
Andreas Christensen;FC Barcelona;transfermarkt;FC Barcelona;FC Barcelona;2025;hayır
Federico Bernardeschi;Bologna Football Club 1909;transfermarkt (Wikidata farklı: Bologna F.C. 1909, ama başlangıcı eski/tarihsiz);Bologna F.C. 1909;Bologna Football Club 1909;2025;hayır
Mattia Caldara;Emekli / kulüpsüz;emekli (TM: 2+ sezondur oynamadı);AC Cesena;AC Milan;2023;hayır
Roberto Gagliardini;Hellas Verona;transfermarkt (Wikidata farklı: Inter Milan, ama başlangıcı eski/tarihsiz);Inter Milan;Hellas Verona;2025;hayır
Alessio Romagnoli;Società Sportiva Lazio S.p.A.;transfermarkt (Wikidata farklı: Al Sadd Sports Club, ama başlangıcı eski/tarihsiz);Al Sadd Sports Club;Società Sportiva Lazio S.p.A.;2025;hayır
Jamie Vardy;US Cremonese;transfermarkt (Wikidata farklı: Burnley F.C., ama başlangıcı eski/tarihsiz);Burnley F.C.;US Cremonese;2025;hayır
André Silva;Elche CF;transfermarkt (Wikidata farklı: FC Porto, ama başlangıcı eski/tarihsiz);FC Porto;Elche CF;2025;hayır
Federico Dimarco;Inter Milan;transfermarkt;Inter Milan;Inter Milan;2025;hayır
Badavi Guseynov;Qarabağ FK;wikidata (TM'de güncel kulüp yok);Qarabağ FK;;2025;hayır
Zach Muscat;GD Chaves;transfermarkt (Wikidata farklı: ASD Akragas 2018, ama başlangıcı eski/tarihsiz);ASD Akragas 2018;GD Chaves;2025;hayır
Askhat Tagybergen;FC Tobol;wikidata (TM'de güncel kulüp yok);FC Tobol;;2025;hayır
Rauno Sappinen;FC Flora Tallinn;wikidata (TM'de güncel kulüp yok);FC Flora Tallinn;;2025;hayır
Bryan Cristante;Associazione Sportiva Roma;transfermarkt (Wikidata farklı: Palermo F.C., ama başlangıcı eski/tarihsiz);Palermo F.C.;Associazione Sportiva Roma;2025;hayır
Andrea Petagna;Ascoli Calcio 1898 FC;wikidata (TM'de güncel kulüp yok);Ascoli Calcio 1898 FC;AC Monza;2024;hayır
Abdülkerim Bardakçı;Galatasaray;transfermarkt kadro sayfası (canlı);Konyaspor;Galatasaray;2025;evet
Elseid Hysaj;Società Sportiva Lazio S.p.A.;transfermarkt;;Società Sportiva Lazio S.p.A.;2025;hayır
Sadio Mané;Al-Nassr Football Club;transfermarkt;Al-Nassr;Al-Nassr Football Club;2025;hayır
Marco Benassi;Emekli / kulüpsüz;emekli (TM: 2+ sezondur oynamadı);Torino FC;ACF Fiorentina;2022;hayır
Hattan Bahebri;Al-Kholood Club;transfermarkt (Wikidata farklı: Al-Shabab Football Club, ama başlangıcı eski/tarihsiz);Al-Shabab Football Club;Al-Kholood Club;2025;hayır
Benjamin Henrichs;RB Leipzig;transfermarkt;RB Leipzig;RB Leipzig;2025;hayır
Andrejs Ciganiks;FC Luzern;transfermarkt (Wikidata farklı: Schalke 04, ama başlangıcı eski/tarihsiz);Schalke 04;FC Luzern;2025;hayır
Ruben Loftus-Cheek;AC Milan;transfermarkt;AC Milan;AC Milan;2025;hayır
Danny Ward;Liverpool F.C.;wikidata (TM'de güncel kulüp yok);Liverpool F.C.;;2025;hayır
Chancel Mbemba;LOSC Lille;transfermarkt (Wikidata farklı: Newcastle United F.C., ama başlangıcı eski/tarihsiz);Newcastle United F.C.;LOSC Lille;2025;hayır
Andreas Pereira;Sociedade Esportiva Palmeiras;transfermarkt;;Sociedade Esportiva Palmeiras;2025;hayır
Andreas Cornelius;FC Copenhagen;transfermarkt (Wikidata farklı: Atalanta BC, ama başlangıcı eski/tarihsiz);Atalanta BC;FC Copenhagen;2025;hayır
Jack Grealish;Everton FC;transfermarkt;Everton F.C.;Everton FC;2025;hayır
Nabil Fekir;Abha;wikidata (TM'de güncel kulüp yok);Abha;Real Betis Balompié;2024;hayır
Oleksandr Zinchenko;Ajax Amsterdam;transfermarkt (Wikidata farklı: AFC Ajax, ama başlangıcı eski/tarihsiz);AFC Ajax;Ajax Amsterdam;2025;hayır
Matúš Bero;VfL Bochum;transfermarkt (Wikidata farklı: FK AS Trenčín, ama başlangıcı eski/tarihsiz);FK AS Trenčín;VfL Bochum;2025;hayır
Milan Škriniar;Fenerbahçe;transfermarkt kadro sayfası (canlı);Fenerbahçe Istanbul;Fenerbahce;2025;hayır
Adama Traoré;West Ham United;transfermarkt (Wikidata farklı: Deportivo de A Coruña, ama başlangıcı eski/tarihsiz);Deportivo de A Coruña;West Ham United;2025;hayır
Taylan Antalyalı;Çaykur Rizespor;transfermarkt kadro sayfası (canlı);Galatasaray S.K.;Caykur Rizespor;2025;evet
Okan Kocuk;Samsunspor;transfermarkt kadro sayfası (canlı);Bursaspor;Samsunspor;2025;evet
Romain Saïss;Angers SCO;wikidata (TM'de güncel kulüp yok);Angers SCO;;2025;hayır
Emre Taşdemir;Bursaspor;wikidata (CSV'deki kulübün güncel kadrosunda yok);Bursaspor;Kasimpasa;2025;evet
Saman Ghoddos;Brentford F.C.;wikidata (TM'de güncel kulüp yok);Brentford F.C.;;2025;hayır
Dor Peretz;;transfermarkt;;;2025;hayır
Norbert Gyömbér;Al-Kholood Club;transfermarkt (Wikidata farklı: AS Roma, ama başlangıcı eski/tarihsiz);AS Roma;Al-Kholood Club;2025;hayır
Mattias Käit;FC Thun;transfermarkt;FC Thun;FC Thun;2025;hayır
Selim Ilgaz;Emekli / kulüpsüz;emekli (TM: 2+ sezondur oynamadı);Fatih Karagümrük S.K.;Hatayspor;2020;evet
Thomas Lemar;Girona FC;transfermarkt (Wikidata farklı: Elche CF, ama başlangıcı eski/tarihsiz);Elche CF;Girona FC;2025;hayır
Gjoko Zajkov;;transfermarkt;;;2025;hayır
Dominik Livaković;Girona FC;transfermarkt (Wikidata farklı: FC Barcelona, ama başlangıcı eski/tarihsiz);FC Barcelona;Girona FC;2025;hayır
Mario Pašalić;Atalanta BC;transfermarkt;Atalanta BC;Atalanta BC;2025;hayır
Raúl Jiménez;Fulham FC;transfermarkt (Wikidata farklı: Wolverhampton Wanderers F.C., ama başlangıcı eski/tarihsiz);Wolverhampton Wanderers F.C.;Fulham FC;2025;hayır
Paulo Dybala;Associazione Sportiva Roma;transfermarkt;AS Roma;Associazione Sportiva Roma;2025;hayır
Robin Quaison;Palermo F.C.;wikidata (TM'de güncel kulüp yok);Palermo F.C.;Aris Thessalonikis;2024;hayır
Jalal Hasan;Al-Zawra'a SC;wikidata (TM'de güncel kulüp yok);Al-Zawra'a SC;;2025;hayır
Jānis Ikaunieks;FC Metz;wikidata (TM'de güncel kulüp yok);FC Metz;;2025;hayır
Andrija Živković;Panthessalonikios Athlitikos Omilos Konstantinoupoliton;transfermarkt (Wikidata farklı: PAOK FC, ama başlangıcı eski/tarihsiz);PAOK FC;Panthessalonikios Athlitikos Omilos Konstantinoupoliton;2025;hayır
Sergio Rico;Emekli / kulüpsüz;emekli (TM: 2+ sezondur oynamadı);Al-Gharafa SC;Paris Saint-Germain;2023;hayır
Visar Musliu;Sint-Truidense VV;transfermarkt (Wikidata farklı: FC St. Gallen, ama başlangıcı eski/tarihsiz);FC St. Gallen;Sint-Truidense VV;2025;hayır
Boban Nikolov;FCV Farul Constanta;transfermarkt (Wikidata farklı: SSC Farul Constanța, ama başlangıcı eski/tarihsiz);SSC Farul Constanța;FCV Farul Constanta;2025;hayır
Yassine Bounou;Al-Hilal Saudi Football Club;transfermarkt (Wikidata farklı: Al Hilal SFC, ama başlangıcı eski/tarihsiz);Al Hilal SFC;Al-Hilal Saudi Football Club;2025;hayır
Ruslan Malinovskyi;Trabzonspor;transfermarkt kadro sayfası (canlı);Trabzonspor;Genoa CFC;2025;hayır
Dele Alli;Emekli / kulüpsüz;emekli (TM: son sezon eski);;Como 1907;2024;hayır
Mohammed Al-Maslami;Fanja SC;wikidata (TM'de güncel kulüp yok);Fanja SC;;2025;hayır
George Pușcaș;FC Dinamo 1948;transfermarkt (Wikidata farklı: FC Dinamo Bucharest, ama başlangıcı eski/tarihsiz);FC Dinamo Bucharest;FC Dinamo 1948;2025;hayır
Emre Kılınç;Samsunspor;transfermarkt kadro sayfası (canlı);Boluspor;Samsunspor;2025;evet
Akhtam Nazarov;Istiqlol Dushanbe;wikidata (TM'de güncel kulüp yok);Istiqlol Dushanbe;;2025;hayır
Solly March;Brighton & Hove Albion;transfermarkt;Brighton & Hove Albion F.C.;Brighton & Hove Albion;2025;hayır
Seifeddine Jaziri;Zamalek SC;wikidata (TM'de güncel kulüp yok);Zamalek SC;;2025;hayır
Baghdad Bounedjah;Al Sadd Sports Club;wikidata (TM'de güncel kulüp yok);Al Sadd Sports Club;;2025;hayır
Darwin Machís;CD América de Cali;transfermarkt (Wikidata farklı: Sociedad Deportiva Huesca, ama başlangıcı eski/tarihsiz);Sociedad Deportiva Huesca;CD América de Cali;2025;hayır
Miguel Araujo;FC Emmen;wikidata (TM'de güncel kulüp yok);FC Emmen;;2025;hayır
Ali Abdi;OGC Nice;transfermarkt;OGC Nice;OGC Nice;2025;hayır
Valery Kichin;;transfermarkt;;;2025;hayır
Halil Akbunar;Göztepe S.K.;wikidata (CSV'deki kulübün güncel kadrosunda yok);Göztepe S.K.;Eyüpspor;2025;evet
Farrukh Sayfiev;FC Neftchi Fergana;wikidata (TM'de güncel kulüp yok);FC Neftchi Fergana;;2025;hayır
Djibril Sow;Sevilla FC;transfermarkt (Wikidata farklı: Genoa CFC, ama başlangıcı eski/tarihsiz);Genoa CFC;Sevilla FC;2025;hayır
Dimitris Pelkas;Panthessalonikios Athlitikos Omilos Konstantinoupoliton;transfermarkt;;Panthessalonikios Athlitikos Omilos Konstantinoupoliton;2025;hayır
Adam Webster;Brighton & Hove Albion;transfermarkt;Brighton & Hove Albion F.C.;Brighton & Hove Albion;2025;hayır
Alejandro Remiro;Real Sociedad;transfermarkt;Real Sociedad;Real Sociedad;2025;hayır
Nicușor Bancu;Universitatea Craiova;transfermarkt;CS Universitatea Craiova;Universitatea Craiova;2025;hayır
Alireza Jahanbakhsh;FCV Dender EH;transfermarkt (Wikidata farklı: Excelsior Rotterdam, ama başlangıcı eski/tarihsiz);Excelsior Rotterdam;FCV Dender EH;2025;hayır
Shojae Khalilzadeh;Al Ahli SC;wikidata (TM'de güncel kulüp yok);Al Ahli SC;;2025;hayır
Islambek Kuat;FC Kairat;wikidata (TM'de güncel kulüp yok);FC Kairat;;2025;hayır
Otar Kakabadze;Cracovia;transfermarkt;Cracovia;Cracovia;2025;hayır
Luciano Vietto;Club Atlético San Lorenzo de Almagro;transfermarkt (Wikidata farklı: Atlético Madrid, ama başlangıcı eski/tarihsiz);Atlético Madrid;Club Atlético San Lorenzo de Almagro;2025;hayır
Mateus Uribe;Atlético Nacional;transfermarkt;Atlético Nacional;Atlético Nacional;2025;hayır
Connor Roberts;Burnley FC;transfermarkt (Wikidata farklı: Yeovil Town F.C., ama başlangıcı eski/tarihsiz);Yeovil Town F.C.;Burnley FC;2025;hayır
Gustavo Gómez;Sociedade Esportiva Palmeiras;transfermarkt (Wikidata farklı: Boca Juniors, ama başlangıcı eski/tarihsiz);Boca Juniors;Sociedade Esportiva Palmeiras;2025;hayır
Lukas Klostermann;RB Leipzig;transfermarkt;RB Leipzig;RB Leipzig;2025;hayır
Erick Pulgar;Clube de Regatas do Flamengo;transfermarkt (Wikidata farklı: Bologna F.C. 1909, ama başlangıcı eski/tarihsiz);Bologna F.C. 1909;Clube de Regatas do Flamengo;2025;hayır
Ricardo Pereira;OGC Nice;wikidata (TM'de güncel kulüp yok);OGC Nice;Leicester City;2024;hayır
Stefano Sensi;Coventry City F.C.;wikidata (TM'de güncel kulüp yok);Coventry City F.C.;AC Monza;2024;hayır
Tomáš Holeš;SK Slavia Prague;transfermarkt;SK Slavia Prague;SK Slavia Prague;2025;hayır
Jérémie Boga;Juventus FC;transfermarkt (Wikidata farklı: US Sassuolo Calcio, ama başlangıcı eski/tarihsiz);US Sassuolo Calcio;Juventus FC;2025;hayır
İrfan Kahveci;Fenerbahçe;transfermarkt kadro sayfası (canlı);Fenerbahçe Istanbul;Kasimpasa;2025;hayır
Deniz Türüç;Konyaspor;transfermarkt kadro sayfası (canlı);Kayserispor;Basaksehir FK;2025;evet
Rebin Sulaka;Elverum Fotball;wikidata (TM'de güncel kulüp yok);Elverum Fotball;;2025;hayır
Hakim Ziyech;Botafogo F.R.;wikidata (TM'de güncel kulüp yok);Botafogo F.R.;Galatasaray;2024;hayır
Neal Maupay;Olympique Marseille;transfermarkt;;Olympique Marseille;2025;hayır
Patrik Hrošovský;KRC Genk;transfermarkt (Wikidata farklı: FC Viktoria Plzeň, ama başlangıcı eski/tarihsiz);FC Viktoria Plzeň;KRC Genk;2025;hayır
Óscar Romero;Club Atlético Huracán;transfermarkt (Wikidata farklı: Deportivo Alavés, ama başlangıcı eski/tarihsiz);Deportivo Alavés;Club Atlético Huracán;2025;hayır
László Kleinheisler;FK Csikszereda Miercurea Ciuc;transfermarkt;FK Csíkszereda;FK Csikszereda Miercurea Ciuc;2025;hayır
Omar Al Somah;Al-Hazem Sport Club;transfermarkt (Wikidata farklı: Al-Arabi SC, ama başlangıcı eski/tarihsiz);Al-Arabi SC;Al-Hazem Sport Club;2025;hayır
Issiaga Sylla;A.G.S Asteras Tripolis;transfermarkt (Wikidata farklı: Gazélec Ajaccio, ama başlangıcı eski/tarihsiz);Gazélec Ajaccio;A.G.S Asteras Tripolis;2025;hayır
André Gomes;LOSC Lille;transfermarkt (Wikidata farklı: Columbus Crew, ama başlangıcı eski/tarihsiz);Columbus Crew;LOSC Lille;2025;hayır
Lucas Cavallini;Puebla FC;transfermarkt (Wikidata farklı: Centro Atlético Fénix, ama başlangıcı eski/tarihsiz);Centro Atlético Fénix;Puebla FC;2025;hayır
Djené;Getafe CF;transfermarkt;Getafe CF;Getafe CF;2025;hayır
Lucas Vázquez;Bayer 04 Leverkusen;transfermarkt;Bayer 04 Leverkusen;Bayer 04 Leverkusen;2025;hayır
José Luis Gayà;Valencia CF;transfermarkt;Valencia CF;Valencia CF;2025;hayır
Kiril Despodov;Panthessalonikios Athlitikos Omilos Konstantinoupoliton;transfermarkt (Wikidata farklı: PFC Litex Lovech II, ama başlangıcı eski/tarihsiz);PFC Litex Lovech II;Panthessalonikios Athlitikos Omilos Konstantinoupoliton;2025;hayır
Romell Quioto;Al-Najma Sport Club;transfermarkt (Wikidata farklı: C.D. Olimpia, ama başlangıcı eski/tarihsiz);C.D. Olimpia;Al-Najma Sport Club;2025;hayır
Roman Yaremchuk;Olympiakos Syndesmos Filathlon Peiraios;transfermarkt (Wikidata farklı: Olympiacos F.C., ama başlangıcı eski/tarihsiz);Olympiacos F.C.;Olympiakos Syndesmos Filathlon Peiraios;2025;hayır
Thomas Strakosha;Athlitiki Enosi Konstantinoupoleos;transfermarkt (Wikidata farklı: AEK Athens F.C., ama başlangıcı eski/tarihsiz);AEK Athens F.C.;Athlitiki Enosi Konstantinoupoleos;2025;hayır
Marko Janković;Qarabağ FK;wikidata (TM'de güncel kulüp yok);Qarabağ FK;;2025;hayır
Lasha Dvali;Śląsk Wrocław;wikidata (TM'de güncel kulüp yok);Śląsk Wrocław;;2025;hayır
Karim Boudiaf;Al-Duhail SC;wikidata (TM'de güncel kulüp yok);Al-Duhail SC;;2025;hayır
Boualem Khoukhi;Al Sadd Sports Club;wikidata (TM'de güncel kulüp yok);Al Sadd Sports Club;;2025;hayır
Marko Grujić;Athlitiki Enosi Konstantinoupoleos;transfermarkt (Wikidata farklı: PFC Levski Sofia, ama başlangıcı eski/tarihsiz);PFC Levski Sofia;Athlitiki Enosi Konstantinoupoleos;2025;hayır
Gökhan Akkan;Gençlerbirliği;transfermarkt kadro sayfası (canlı);Çaykur Rizespor;Gençlerbirliği Spor Kulübü;2025;evet
Fredrik Aursnes;SL Benfica;transfermarkt (Wikidata farklı: Molde FK, ama başlangıcı eski/tarihsiz);Molde FK;SL Benfica;2025;hayır
Ismaeel Mohammad;Al-Duhail SC;wikidata (TM'de güncel kulüp yok);Al-Duhail SC;;2025;hayır
Konrad Laimer;Bayern Munich;transfermarkt;FC Bayern Munich;Bayern Munich;2025;hayır
Stefan Posch;Bologna Football Club 1909;transfermarkt (Wikidata farklı: TSG 1899 Hoffenheim, ama başlangıcı eski/tarihsiz);TSG 1899 Hoffenheim;Bologna Football Club 1909;2025;hayır
Xaver Schlager;RB Leipzig;transfermarkt (Wikidata farklı: Nottingham Forest F.C., ama başlangıcı eski/tarihsiz);Nottingham Forest F.C.;RB Leipzig;2025;hayır
Yan Junling;Shanghai Port F.C.;wikidata (TM'de güncel kulüp yok);Shanghai Port F.C.;;2025;hayır
Bilal Başacıkoğlu;Emekli / kulüpsüz;emekli (TM: 2+ sezondur oynamadı);Feyenoord Rotterdam;Heracles Almelo;2021;evet
Pyry Soiri;Emekli / kulüpsüz;emekli (TM: son sezon eski);;Athens Kallithea;2024;hayır
Wilder Cartagena;Orlando City Soccer Club;transfermarkt (Wikidata farklı: Tiburones Rojos de Veracruz, ama başlangıcı eski/tarihsiz);Tiburones Rojos de Veracruz;Orlando City Soccer Club;2025;hayır
Sergio Peña;Malmö FF;wikidata (TM'de güncel kulüp yok);Malmö FF;;2025;hayır
Kairat Zhyrgalbek Uulu;FC Dordoi Bishkek;wikidata (TM'de güncel kulüp yok);FC Dordoi Bishkek;;2025;hayır
Baba Rahman;Panthessalonikios Athlitikos Omilos Konstantinoupoliton;transfermarkt (Wikidata farklı: Chelsea F.C., ama başlangıcı eski/tarihsiz);Chelsea F.C.;Panthessalonikios Athlitikos Omilos Konstantinoupoliton;2025;hayır
Mariano Díaz;Deportivo Alavés;transfermarkt;Deportivo Alavés;Deportivo Alavés;2025;hayır
N'Golo Kanté;Fenerbahçe;transfermarkt kadro sayfası (canlı);Fenerbahçe Istanbul;Fenerbahce;2025;hayır
Gonçalo Guedes;Real Sociedad;transfermarkt;Real Sociedad;Real Sociedad;2025;hayır
Rúben Neves;Al-Hilal Saudi Football Club;transfermarkt;;Al-Hilal Saudi Football Club;2025;hayır
Philipp Lienhart;SC Freiburg;transfermarkt;SC Freiburg;SC Freiburg;2025;hayır
Fabinho;Trabzonspor;transfermarkt kadro sayfası (canlı);Trabzonspor;Al-Ittihad Football Club;2025;hayır
Karol Linetty;Lech Poznań;wikidata (CSV'deki kulübün güncel kadrosunda yok);Lech Poznań;Kocaelispor;2025;hayır
Ahmed Yıldız;Kasımpaşa S.K.;wikidata (CSV'deki kulübün güncel kadrosunda yok);Kasımpaşa S.K.;Göztepe;2025;evet
Joaquín Correa;S. A. F. Botafogo;transfermarkt (Wikidata farklı: Inter Milan, ama başlangıcı eski/tarihsiz);Inter Milan;S. A. F. Botafogo;2025;hayır
Igor Vujačić;FC Rubin Kazan;transfermarkt (Wikidata farklı: FK Zeta, ama başlangıcı eski/tarihsiz);FK Zeta;FC Rubin Kazan;2025;hayır
Marc Rebés;FC Santa Coloma;wikidata (TM'de güncel kulüp yok);FC Santa Coloma;;2025;hayır
Wendell Nascimento Borges;São Paulo Futebol Clube;transfermarkt (Wikidata farklı: Bayer 04 Leverkusen, ama başlangıcı eski/tarihsiz);Bayer 04 Leverkusen;São Paulo Futebol Clube;2025;hayır
Wout Weghorst;Ajax Amsterdam;transfermarkt (Wikidata farklı: TSG 1899 Hoffenheim, ama başlangıcı eski/tarihsiz);TSG 1899 Hoffenheim;Ajax Amsterdam;2025;hayır
Pedro Miguel;Al Sadd Sports Club;wikidata (TM'de güncel kulüp yok);Al Sadd Sports Club;;2025;hayır
Alessandro Golinucci;;transfermarkt;;;2025;hayır
Thilo Kehrer;AS Monaco;transfermarkt (Wikidata farklı: AFC Ajax, ama başlangıcı eski/tarihsiz);AFC Ajax;AS Monaco;2025;hayır
Moussa Dembélé;Al-Ettifaq Football Club;transfermarkt (Wikidata farklı: Olympique Lyonnais, ama başlangıcı eski/tarihsiz);Olympique Lyonnais;Al-Ettifaq Football Club;2025;hayır
Abdou Diallo;Abha;wikidata (TM'de güncel kulüp yok);Abha;;2025;hayır
Alireza Beiranvand;Persepolis F.C.;wikidata (TM'de güncel kulüp yok);Persepolis F.C.;;2025;hayır
Darwin Ceren;Orlando City SC;wikidata (TM'de güncel kulüp yok);Orlando City SC;;2025;hayır
Aritz Elustondo;Real Sociedad;transfermarkt (Wikidata farklı: PAOK FC, ama başlangıcı eski/tarihsiz);PAOK FC;Real Sociedad;2025;hayır
Ali Al Bulaihi;Al-Hilal Saudi Football Club;transfermarkt (Wikidata farklı: Al Hilal SFC, ama başlangıcı eski/tarihsiz);Al Hilal SFC;Al-Hilal Saudi Football Club;2025;hayır
Thomas Partey;Villarreal CF;transfermarkt (Wikidata farklı: Al-Shabab Football Club, ama başlangıcı eski/tarihsiz);Al-Shabab Football Club;Villarreal CF;2025;hayır
Otávio;Al-Qadsiah Saudi Football Club;transfermarkt (Wikidata farklı: Vitória S.C., ama başlangıcı eski/tarihsiz);Vitória S.C.;Al-Qadsiah Saudi Football Club;2025;hayır
Guélor Kanga;AC Sparta Prague;wikidata (TM'de güncel kulüp yok);AC Sparta Prague;Red Star Belgrade;2024;hayır
La’Vere Corbin-Ong;FSV Frankfurt;wikidata (TM'de güncel kulüp yok);FSV Frankfurt;;2025;hayır
Nélson Semedo;Fenerbahçe;transfermarkt kadro sayfası (canlı);Fenerbahçe Istanbul;Fenerbahce;2025;hayır
Sofiane Boufal;Union Saint-Gilloise;transfermarkt (Wikidata farklı: Al-ittihad, ama başlangıcı eski/tarihsiz);Al-ittihad;Union Saint-Gilloise;2025;hayır
Atakan Karazor;VfB Stuttgart;transfermarkt (Wikidata farklı: Borussia Dortmund, ama başlangıcı eski/tarihsiz);Borussia Dortmund;VfB Stuttgart;2025;evet
Ondrej Duda;Al-Ettifaq Football Club;transfermarkt;Al-Ettifaq FC;Al-Ettifaq Football Club;2025;hayır
Nadiem Amiri;1.FSV Mainz 05;transfermarkt (Wikidata farklı: TSG 1899 Hoffenheim, ama başlangıcı eski/tarihsiz);TSG 1899 Hoffenheim;1.FSV Mainz 05;2025;hayır
Aïssa Laïdouni;Al-Wakrah Sports Club;wikidata (TM'de güncel kulüp yok);Al-Wakrah Sports Club;;2025;hayır
Trézéguet;;transfermarkt;;;2025;hayır
Andrcu Onana;Trabzonspor;transfermarkt kadro sayfası (canlı);Trabzonspor;Trabzonspor;2025;hayır
Antonio Sanabria;US Cremonese;transfermarkt (Wikidata farklı: S.C. Internacional, ama başlangıcı eski/tarihsiz);S.C. Internacional;US Cremonese;2025;hayır
Andy Robertson;Liverpool FC;transfermarkt (Wikidata farklı: Tottenham Hotspur F.C., ama başlangıcı eski/tarihsiz);Tottenham Hotspur F.C.;Liverpool FC;2025;hayır
Jawad El Yamiq;Eyüpspor;transfermarkt kadro sayfası (canlı);Real Zaragoza;Al-Najma Sport Club;2025;hayır
Denis Bouanga;Los Angeles Football Club;transfermarkt (Wikidata farklı: AS Saint-Étienne, ama başlangıcı eski/tarihsiz);AS Saint-Étienne;Los Angeles Football Club;2025;hayır
Ozan Tufan;Trabzonspor;transfermarkt kadro sayfası (canlı);Hull City A.F.C.;Trabzonspor;2025;hayır
Ola Aina;Nottingham Forest;transfermarkt (Wikidata farklı: Torino FC, ama başlangıcı eski/tarihsiz);Torino FC;Nottingham Forest;2025;hayır
Michel Aebischer;Pisa Sporting Club;transfermarkt (Wikidata farklı: 1. FC Union Berlin, ama başlangıcı eski/tarihsiz);1. FC Union Berlin;Pisa Sporting Club;2025;hayır
Breel Embolo;Stade Rennais FC;transfermarkt (Wikidata farklı: Atlanta United FC, ama başlangıcı eski/tarihsiz);Atlanta United FC;Stade Rennais FC;2025;hayır
Rafa Silva;S.L. Benfica;wikidata (CSV'deki kulübün güncel kadrosunda yok);S.L. Benfica;Beşiktaş Jimnastik Kulübü;2025;hayır
Ederson;Fenerbahçe;transfermarkt kadro sayfası (canlı);Fenerbahçe Istanbul;Manchester City;2025;hayır
Duje Ćaleta-Car;Real Sociedad;transfermarkt (Wikidata farklı: US Sassuolo Calcio, ama başlangıcı eski/tarihsiz);US Sassuolo Calcio;Real Sociedad;2025;hayır
Alexander Sørloth;Atlético de Madrid;transfermarkt;Atlético Madrid;Atlético de Madrid;2025;hayır
Steve Mounié;Nîmes Olympique;wikidata (CSV'deki kulübün güncel kadrosunda yok);Nîmes Olympique;Alanyaspor;2025;hayır
Keita Balde;AC Monza;wikidata (TM'de güncel kulüp yok);AC Monza;AC Monza;2024;hayır
Liam Walker;Lincoln Red Imps F.C.;wikidata (TM'de güncel kulüp yok);Lincoln Red Imps F.C.;;2025;hayır
Chanathip Songkrasin;BG Pathum United F.C.;wikidata (TM'de güncel kulüp yok);BG Pathum United F.C.;;2025;hayır
Doğan Erdoğan;LASK Linz;wikidata (TM'de güncel kulüp yok);LASK Linz;Göztepe;2024;evet
Przemysław Frankowski;Stade Rennais FC;transfermarkt;Stade Rennais F.C.;Stade Rennais FC;2025;hayır
Adam Marušić;Società Sportiva Lazio S.p.A.;transfermarkt (Wikidata farklı: K.V. Kortrijk, ama başlangıcı eski/tarihsiz);K.V. Kortrijk;Società Sportiva Lazio S.p.A.;2025;hayır
Lukáš Haraslín;AC Sparta Prague;transfermarkt (Wikidata farklı: Al Fateh SC, ama başlangıcı eski/tarihsiz);Al Fateh SC;AC Sparta Prague;2025;hayır
Bruno Fernandes;Manchester United;transfermarkt;Manchester United F.C.;Manchester United;2025;hayır
Alex Meret;SSC Napoli;transfermarkt;SSC Napoli;SSC Napoli;2025;hayır
Reinildo Mandava;Sunderland AFC;transfermarkt (Wikidata farklı: AD Fafe, ama başlangıcı eski/tarihsiz);AD Fafe;Sunderland AFC;2025;hayır
Bernardo Silva;Manchester City;transfermarkt (Wikidata farklı: Real Madrid Club de Fútbol, ama başlangıcı eski/tarihsiz);Real Madrid Club de Fútbol;Manchester City;2025;hayır
Václav Černý;Beşiktaş;transfermarkt kadro sayfası (canlı);AFC Ajax;Beşiktaş Jimnastik Kulübü;2025;evet
Patrik Schick;Bayer 04 Leverkusen;transfermarkt;Bayer 04 Leverkusen;Bayer 04 Leverkusen;2025;hayır
Martin Miller;Paide Linnameeskond;wikidata (TM'de güncel kulüp yok);Paide Linnameeskond;;2025;hayır
Saleh Al-Shehri;Al-Ittihad Football Club;transfermarkt (Wikidata farklı: Al Hilal SFC, ama başlangıcı eski/tarihsiz);Al Hilal SFC;Al-Ittihad Football Club;2025;hayır
Vozinha;GD Chaves;transfermarkt (Wikidata farklı: Club Social y Deportivo Colo-Colo, ama başlangıcı eski/tarihsiz);Club Social y Deportivo Colo-Colo;GD Chaves;2025;hayır
Juan Musso;Atlético de Madrid;transfermarkt;Atlético Madrid;Atlético de Madrid;2025;hayır
Josh Cullen;Burnley FC;transfermarkt (Wikidata farklı: R.S.C. Anderlecht, ama başlangıcı eski/tarihsiz);R.S.C. Anderlecht;Burnley FC;2025;hayır
Alex Iwobi;Fulham FC;transfermarkt;Fulham F.C.;Fulham FC;2025;hayır
Glen Kamara;Stade Rennais FC;transfermarkt (Wikidata farklı: Rangers F.C., ama başlangıcı eski/tarihsiz);Rangers F.C.;Stade Rennais FC;2025;hayır
Jan Bednarek;FC Porto;transfermarkt;FC Porto;FC Porto;2025;hayır
László Bénes;MŠK Žilina;wikidata (CSV'deki kulübün güncel kadrosunda yok);MŠK Žilina;Kayserispor;2025;hayır
Ismael Díaz;Club León FC;transfermarkt (Wikidata farklı: FC Porto B, ama başlangıcı eski/tarihsiz);FC Porto B;Club León FC;2025;hayır
Kingsley Coman;Al-Nassr Football Club;transfermarkt;Al-Nassr;Al-Nassr Football Club;2025;hayır
Andre Blake;Philadelphia Union;transfermarkt;Philadelphia Union;Philadelphia Union;2025;hayır
Gabriel Barbosa;Santos Futebol Clube;transfermarkt (Wikidata farklı: Santos F.C., ama başlangıcı eski/tarihsiz);Santos F.C.;Santos Futebol Clube;2025;hayır
Sinan Kurt;Kayserispor;transfermarkt kadro sayfası (canlı);Rot-Weiß Oberhausen;Adana Demirspor;2021;evet
Salih Özcan;Beşiktaş;transfermarkt kadro sayfası (canlı);Beşiktaş J.K.;Borussia Dortmund;2025;evet
Enis Bardhi;Konyaspor;transfermarkt kadro sayfası (canlı);;Konyaspor;2025;hayır
Saša Lukić;Fulham FC;transfermarkt (Wikidata farklı: Ipswich Town F.C., ama başlangıcı eski/tarihsiz);Ipswich Town F.C.;Fulham FC;2025;hayır
Nemanja Radonjić;Red Star Belgrade;transfermarkt (Wikidata farklı: FK Crvena zvezda, ama başlangıcı eski/tarihsiz);FK Crvena zvezda;Red Star Belgrade;2025;hayır
Walker Zimmerman;Toronto FC;transfermarkt (Wikidata farklı: Los Angeles FC, ama başlangıcı eski/tarihsiz);Los Angeles FC;Toronto FC;2025;hayır
Nabil Bentaleb;LOSC Lille;transfermarkt (Wikidata farklı: Tottenham Hotspur F.C., ama başlangıcı eski/tarihsiz);Tottenham Hotspur F.C.;LOSC Lille;2025;hayır
Takuma ano;RCD Mallorca;transfermarkt (Wikidata farklı: VfL Bochum, ama başlangıcı eski/tarihsiz);VfL Bochum;RCD Mallorca;2025;hayır
Max Llovera;Club Lleida Esportiu;wikidata (TM'de güncel kulüp yok);Club Lleida Esportiu;;2025;hayır
Diego Llorente;Real Betis Balompié;transfermarkt;Real Betis Balompié;Real Betis Balompié;2025;hayır
Ayoze Pérez;Villarreal CF;transfermarkt;Villarreal CF;Villarreal CF;2025;hayır
Christopher Martins;FK Spartak Moskva;transfermarkt (Wikidata farklı: Spartak Moscow, ama başlangıcı eski/tarihsiz);Spartak Moscow;FK Spartak Moskva;2025;hayır
Oğulcan Çağlayan;Kayserispor;transfermarkt kadro sayfası (canlı);Kayseri Erciyesspor;Kocaelispor;2025;evet
Umut Nayir;Trabzonspor;transfermarkt kadro sayfası (canlı);Yeni Malatyaspor;Trabzonspor;2025;evet
Giorgian de Arrascaeta;Clube de Regatas do Flamengo;transfermarkt;Clube de Regatas do Flamengo;Clube de Regatas do Flamengo;2025;hayır
Lewis Cook;AFC Bournemouth;transfermarkt;AFC Bournemouth;AFC Bournemouth;2025;hayır
Harry Winks;Cagliari Calcio;wikidata (TM'de güncel kulüp yok);Cagliari Calcio;Leicester City;2024;hayır
Saeid Ezzatollahi;Shabab AlAhli Dubai Club;wikidata (TM'de güncel kulüp yok);Shabab AlAhli Dubai Club;;2025;hayır
Mohammad Hossein Kanaanizadegan;Al Ahli SC;wikidata (TM'de güncel kulüp yok);Al Ahli SC;;2025;hayır
Youri Tielemans;Aston Villa;transfermarkt (Wikidata farklı: Manchester United F.C., ama başlangıcı eski/tarihsiz);Manchester United F.C.;Aston Villa;2025;hayır
Guillermo Maripán;Torino FC;transfermarkt (Wikidata farklı: Deportivo Alavés, ama başlangıcı eski/tarihsiz);Deportivo Alavés;Torino FC;2025;hayır
Berkay Özcan;Başakşehir;transfermarkt kadro sayfası (canlı);VfB Stuttgart;Fatih Karagümrük;2025;evet
Christofer Gonzáles;Club Social y Deportivo Colo-Colo;wikidata (TM'de güncel kulüp yok);Club Social y Deportivo Colo-Colo;;2025;hayır
Iban Salvador;Wisla Plock;transfermarkt (Wikidata farklı: Valencia CF Mestalla, ama başlangıcı eski/tarihsiz);Valencia CF Mestalla;Wisla Plock;2025;hayır
José María Giménez;Atlético de Madrid;transfermarkt (Wikidata farklı: Deportivo de A Coruña, ama başlangıcı eski/tarihsiz);Deportivo de A Coruña;Atlético de Madrid;2025;hayır
Saba Lobzhanidze;Atlanta United Football Club;transfermarkt;Atlanta United FC;Atlanta United Football Club;2025;hayır
Zeki Çelik;Associazione Sportiva Roma;transfermarkt (Wikidata farklı: Juventus FC, ama başlangıcı eski/tarihsiz);Juventus FC;Associazione Sportiva Roma;2025;hayır
Ertuğrul Ersoy;Çaykur Rizespor;wikidata (TM'de güncel kulüp yok);Çaykur Rizespor;Gaziantep FK;2024;evet
Enes Ünal;AFC Bournemouth;transfermarkt (Wikidata farklı: Getafe CF, ama başlangıcı eski/tarihsiz);Getafe CF;AFC Bournemouth;2025;hayır
Ahmed Fathi;Al-Arabi SC;wikidata (TM'de güncel kulüp yok);Al-Arabi SC;;2025;hayır
Görkem Sağlam;Kayserispor;transfermarkt kadro sayfası (canlı);VfL Bochum;Kayserispor;2025;evet
Ivan Toney;Al-Ahli Saudi Football Club;transfermarkt;Al Ahli FC;Al-Ahli Saudi Football Club;2025;hayır
Aarón Martín;Genoa CFC;transfermarkt (Wikidata farklı: Racing de Santander, ama başlangıcı eski/tarihsiz);Racing de Santander;Genoa CFC;2025;hayır
Semi Ajayi;Hull City;transfermarkt (Wikidata farklı: West Bromwich Albion F.C., ama başlangıcı eski/tarihsiz);West Bromwich Albion F.C.;Hull City;2025;hayır
Ivaylo Chochev;Palermo F.C.;wikidata (TM'de güncel kulüp yok);Palermo F.C.;;2025;hayır
Tyrone Mings;Aston Villa;transfermarkt;;Aston Villa;2025;hayır
Abat Aymbetov;Petrolul Ploiesti;transfermarkt;FC Petrolul Ploiești;Petrolul Ploiesti;2025;hayır
Aaron Appindangoyé;Sivasspor;transfermarkt kadro sayfası (canlı);Evian Thonon Gaillard F.C.;Kocaelispor;2025;hayır
Aleksei Miranchuk;Atlanta United Football Club;transfermarkt (Wikidata farklı: Atalanta BC, ama başlangıcı eski/tarihsiz);Atalanta BC;Atlanta United Football Club;2025;hayır
Yeray Álvarez;Athletic Bilbao;transfermarkt;Athletic Club;Athletic Bilbao;2025;hayır
Iñaki Williams;Athletic Bilbao;transfermarkt;Athletic Club;Athletic Bilbao;2025;hayır
Santi Mina;Emekli / kulüpsüz;emekli (TM: 2+ sezondur oynamadı);Valencia CF;Celta de Vigo;2021;hayır
Alex Telles;S. A. F. Botafogo;transfermarkt (Wikidata farklı: Botafogo F.R., ama başlangıcı eski/tarihsiz);Botafogo F.R.;S. A. F. Botafogo;2025;hayır
Rodrigo De Paul;Club Internacional de Fútbol Miami;transfermarkt (Wikidata farklı: Inter Miami CF, ama başlangıcı eski/tarihsiz);Inter Miami CF;Club Internacional de Fútbol Miami;2025;hayır
Scott McKenna;GNK Dinamo Zagreb;transfermarkt (Wikidata farklı: Ayr United F.C., ama başlangıcı eski/tarihsiz);Ayr United F.C.;GNK Dinamo Zagreb;2025;hayır
DeAndre Yedlin;Real Salt Lake;transfermarkt (Wikidata farklı: Sunderland A.F.C., ama başlangıcı eski/tarihsiz);Sunderland A.F.C.;Real Salt Lake;2025;hayır
Nicolò Barella;Inter Milan;transfermarkt;Inter Milan;Inter Milan;2025;hayır
Mahir Emreli;FC Baku;wikidata (TM'de güncel kulüp yok);FC Baku;;2025;hayır
Joe Gomez;Liverpool FC;transfermarkt;Liverpool F.C.;Liverpool FC;2025;hayır
Vedat Muriqi;Fenerbahçe;transfermarkt kadro sayfası (canlı);Fenerbahçe Istanbul;RCD Mallorca;2025;hayır
Bruno Petković;Kocaelispor;transfermarkt kadro sayfası (canlı);GNK Dinamo Zagreb;Kocaelispor;2025;hayır
Gianluca Mancini;Associazione Sportiva Roma;transfermarkt;AS Roma;Associazione Sportiva Roma;2025;hayır
Carlos Salcedo;CF Monterrey;transfermarkt (Wikidata farklı: C.D. Guadalajara, ama başlangıcı eski/tarihsiz);C.D. Guadalajara;CF Monterrey;2025;hayır
Daniel Podence;Olympiakos Syndesmos Filathlon Peiraios;transfermarkt (Wikidata farklı: Sporting CP B, ama başlangıcı eski/tarihsiz);Sporting CP B;Olympiakos Syndesmos Filathlon Peiraios;2025;hayır
Tamirlan Kozubaev;FK Jagodina;wikidata (TM'de güncel kulüp yok);FK Jagodina;;2025;hayır
Gelson Martins;Olympiakos Syndesmos Filathlon Peiraios;transfermarkt (Wikidata farklı: Olympiacos F.C., ama başlangıcı eski/tarihsiz);Olympiacos F.C.;Olympiakos Syndesmos Filathlon Peiraios;2025;hayır
João Palhinha;Tottenham Hotspur;transfermarkt (Wikidata farklı: S.L. Benfica, ama başlangıcı eski/tarihsiz);S.L. Benfica;Tottenham Hotspur;2025;hayır
Luka Jović;Athlitiki Enosi Konstantinoupoleos;transfermarkt (Wikidata farklı: AEK Athens F.C., ama başlangıcı eski/tarihsiz);AEK Athens F.C.;Athlitiki Enosi Konstantinoupoleos;2025;hayır
Vanja Milinković-Savić;SSC Napoli;transfermarkt (Wikidata farklı: Standard Liège, ama başlangıcı eski/tarihsiz);Standard Liège;SSC Napoli;2025;hayır
Wilmar Barrios;AO FK Zenit Sankt-Peterburg;transfermarkt (Wikidata farklı: Deportes Tolima, ama başlangıcı eski/tarihsiz);Deportes Tolima;AO FK Zenit Sankt-Peterburg;2025;hayır
Amir Rrahmani;SSC Napoli;transfermarkt;SSC Napoli;SSC Napoli;2025;hayır
Gökhan Sazdağı;Gaziantep F.K.;wikidata (CSV'deki kulübün güncel kadrosunda yok);Gaziantep F.K.;Beşiktaş Jimnastik Kulübü;2025;evet
Gregor Kobel;Borussia Dortmund;transfermarkt;Borussia Dortmund;Borussia Dortmund;2025;hayır
Rúben Dias;Manchester City;transfermarkt;Manchester City F.C.;Manchester City;2025;hayır
Renato Sanches;Panathinaikos Athlitikos Omilos;transfermarkt;;Panathinaikos Athlitikos Omilos;2025;hayır
Talisca;Al Jazira Club;wikidata (CSV'deki kulübün güncel kadrosunda yok);Al Jazira Club;Fenerbahce;2025;hayır
Tosin Adarabioyo;Chelsea FC;transfermarkt (Wikidata farklı: Tottenham Hotspur F.C., ama başlangıcı eski/tarihsiz);Tottenham Hotspur F.C.;Chelsea FC;2025;hayır
Dominic Solanke;Tottenham Hotspur;transfermarkt;Tottenham Hotspur F.C.;Tottenham Hotspur;2025;hayır
Dean Henderson;Crystal Palace;transfermarkt;Crystal Palace F.C.;Crystal Palace;2025;hayır
Marcus Rashford;FC Barcelona;transfermarkt (Wikidata farklı: Manchester United F.C., ama başlangıcı eski/tarihsiz);Manchester United F.C.;FC Barcelona;2025;hayır
Umut Bozok;Başakşehir;transfermarkt kadro sayfası (canlı);F.C. Lorient;Eyüpspor;2025;evet
Kwon Chang-hoon;Jeju SK Football Club;transfermarkt (Wikidata farklı: Suwon Samsung Bluewings FC, ama başlangıcı eski/tarihsiz);Suwon Samsung Bluewings FC;Jeju SK Football Club;2025;hayır
Hwang Ui-jo;Alanyaspor;transfermarkt kadro sayfası (canlı);Olympiacos F.C.;Alanyaspor;2025;hayır
Jo Hyeon-woo;Ulsan Hyundai Football Club;transfermarkt (Wikidata farklı: Ulsan HD FC, ama başlangıcı eski/tarihsiz);Ulsan HD FC;Ulsan Hyundai Football Club;2025;hayır
Thitipan Puangchan;Muangthong United F.C.;wikidata (TM'de güncel kulüp yok);Muangthong United F.C.;;2025;hayır
Jonathan Osorio;Toronto FC;transfermarkt;Toronto FC;Toronto FC;2025;hayır
Joachim Andersen;Fulham FC;transfermarkt (Wikidata farklı: FC Twente, ama başlangıcı eski/tarihsiz);FC Twente;Fulham FC;2025;hayır
Jamshid Iskanderov;FC Neftchi Fergana;wikidata (TM'de güncel kulüp yok);FC Neftchi Fergana;;2025;hayır
Aleix García;Bayer 04 Leverkusen;transfermarkt;Bayer 04 Leverkusen;Bayer 04 Leverkusen;2025;hayır
Raja'i Ayed;Al-Wehdat SC;wikidata (TM'de güncel kulüp yok);Al-Wehdat SC;;2025;hayır
Yazeed Abulaila;Al-Hussein SC;wikidata (TM'de güncel kulüp yok);Al-Hussein SC;;2025;hayır
Suat Serdar;Hellas Verona;transfermarkt (Wikidata farklı: 1. FSV Mainz 05, ama başlangıcı eski/tarihsiz);1. FSV Mainz 05;Hellas Verona;2025;hayır
Ricardo Horta;SC Braga;transfermarkt (Wikidata farklı: Málaga CF, ama başlangıcı eski/tarihsiz);Málaga CF;SC Braga;2025;hayır
Timothy Castagne;Fulham FC;transfermarkt;Fulham F.C.;Fulham FC;2025;hayır
Ángel Romero;Club Atlético Boca Juniors;transfermarkt (Wikidata farklı: Club Social y Deportivo Colo-Colo, ama başlangıcı eski/tarihsiz);Club Social y Deportivo Colo-Colo;Club Atlético Boca Juniors;2025;hayır
Unai Simón;Athletic Bilbao;transfermarkt;Athletic Club;Athletic Bilbao;2025;hayır
Davide Calabria;Panathinaikos Athlitikos Omilos;transfermarkt;;Panathinaikos Athlitikos Omilos;2025;hayır
David Raya;Arsenal FC;transfermarkt;Arsenal F.C.;Arsenal FC;2025;hayır
Mohammed Al-Owais;Al-Ula Club;wikidata (TM'de güncel kulüp yok);Al-Ula Club;Al-Hilal Saudi Football Club;2024;hayır
Johan Mojica;RCD Mallorca;transfermarkt (Wikidata farklı: Rayo Vallecano, ama başlangıcı eski/tarihsiz);Rayo Vallecano;RCD Mallorca;2025;hayır
Jefferson Lerma;Crystal Palace;transfermarkt;Crystal Palace F.C.;Crystal Palace;2025;hayır
Kevin Danso;Tottenham Hotspur;transfermarkt (Wikidata farklı: Sunderland A.F.C., ama başlangıcı eski/tarihsiz);Sunderland A.F.C.;Tottenham Hotspur;2025;hayır
Attila Szalai;Fenerbahçe Istanbul;wikidata (CSV'deki kulübün güncel kadrosunda yok);Fenerbahçe Istanbul;Kasimpasa;2025;hayır
Khalid Aucho;Gor Mahia F.C.;wikidata (TM'de güncel kulüp yok);Gor Mahia F.C.;;2025;hayır
Joan Jordan;Sevilla FC;transfermarkt;Sevilla FC;Sevilla FC;2025;hayır
Aleksandr Golovin;AS Monaco;transfermarkt;AS Monaco FC;AS Monaco;2025;hayır
Viktor Tsyhankov;Girona FC;transfermarkt (Wikidata farklı: AFC Ajax, ama başlangıcı eski/tarihsiz);AFC Ajax;Girona FC;2025;hayır
Zhang Yuning;SBV Vitesse;wikidata (TM'de güncel kulüp yok);SBV Vitesse;;2025;hayır
Jean-Kévin Augustin;FC Nantes;wikidata (TM'de güncel kulüp yok);FC Nantes;Motor Lublin Spółka Akcyjna;2024;hayır
Patrick Cutrone;Como 1907;transfermarkt (Wikidata farklı: Wolverhampton Wanderers F.C., ama başlangıcı eski/tarihsiz);Wolverhampton Wanderers F.C.;Como 1907;2025;hayır
Manuel Locatelli;Juventus FC;transfermarkt;Juventus FC;Juventus FC;2025;hayır
Júnior Moreno;D.C. United;wikidata (TM'de güncel kulüp yok);D.C. United;;2025;hayır
Sergej Milinković-Savić;Al-Hilal Saudi Football Club;transfermarkt (Wikidata farklı: Al Hilal SFC, ama başlangıcı eski/tarihsiz);Al Hilal SFC;Al-Hilal Saudi Football Club;2025;hayır
Moumi Ngamaleu;FK Dinamo Moskva;transfermarkt (Wikidata farklı: Coton Sport FC de Garoua, ama başlangıcı eski/tarihsiz);Coton Sport FC de Garoua;FK Dinamo Moskva;2025;hayır
Ángel Correa;Tigres UANL;transfermarkt (Wikidata farklı: Club Atlético River Plate, ama başlangıcı eski/tarihsiz);Club Atlético River Plate;Tigres UANL;2025;hayır
Mohammed Muntari;Al-Duhail SC;wikidata (TM'de güncel kulüp yok);Al-Duhail SC;;2025;hayır
Wei Shihao;;transfermarkt;;;2025;hayır
Sandi Lovrić;Hellas Verona;transfermarkt (Wikidata farklı: SK Sturm Graz, ama başlangıcı eski/tarihsiz);SK Sturm Graz;Hellas Verona;2025;hayır
Vitaly Janelt;Brentford FC;transfermarkt;Brentford F.C.;Brentford FC;2025;hayır
Serhou Guirassy;Borussia Dortmund;transfermarkt;Borussia Dortmund;Borussia Dortmund;2025;hayır
Tigran Barseghyan;ŠK Slovan Bratislava;wikidata (TM'de güncel kulüp yok);ŠK Slovan Bratislava;;2025;hayır
Antonijs Černomordijs;Lech Poznań;wikidata (TM'de güncel kulüp yok);Lech Poznań;;2025;hayır
Paulo Díaz;Club Atlético River Plate;transfermarkt (Wikidata farklı: San Lorenzo de Almagro, ama başlangıcı eski/tarihsiz);San Lorenzo de Almagro;Club Atlético River Plate;2025;hayır
Abdülkadir Ömür;Hull City A.F.C.;wikidata (CSV'deki kulübün güncel kadrosunda yok);Hull City A.F.C.;Antalyaspor;2025;evet
Damion Lowe;Al Okhdood Club;wikidata (TM'de güncel kulüp yok);Al Okhdood Club;;2025;hayır
Deniz Hümmet;Gamba Osaka;transfermarkt (Wikidata farklı: ES Troyes AC, ama başlangıcı eski/tarihsiz);ES Troyes AC;Gamba Osaka;2025;evet
Juan Pablo Vargas;Puebla FC;transfermarkt;Puebla F.C.;Puebla FC;2025;hayır
Antonín Barák;ACF Fiorentina;wikidata (TM'de güncel kulüp yok);ACF Fiorentina;ACF Fiorentina;2024;hayır
Chris Führich;VfB Stuttgart;transfermarkt;VfB Stuttgart;VfB Stuttgart;2025;hayır
Issa Diop;Fulham FC;transfermarkt;Fulham F.C.;Fulham FC;2025;hayır
Allan Saint-Maximin;CF América;transfermarkt;Club América;CF América;2025;hayır
Paul Onuachu;Trabzonspor;transfermarkt kadro sayfası (canlı);FC Midtjylland;Trabzonspor;2025;hayır
Jamiro Monteiro;PEC Zwolle;transfermarkt (Wikidata farklı: SC Cambuur, ama başlangıcı eski/tarihsiz);SC Cambuur;PEC Zwolle;2025;hayır
Miguel Almirón;Atlanta United Football Club;transfermarkt;Atlanta United FC;Atlanta United Football Club;2025;hayır
Júnior Alonso;Clube Atlético Mineiro;transfermarkt (Wikidata farklı: Cerro Porteño, ama başlangıcı eski/tarihsiz);Cerro Porteño;Clube Atlético Mineiro;2025;hayır
Robin Gosens;ACF Fiorentina;transfermarkt (Wikidata farklı: Schalke 04, ama başlangıcı eski/tarihsiz);Schalke 04;ACF Fiorentina;2025;hayır
Nemanja Maksimović;Panathinaikos Athlitikos Omilos;transfermarkt (Wikidata farklı: Shabab AlAhli Dubai Club, ama başlangıcı eski/tarihsiz);Shabab AlAhli Dubai Club;Panathinaikos Athlitikos Omilos;2025;hayır
Pedro Aquino;Lobos de la BUAP;wikidata (TM'de güncel kulüp yok);Lobos de la BUAP;;2025;hayır
Jaloliddin Masharipov;Pakhtakor Tashkent FK;wikidata (TM'de güncel kulüp yok);Pakhtakor Tashkent FK;;2025;hayır
Saad Natiq;Al-Quwa Al-Jawiya;wikidata (TM'de güncel kulüp yok);Al-Quwa Al-Jawiya;;2025;hayır
Wilfred Ndidi;Beşiktaş;transfermarkt kadro sayfası (canlı);Beşiktaş J.K.;Beşiktaş Jimnastik Kulübü;2025;hayır
Moses Simon;Paris FC;transfermarkt (Wikidata farklı: FC Nantes, ama başlangıcı eski/tarihsiz);FC Nantes;Paris FC;2025;hayır
Cihat Çelik;Sivasspor;transfermarkt kadro sayfası (canlı);N.E.C.;Kocaelispor;2025;evet
Kieffer Moore;Wigan Athletic F.C.;wikidata (TM'de güncel kulüp yok);Wigan Athletic F.C.;;2025;hayır
Melih Kabasakal;Trabzonspor;transfermarkt kadro sayfası (canlı);;Gaziantep FK;2025;evet
Dorukhan Toköz;Fatih Karagümrük;transfermarkt kadro sayfası (canlı);Eskişehirspor;Kayserispor;2025;evet
Abdulkadir Parmak;1461 Trabzon;wikidata (TM'de güncel kulüp yok);1461 Trabzon;Hatayspor;2024;evet
David Brooks;AFC Bournemouth;transfermarkt;AFC Bournemouth;AFC Bournemouth;2025;hayır
Jason Denayer;Al Fateh SC;wikidata (TM'de güncel kulüp yok);Al Fateh SC;Al-Fateh Club;2024;hayır
Renato Tapia;FC Barcelona;wikidata (TM'de güncel kulüp yok);FC Barcelona;;2025;hayır
Angeliño;Associazione Sportiva Roma;transfermarkt (Wikidata farklı: Deportivo de A Coruña, ama başlangıcı eski/tarihsiz);Deportivo de A Coruña;Associazione Sportiva Roma;2025;hayır
Ricardo Adé;Club Deportivo Magallanes;wikidata (TM'de güncel kulüp yok);Club Deportivo Magallanes;;2025;hayır
Florian Neuhaus;Borussia Mönchengladbach;transfermarkt;Borussia Mönchengladbach;Borussia Mönchengladbach;2025;hayır
Felix Uduokhai;VfL Wolfsburg;wikidata (CSV'deki kulübün güncel kadrosunda yok);VfL Wolfsburg;Beşiktaş Jimnastik Kulübü;2025;evet
Borja Iglesias;Celta de Vigo;transfermarkt;RC Celta de Vigo;Celta de Vigo;2025;hayır
Emre Akbaba;Fatih Karagümrük;transfermarkt kadro sayfası (canlı);Antalyaspor;Eyüpspor;2025;evet
Harry Wilson;Fulham FC;transfermarkt (Wikidata farklı: Liverpool F.C., ama başlangıcı eski/tarihsiz);Liverpool F.C.;Fulham FC;2025;hayır
Daler Kuzyayev;FC Rubin Kazan;transfermarkt (Wikidata farklı: FC Dynamo Makhachkala, ama başlangıcı eski/tarihsiz);FC Dynamo Makhachkala;FC Rubin Kazan;2025;hayır
Theo Bongonda;FK Spartak Moskva;transfermarkt (Wikidata farklı: Spartak Moscow, ama başlangıcı eski/tarihsiz);Spartak Moscow;FK Spartak Moskva;2025;hayır
Álvaro Odriozola;Real Sociedad;transfermarkt;Real Sociedad;Real Sociedad;2025;hayır
Pity Martínez;Club Atlético Tigre;transfermarkt (Wikidata farklı: Al-Nassr, ama başlangıcı eski/tarihsiz);Al-Nassr;Club Atlético Tigre;2025;hayır
Mario Hermoso Canseco;Associazione Sportiva Roma;transfermarkt (Wikidata farklı: Atlético Madrid, ama başlangıcı eski/tarihsiz);Atlético Madrid;Associazione Sportiva Roma;2025;hayır
Lucas Hernandez;Paris Saint-Germain;transfermarkt;Paris Saint-Germain FC;Paris Saint-Germain;2025;hayır
Presnel Kimpembe;Al Kharaitiyat SC;wikidata (TM'de güncel kulüp yok);Al Kharaitiyat SC;Paris Saint-Germain;2024;hayır
Ianis Hagi;Alanyaspor;transfermarkt kadro sayfası (canlı);Alanyaspor;Alanyaspor;2025;hayır
Giovanni Simeone;Torino FC;transfermarkt (Wikidata farklı: Club Atlético Banfield, ama başlangıcı eski/tarihsiz);Club Atlético Banfield;Torino FC;2025;hayır
Marcos Llorente;Atlético de Madrid;transfermarkt;Atlético Madrid;Atlético de Madrid;2025;hayır
Sergio Reguilón;Club Internacional de Fútbol Miami;transfermarkt (Wikidata farklı: Inter Miami CF, ama başlangıcı eski/tarihsiz);Inter Miami CF;Club Internacional de Fútbol Miami;2025;hayır
Kaan Demir;Eyüpspor;transfermarkt kadro sayfası (canlı);;Eyüpspor;2025;evet
Maximilian Mittelstädt;VfB Stuttgart;transfermarkt;VfB Stuttgart;VfB Stuttgart;2025;hayır
Gerson Rodrigues;FC Dynamo Kyiv;wikidata (TM'de güncel kulüp yok);FC Dynamo Kyiv;;2025;hayır
Moussa Marega;Emekli / kulüpsüz;emekli (TM: 2+ sezondur oynamadı);FC Porto;FC Porto;2020;hayır
Kasper Dolberg;RSC Anderlecht;transfermarkt (Wikidata farklı: AFC Ajax, ama başlangıcı eski/tarihsiz);AFC Ajax;RSC Anderlecht;2025;hayır
Emre Mor;Fenerbahçe;transfermarkt (KONTROL: kulübün güncel kadrosunda yok, yeni takımı bilinmiyor);Fenerbahçe Istanbul;Fenerbahce;2025;evet
Yoel Bárcenas;Mazatlán FC;transfermarkt (Wikidata farklı: Girona FC, ama başlangıcı eski/tarihsiz);Girona FC;Mazatlán FC;2025;hayır
Tomáš Souček;West Ham United;transfermarkt;West Ham United F.C.;West Ham United;2025;hayır
Mattia Zaccagni;Società Sportiva Lazio S.p.A.;transfermarkt (Wikidata farklı: SS Lazio, ama başlangıcı eski/tarihsiz);SS Lazio;Società Sportiva Lazio S.p.A.;2025;hayır
Mahdi Torabi;Persepolis F.C.;wikidata (TM'de güncel kulüp yok);Persepolis F.C.;;2025;hayır
Steven Bergwijn;Al-Ittihad Football Club;transfermarkt;Al Ittihad FC;Al-Ittihad Football Club;2025;hayır
Manuel Akanji;Manchester City;transfermarkt (Wikidata farklı: Inter Milan, ama başlangıcı eski/tarihsiz);Inter Milan;Manchester City;2025;hayır
Ramy Bensebaini;Borussia Dortmund;transfermarkt (Wikidata farklı: Borussia Mönchengladbach, ama başlangıcı eski/tarihsiz);Borussia Mönchengladbach;Borussia Dortmund;2025;hayır
Carles Aleñá;Deportivo Alavés;transfermarkt (Wikidata farklı: Getafe CF, ama başlangıcı eski/tarihsiz);Getafe CF;Deportivo Alavés;2025;hayır
Marc Hagit Cucurella;Chelsea FC;transfermarkt (Wikidata farklı: Real Madrid Club de Fútbol, ama başlangıcı eski/tarihsiz);Real Madrid Club de Fútbol;Chelsea FC;2025;hayır
Sandesh Jhingan;FC Goa;wikidata (TM'de güncel kulüp yok);FC Goa;;2025;hayır
Nicholas Wadada;;transfermarkt;;;2025;hayır
Fabián Balbuena;Grêmio Foot-Ball Porto Alegrense;transfermarkt (Wikidata farklı: S.C. Corinthians Paulista, ama başlangıcı eski/tarihsiz);S.C. Corinthians Paulista;Grêmio Foot-Ball Porto Alegrense;2025;hayır
Guglielmo Vicario;Tottenham Hotspur;transfermarkt (Wikidata farklı: Juventus FC, ama başlangıcı eski/tarihsiz);Juventus FC;Tottenham Hotspur;2025;hayır
Tarık Çetin;Fenerbahçe;transfermarkt kadro sayfası (canlı);Fenerbahçe Istanbul;Fenerbahce;2025;evet
Lorenzo Pellegrini;Associazione Sportiva Roma;transfermarkt;AS Roma;Associazione Sportiva Roma;2025;hayır
Henry Martín;CF América;transfermarkt;Club América;CF América;2025;hayır
Eric Bailly;Real Oviedo;transfermarkt (Wikidata farklı: Columbus Crew, ama başlangıcı eski/tarihsiz);Columbus Crew;Real Oviedo;2025;hayır
Pau López;Real Betis Balompié;transfermarkt (Wikidata farklı: RCD Espanyol de Barcelona, ama başlangıcı eski/tarihsiz);RCD Espanyol de Barcelona;Real Betis Balompié;2025;hayır
Olivier Thill;FK IMT Belgrad;transfermarkt (Wikidata farklı: FC Ufa, ama başlangıcı eski/tarihsiz);FC Ufa;FK IMT Belgrad;2025;hayır
Sam Adekugbe;Vancouver Whitecaps FC;transfermarkt (Wikidata farklı: Hatayspor, ama başlangıcı eski/tarihsiz);Hatayspor;Vancouver Whitecaps FC;2025;hayır
Sofyan Amrabat;AFC Ajax;wikidata (CSV'deki kulübün güncel kadrosunda yok);AFC Ajax;Fenerbahce;2025;hayır
Ludovic Blas;Stade Rennais FC;transfermarkt;Stade Rennais F.C.;Stade Rennais FC;2025;hayır
Ousmane Dembélé;Paris Saint-Germain;transfermarkt;Paris Saint-Germain FC;Paris Saint-Germain;2025;hayır
Donny van de Beek;Girona FC;transfermarkt;Girona FC;Girona FC;2025;hayır
Rustam Ashurmatov;F.C. Bunyodkor;wikidata (TM'de güncel kulüp yok);F.C. Bunyodkor;;2025;hayır
Odiljon Hamrobekov;Nasaf Qarshi;wikidata (TM'de güncel kulüp yok);Nasaf Qarshi;;2025;hayır
Gökhan Karadeniz;Emekli / kulüpsüz;emekli (TM: 2+ sezondur oynamadı);Göztepe S.K.;Hatayspor;2020;evet
Mykola Matviyenko;FC Shakhtar Donetsk;transfermarkt;FC Shakhtar Donetsk;FC Shakhtar Donetsk;2025;hayır
Oleksandr Zubkov;FC Shakhtar Donetsk;wikidata (CSV'deki kulübün güncel kadrosunda yok);FC Shakhtar Donetsk;Trabzonspor;2025;hayır
Andrei Burcă;Yunnan Yukun F.C.;wikidata (TM'de güncel kulüp yok);Yunnan Yukun F.C.;;2025;hayır
Yerry Mina;Cagliari Calcio;transfermarkt;Cagliari Calcio;Cagliari Calcio;2025;hayır
Orel Mangala;Olympique Lyon;transfermarkt (Wikidata farklı: R.S.C. Anderlecht, ama başlangıcı eski/tarihsiz);R.S.C. Anderlecht;Olympique Lyon;2025;hayır
Brandur Hendriksson;Helsingborgs IF;wikidata (TM'de güncel kulüp yok);Helsingborgs IF;;2025;hayır
Mauro Arambarri;Getafe CF;transfermarkt (Wikidata farklı: Club Atlético River Plate, ama başlangıcı eski/tarihsiz);Club Atlético River Plate;Getafe CF;2025;hayır
Saïd Benrahma;Neom Sports Club;transfermarkt (Wikidata farklı: West Ham United F.C., ama başlangıcı eski/tarihsiz);West Ham United F.C.;Neom Sports Club;2025;hayır
Qazim Laçi;Çaykur Rizespor;transfermarkt kadro sayfası (canlı);Olympiacos F.C.;Caykur Rizespor;2025;hayır
Ellyes Skhiri;Eintracht Frankfurt;transfermarkt (Wikidata farklı: 1. FC Köln, ama başlangıcı eski/tarihsiz);1. FC Köln;Eintracht Frankfurt;2025;hayır
Ferland Mendy;Real Madrid;transfermarkt;Real Madrid Club de Fútbol;Real Madrid;2025;hayır
Milot Rashica;Beşiktaş;transfermarkt kadro sayfası (canlı);Beşiktaş J.K.;Beşiktaş Jimnastik Kulübü;2025;hayır
Soner Dikmen;Antalyaspor;transfermarkt kadro sayfası (canlı);Gençlerbirliği S.K.;Antalyaspor;2025;evet
Uğurcan Çakır;Galatasaray;transfermarkt kadro sayfası (canlı);1461 Trabzon;Trabzonspor;2025;hayır
Hwang Hee-chan;Wolverhampton Wanderers;transfermarkt (Wikidata farklı: Schalke 04, ama başlangıcı eski/tarihsiz);Schalke 04;Wolverhampton Wanderers;2025;hayır
Demarai Gray;;transfermarkt;;;2025;hayır
Lukáš Provod;SK Slavia Prague;transfermarkt;SK Slavia Prague;SK Slavia Prague;2025;hayır
Wout Faes;AS Monaco;transfermarkt (Wikidata farklı: Leicester City F.C., ama başlangıcı eski/tarihsiz);Leicester City F.C.;AS Monaco;2025;hayır
Jonathan Bamba;Chicago Fire Soccer Club;transfermarkt (Wikidata farklı: PFC CSKA Moscow, ama başlangıcı eski/tarihsiz);PFC CSKA Moscow;Chicago Fire Soccer Club;2025;hayır
Borna Sosa;Crystal Palace;transfermarkt (Wikidata farklı: 1. FC Köln, ama başlangıcı eski/tarihsiz);1. FC Köln;Crystal Palace;2025;hayır
Nikola Vlašić;Torino FC;transfermarkt;Torino FC;Torino FC;2025;hayır
Amir Hadžiahmetović;Hull City A.F.C.;wikidata (CSV'deki kulübün güncel kadrosunda yok);Hull City A.F.C.;Beşiktaş Jimnastik Kulübü;2025;evet
Jacob Bruun Larsen;Burnley FC;transfermarkt (Wikidata farklı: VfB Stuttgart, ama başlangıcı eski/tarihsiz);VfB Stuttgart;Burnley FC;2025;hayır
Dani Olmo;FC Barcelona;transfermarkt;FC Barcelona;FC Barcelona;2025;hayır
Yevgeniy Yablonskiy;A.G.S Asteras Tripolis;transfermarkt (Wikidata farklı: Asteras Tripoli F.C., ama başlangıcı eski/tarihsiz);Asteras Tripoli F.C.;A.G.S Asteras Tripolis;2025;hayır
James Maddison;Tottenham Hotspur;transfermarkt;Tottenham Hotspur F.C.;Tottenham Hotspur;2025;hayır
Metehan Mimaroğlu;Trabzonspor;transfermarkt kadro sayfası (canlı);;Gençlerbirliği Spor Kulübü;2025;evet
Otabek Shukurov;F.C. Bunyodkor;wikidata (TM'de güncel kulüp yok);F.C. Bunyodkor;;2025;hayır
Ali Gholizadeh;Lech Poznan;transfermarkt;Lech Poznań;Lech Poznan;2025;hayır
Franck Kessié;Al-Ahli Saudi Football Club;transfermarkt (Wikidata farklı: Atalanta BC, ama başlangıcı eski/tarihsiz);Atalanta BC;Al-Ahli Saudi Football Club;2025;hayır
Samet Akaydın;Trabzonspor;transfermarkt kadro sayfası (canlı);Trabzonspor;Caykur Rizespor;2025;evet
Răzvan Marin;Athlitiki Enosi Konstantinoupoleos;transfermarkt (Wikidata farklı: AEK Athens F.C., ama başlangıcı eski/tarihsiz);AEK Athens F.C.;Athlitiki Enosi Konstantinoupoleos;2025;hayır
Taiwo Awoniyi;Nottingham Forest;transfermarkt;;Nottingham Forest;2025;hayır
Kelechi Iheanacho;Celtic FC;transfermarkt (Wikidata farklı: Manchester City F.C., ama başlangıcı eski/tarihsiz);Manchester City F.C.;Celtic FC;2025;hayır
Amjad Attwan;Zakho S.C.;wikidata (TM'de güncel kulüp yok);Zakho S.C.;;2025;hayır
Bashar Rasan;Al-Quwa Al-Jawiya;wikidata (TM'de güncel kulüp yok);Al-Quwa Al-Jawiya;;2025;hayır
Uğurcan Yazgılı;Konyaspor;transfermarkt kadro sayfası (canlı);Bucaspor;Konyaspor;2025;evet
Arne Maier;FC Augsburg;transfermarkt (Wikidata farklı: Arminia Bielefeld, ama başlangıcı eski/tarihsiz);Arminia Bielefeld;FC Augsburg;2025;hayır
Marco Asensio;Fenerbahçe;transfermarkt kadro sayfası (canlı);Fenerbahçe Istanbul;Fenerbahce;2025;hayır
Hamary Traoré;Paris FC;transfermarkt (Wikidata farklı: Stade de Reims, ama başlangıcı eski/tarihsiz);Stade de Reims;Paris FC;2025;hayır
Joe Rodon;Leeds United;transfermarkt;Leeds United F.C.;Leeds United;2025;hayır
Ali Faez Atia;Talaba SC;wikidata (TM'de güncel kulüp yok);Talaba SC;;2025;hayır
David García Zubiria;Emekli / kulüpsüz;emekli (TM: 2+ sezondur oynamadı);Al-Rayyan;CA Osasuna;2023;hayır
Grigoris Kastanos;Hellas Verona;transfermarkt (Wikidata farklı: Delfino Pescara 1936, ama başlangıcı eski/tarihsiz);Delfino Pescara 1936;Hellas Verona;2025;hayır
Sarach Yooyen;Renofa Yamaguchi FC;wikidata (TM'de güncel kulüp yok);Renofa Yamaguchi FC;;2025;hayır
Kieran Tierney;Celtic FC;transfermarkt;;Celtic FC;2025;hayır
Naby Keïta;Emekli / kulüpsüz;emekli (TM: 2+ sezondur oynamadı);Ferencvárosi TC;SV Werder Bremen;2023;hayır
Ioannis Kousoulos;Nea Salamis Famagusta FC;wikidata (TM'de güncel kulüp yok);Nea Salamis Famagusta FC;;2025;hayır
Gaetano Castrovilli;ACF Fiorentina;wikidata (TM'de güncel kulüp yok);ACF Fiorentina;Società Sportiva Lazio S.p.A.;2024;hayır
Fikayo Tomori;AC Milan;transfermarkt;AC Milan;AC Milan;2025;hayır
Dodi Lukebakio;Sevilla FC;transfermarkt (Wikidata farklı: Watford F.C., ama başlangıcı eski/tarihsiz);Watford F.C.;Sevilla FC;2025;hayır
Amir Al-Ammari;Cracovia;transfermarkt (Wikidata farklı: Husqvarna FF, ama başlangıcı eski/tarihsiz);Husqvarna FF;Cracovia;2025;hayır
Albert Guðmundsson;ACF Fiorentina;transfermarkt (Wikidata farklı: SS Lazio, ama başlangıcı eski/tarihsiz);SS Lazio;ACF Fiorentina;2025;hayır
Dominic Calvert-Lewin;Leeds United;transfermarkt;Leeds United F.C.;Leeds United;2025;hayır
Yassine Meriah;CS Sfaxien;wikidata (TM'de güncel kulüp yok);CS Sfaxien;;2025;hayır
Mert Hakan Yandaş;Fenerbahçe;transfermarkt kadro sayfası (canlı);Fenerbahçe Istanbul;Fenerbahce;2025;evet
Mehdi Taremi;Olympiakos Syndesmos Filathlon Peiraios;transfermarkt (Wikidata farklı: Al Wasl FC, ama başlangıcı eski/tarihsiz);Al Wasl FC;Olympiakos Syndesmos Filathlon Peiraios;2025;hayır
Shōgo Taniguchi;Sint-Truidense VV;transfermarkt;Sint-Truidense V.V.;Sint-Truidense VV;2025;hayır
Mohamed Kanno;Al-Hilal Saudi Football Club;transfermarkt (Wikidata farklı: Al-Ettifaq FC, ama başlangıcı eski/tarihsiz);Al-Ettifaq FC;Al-Hilal Saudi Football Club;2025;hayır
Rey Manaj;Sivasspor;transfermarkt kadro sayfası (canlı);Albacete Balompié;Sivasspor;2025;hayır
Patrick Berg;Fotballklubben Bodø/Glimt;transfermarkt;FK Bodø/Glimt;Fotballklubben Bodø/Glimt;2025;hayır
Jhon Murillo;CD América de Cali;transfermarkt (Wikidata farklı: Kasımpaşa S.K., ama başlangıcı eski/tarihsiz);Kasımpaşa S.K.;CD América de Cali;2025;hayır
Brais Méndez;Real Sociedad;transfermarkt (Wikidata farklı: Columbus Crew, ama başlangıcı eski/tarihsiz);Columbus Crew;Real Sociedad;2025;hayır
Jefferson Savarino;Fluminense Football Club;transfermarkt (Wikidata farklı: Fluminense F.C., ama başlangıcı eski/tarihsiz);Fluminense F.C.;Fluminense Football Club;2025;hayır
Kai Havertz;Arsenal FC;transfermarkt;Arsenal F.C.;Arsenal FC;2025;hayır
Ihsan Haddad;Al-Faisaly SC;wikidata (TM'de güncel kulüp yok);Al-Faisaly SC;;2025;hayır
Tarek Salman;Atlético Astorga FC;wikidata (TM'de güncel kulüp yok);Atlético Astorga FC;;2025;hayır
Utkir Yusupov;Nasaf Qarshi;wikidata (TM'de güncel kulüp yok);Nasaf Qarshi;;2025;hayır
Percy Tau;Brighton & Hove Albion F.C.;wikidata (TM'de güncel kulüp yok);Brighton & Hove Albion F.C.;;2025;hayır
Yeferson Soteldo;Fluminense Football Club;transfermarkt (Wikidata farklı: Zamora F.C., ama başlangıcı eski/tarihsiz);Zamora F.C.;Fluminense Football Club;2025;hayır
Marvin da Graça;FC Winterthur;transfermarkt (Wikidata farklı: MFA Mukachevo, ama başlangıcı eski/tarihsiz);MFA Mukachevo;FC Winterthur;2025;hayır
Trent Alexander-Arnold;Real Madrid;transfermarkt;Real Madrid Club de Fútbol;Real Madrid;2025;hayır
Marcus Edwards;Burnley FC;transfermarkt (Wikidata farklı: Excelsior Rotterdam, ama başlangıcı eski/tarihsiz);Excelsior Rotterdam;Burnley FC;2025;hayır
Lee Jae-sung;1.FSV Mainz 05;transfermarkt;1. FSV Mainz 05;1.FSV Mainz 05;2025;hayır
Brahim Díaz;Real Madrid;transfermarkt;Real Madrid Club de Fútbol;Real Madrid;2025;hayır
Bryan Acosta;Nashville SC;transfermarkt (Wikidata farklı: FC Dallas, ama başlangıcı eski/tarihsiz);FC Dallas;Nashville SC;2025;hayır
Jarrod Bowen;West Ham United;transfermarkt;West Ham United F.C.;West Ham United;2025;hayır
Luis López Fernández;Real C.D. España;wikidata (TM'de güncel kulüp yok);Real C.D. España;;2025;hayır
Nahitan Nández;Al-Qadsiah Saudi Football Club;transfermarkt (Wikidata farklı: Cagliari Calcio, ama başlangıcı eski/tarihsiz);Cagliari Calcio;Al-Qadsiah Saudi Football Club;2025;hayır
Benjaloud Youssouf;FC Sochaux-Montbéliard;transfermarkt (Wikidata farklı: US Orléans, ama başlangıcı eski/tarihsiz);US Orléans;FC Sochaux-Montbéliard;2025;hayır
Karl Toko Ekambi;Al-Fateh Club;transfermarkt (Wikidata farklı: FC Sochaux-Montbéliard, ama başlangıcı eski/tarihsiz);FC Sochaux-Montbéliard;Al-Fateh Club;2025;hayır
Atakan Çankaya;Fatih Karagümrük;transfermarkt (KONTROL: kulübün güncel kadrosunda yok, yeni takımı bilinmiyor);;Fatih Karagümrük;2025;evet
Myrto Uzuni;Austin FC;transfermarkt (Wikidata farklı: FK Apolonia, ama başlangıcı eski/tarihsiz);FK Apolonia;Austin FC;2025;hayır
Diadie Samassékou;Houston Dynamo;transfermarkt (Wikidata farklı: FC Liefering, ama başlangıcı eski/tarihsiz);FC Liefering;Houston Dynamo;2025;hayır
Christian Pulisic;AC Milan;transfermarkt;AC Milan;AC Milan;2025;hayır
Alessandro Bastoni;Inter Milan;transfermarkt;Inter Milan;Inter Milan;2025;hayır
Gianluigi Donnarumma;Manchester City;transfermarkt;Manchester City F.C.;Manchester City;2025;hayır
Andrea Pinamonti;US Sassuolo;transfermarkt (Wikidata farklı: SS Lazio, ama başlangıcı eski/tarihsiz);SS Lazio;US Sassuolo;2025;hayır
Gianluca Scamacca;Atalanta BC;transfermarkt;Atalanta BC;Atalanta BC;2025;hayır
Scott McTominay;SSC Napoli;transfermarkt;SSC Napoli;SSC Napoli;2025;hayır
Ben Chilwell;RC Strasbourg Alsace;transfermarkt (Wikidata farklı: Crystal Palace F.C., ama başlangıcı eski/tarihsiz);Crystal Palace F.C.;RC Strasbourg Alsace;2025;hayır
Martin Ødegaard;Arsenal FC;transfermarkt;Arsenal F.C.;Arsenal FC;2025;hayır
Vincent Thill;US Orléans;wikidata (TM'de güncel kulüp yok);US Orléans;;2025;hayır
Hirving Lozano;San Diego Football Club;transfermarkt (Wikidata farklı: LA Galaxy, ama başlangıcı eski/tarihsiz);LA Galaxy;San Diego Football Club;2025;hayır
Diego Rossi;Columbus Crew;transfermarkt;Columbus Crew;Columbus Crew;2025;hayır
Lucas Torreira;Galatasaray;transfermarkt kadro sayfası (canlı);Galatasaray S.K.;Galatasaray;2025;hayır
David Raum;RB Leipzig;transfermarkt;RB Leipzig;RB Leipzig;2025;hayır
Matvey Safonov;Paris Saint-Germain;transfermarkt;Paris Saint-Germain FC;Paris Saint-Germain;2025;hayır
Olivier Boscagli;Brighton & Hove Albion;transfermarkt (Wikidata farklı: OGC Nice, ama başlangıcı eski/tarihsiz);OGC Nice;Brighton & Hove Albion;2025;hayır
Marcus Thuram;Inter Milan;transfermarkt;Inter Milan;Inter Milan;2025;hayır
Jakub Jankto;Getafe CF;wikidata (TM'de güncel kulüp yok);Getafe CF;Cagliari Calcio;2024;hayır
Daniel James;Leeds United;transfermarkt;;Leeds United;2025;hayır
Dani Ceballos;Real Madrid;transfermarkt (Wikidata farklı: Real Betis Balompié, ama başlangıcı eski/tarihsiz);Real Betis Balompié;Real Madrid;2025;hayır
Mathias Jensen;Brentford FC;transfermarkt;Brentford F.C.;Brentford FC;2025;hayır
Çağlar Söyüncü;Çorum FK;wikidata (CSV'deki kulübün güncel kadrosunda yok);Çorum FK;Fenerbahce;2025;hayır
Philip Billing;AFC Bournemouth;transfermarkt;AFC Bournemouth;AFC Bournemouth;2025;hayır
Zizo;;transfermarkt;;;2025;hayır
Sebastian Szymański;Stade Rennais FC;transfermarkt (Wikidata farklı: FC Dinamo Moscow, ama başlangıcı eski/tarihsiz);FC Dinamo Moscow;Stade Rennais FC;2025;hayır
Everton Sousa Soares;Clube de Regatas do Flamengo;transfermarkt (Wikidata farklı: América de Cali, ama başlangıcı eski/tarihsiz);América de Cali;Clube de Regatas do Flamengo;2025;hayır
Emiliano Buendía;Aston Villa;transfermarkt (Wikidata farklı: Getafe CF, ama başlangıcı eski/tarihsiz);Getafe CF;Aston Villa;2025;hayır
Denzel Dumfries;Inter Milan;transfermarkt (Wikidata farklı: Real Madrid Club de Fútbol, ama başlangıcı eski/tarihsiz);Real Madrid Club de Fútbol;Inter Milan;2025;hayır
İrfan Can Eğribayat;Gençlerbirliği;transfermarkt kadro sayfası (canlı);Fenerbahçe Istanbul;Fenerbahce;2025;evet
Matteo Gabbia;AC Milan;transfermarkt;;AC Milan;2025;hayır
Malcom;Al-Hilal Saudi Football Club;transfermarkt (Wikidata farklı: Al Jazira Club, ama başlangıcı eski/tarihsiz);Al Jazira Club;Al-Hilal Saudi Football Club;2025;hayır
Rafael Santos Borré;Club Atlético River Plate;transfermarkt;Club Atlético River Plate;Club Atlético River Plate;2025;hayır
Christoph Baumgartner;RB Leipzig;transfermarkt;RB Leipzig;RB Leipzig;2025;hayır
Ollie Watkins;Aston Villa;transfermarkt (Wikidata farklı: Al Hilal SFC, ama başlangıcı eski/tarihsiz);Al Hilal SFC;Aston Villa;2025;hayır
Joseph Mbong;Hibernians F.C.;wikidata (TM'de güncel kulüp yok);Hibernians F.C.;;2025;hayır
Vangelis Pavlidis;SL Benfica;transfermarkt;S.L. Benfica;SL Benfica;2025;hayır
Jonathan Ikoné;Paris FC;transfermarkt;Paris FC;Paris FC;2025;hayır
Viktor Gyökeres;Arsenal FC;transfermarkt;Arsenal F.C.;Arsenal FC;2025;hayır
Donyell Malen;Associazione Sportiva Roma;transfermarkt;AS Roma;Associazione Sportiva Roma;2025;hayır
Matthijs de Ligt;Manchester United;transfermarkt;Manchester United F.C.;Manchester United;2025;hayır
Jeff Reine-Adélaïde;Heracles Almelo;transfermarkt;;Heracles Almelo;2025;hayır
Frenkie de Jong;FC Barcelona;transfermarkt;FC Barcelona;FC Barcelona;2025;hayır
Ridle Baku;RB Leipzig;transfermarkt (Wikidata farklı: 1. FSV Mainz 05, ama başlangıcı eski/tarihsiz);1. FSV Mainz 05;RB Leipzig;2025;hayır
Efkan Bekiroğlu;Göztepe;transfermarkt kadro sayfası (canlı);TSV 1860 München;Göztepe;2025;evet
Krzysztof Piątek;Al-Duhail SC;wikidata (TM'de güncel kulüp yok);Al-Duhail SC;;2025;hayır
Juriën Gaari;Kozakken Boys;wikidata (TM'de güncel kulüp yok);Kozakken Boys;;2025;hayır
José Luis García Vayá;Valencia CF;transfermarkt (Wikidata farklı: Levante UD, ama başlangıcı eski/tarihsiz);Levante UD;Valencia CF;2025;hayır
Derek Cornelius;Olympique Marseille;transfermarkt;Olympique de Marseille;Olympique Marseille;2025;hayır
Kristoffer Ajer;Brentford FC;transfermarkt (Wikidata farklı: Celtic F.C., ama başlangıcı eski/tarihsiz);Celtic F.C.;Brentford FC;2025;hayır
Enes Mahmutovic;NAC Breda;transfermarkt (Wikidata farklı: Middlesbrough F.C., ama başlangıcı eski/tarihsiz);Middlesbrough F.C.;NAC Breda;2025;hayır
Diego Carlos;Como 1907;transfermarkt (Wikidata farklı: Parma Calcio 1913, ama başlangıcı eski/tarihsiz);Parma Calcio 1913;Como 1907;2025;hayır
Giorgos Masouras;Al-Khaleej Club (Saihat);transfermarkt (Wikidata farklı: Panionios F.C., ama başlangıcı eski/tarihsiz);Panionios F.C.;Al-Khaleej Club (Saihat);2025;hayır
Karol Świderski;Panathinaikos Athlitikos Omilos;transfermarkt (Wikidata farklı: Jagiellonia Białystok, ama başlangıcı eski/tarihsiz);Jagiellonia Białystok;Panathinaikos Athlitikos Omilos;2025;hayır
Justin Kluivert;AFC Bournemouth;transfermarkt (Wikidata farklı: Jong Ajax, ama başlangıcı eski/tarihsiz);Jong Ajax;AFC Bournemouth;2025;hayır
Luis Abram;Granada CF;wikidata (TM'de güncel kulüp yok);Granada CF;;2025;hayır
Muhammed Şengezer;Başakşehir;transfermarkt kadro sayfası (canlı);Bursaspor;Basaksehir FK;2025;evet
Kubilay Kanatsızkuş;MKE Ankaragücü;wikidata (CSV'deki kulübün güncel kadrosunda yok);MKE Ankaragücü;Kasimpasa;2025;evet
Luis Chávez;FK Dinamo Moskva;transfermarkt (Wikidata farklı: Club Tijuana, ama başlangıcı eski/tarihsiz);Club Tijuana;FK Dinamo Moskva;2025;hayır
Rubio Rubin;FC Utrecht;wikidata (TM'de güncel kulüp yok);FC Utrecht;;2025;hayır
Manuel Lazzari;Società Sportiva Lazio S.p.A.;transfermarkt (Wikidata farklı: SS Lazio, ama başlangıcı eski/tarihsiz);SS Lazio;Società Sportiva Lazio S.p.A.;2025;hayır
Óscar Mingueza;Celta de Vigo;transfermarkt (Wikidata farklı: Crystal Palace F.C., ama başlangıcı eski/tarihsiz);Crystal Palace F.C.;Celta de Vigo;2025;hayır
Riqui Puig;Los Angeles Galaxy;transfermarkt (Wikidata farklı: FC Barcelona, ama başlangıcı eski/tarihsiz);FC Barcelona;Los Angeles Galaxy;2025;hayır
Takehiro Tomiyasu;Ajax Amsterdam;transfermarkt (Wikidata farklı: Crystal Palace F.C., ama başlangıcı eski/tarihsiz);Crystal Palace F.C.;Ajax Amsterdam;2025;hayır
Tammy Abraham;Aston Villa F.C.;wikidata (CSV'deki kulübün güncel kadrosunda yok);Aston Villa F.C.;Beşiktaş Jimnastik Kulübü;2025;hayır
Jón Dagur Þorsteinsson;Sportsklubben Brann;transfermarkt (Wikidata farklı: HK Kópavogur, ama başlangıcı eski/tarihsiz);HK Kópavogur;Sportsklubben Brann;2025;hayır
Matteo Pessina;AC Monza;wikidata (TM'de güncel kulüp yok);AC Monza;AC Monza;2024;hayır
Todd Cantwell;Emekli / kulüpsüz;emekli (TM: 2+ sezondur oynamadı);Norwich City F.C.;Rangers FC;2023;hayır
Weston McKennie;Juventus FC;transfermarkt;Juventus FC;Juventus FC;2025;hayır
Tyler Adams;AFC Bournemouth;transfermarkt;AFC Bournemouth;AFC Bournemouth;2025;hayır
Roland Sallai;Galatasaray;transfermarkt kadro sayfası (canlı);Galatasaray S.K.;Galatasaray;2025;hayır
Valentin Rongier;Stade Rennais FC;transfermarkt;Stade Rennais F.C.;Stade Rennais FC;2025;hayır
Sander Berge;Fulham FC;transfermarkt;Fulham F.C.;Fulham FC;2025;hayır
Joelinton;Newcastle United;transfermarkt;Newcastle United F.C.;Newcastle United;2025;hayır
Milad Mohammadi;FC Maxline Viciebsk;wikidata (TM'de güncel kulüp yok);FC Maxline Viciebsk;;2025;hayır
Jonathan Burkardt;Eintracht Frankfurt;transfermarkt;Eintracht Frankfurt;Eintracht Frankfurt;2025;hayır
François Kamano;FK Sochi;transfermarkt;;FK Sochi;2025;hayır
Orbelín Pineda;Athlitiki Enosi Konstantinoupoleos;transfermarkt (Wikidata farklı: Club de Fútbol Monterrey, ama başlangıcı eski/tarihsiz);Club de Fútbol Monterrey;Athlitiki Enosi Konstantinoupoleos;2025;hayır
Denis Zakaria;AS Monaco;transfermarkt;AS Monaco FC;AS Monaco;2025;hayır
Ermedin Demirović;VfB Stuttgart;transfermarkt;VfB Stuttgart;VfB Stuttgart;2025;hayır
Renat Dadashov;Motor Lublin Spółka Akcyjna;transfermarkt;Motor Lublin;Motor Lublin Spółka Akcyjna;2025;hayır
Ben White;Arsenal FC;transfermarkt;Arsenal F.C.;Arsenal FC;2025;hayır
Altay Bayındır;Manchester United;transfermarkt;Manchester United F.C.;Manchester United;2025;evet
Mërgim Vojvoda;Como 1907;transfermarkt (Wikidata farklı: Udinese Calcio, ama başlangıcı eski/tarihsiz);Udinese Calcio;Como 1907;2025;hayır
Akram Afif;Al Sadd Sports Club;wikidata (TM'de güncel kulüp yok);Al Sadd Sports Club;;2025;hayır
Assim Madibo;Cultural y Deportiva Leonesa;wikidata (TM'de güncel kulüp yok);Cultural y Deportiva Leonesa;;2025;hayır
Marc Roca Junqué;Real Betis Balompié;transfermarkt (Wikidata farklı: FC Bayern Munich, ama başlangıcı eski/tarihsiz);FC Bayern Munich;Real Betis Balompié;2025;hayır
Florent Muslija;Fortuna Düsseldorf;transfermarkt (Wikidata farklı: Hannover 96, ama başlangıcı eski/tarihsiz);Hannover 96;Fortuna Düsseldorf;2025;hayır
Alex Král;1.FC Union Berlin;transfermarkt;1. FC Union Berlin;1.FC Union Berlin;2025;hayır
Fatih Kuruçuk;Göztepe S.K.;wikidata (CSV'deki kulübün güncel kadrosunda yok);Göztepe S.K.;Fatih Karagümrük;2025;evet
Christian Kouamé;ACF Fiorentina;transfermarkt (Wikidata farklı: Inter Milan, ama başlangıcı eski/tarihsiz);Inter Milan;ACF Fiorentina;2025;hayır
Gedson Fernandes;S.L. Benfica;wikidata (CSV'deki kulübün güncel kadrosunda yok);S.L. Benfica;Beşiktaş Jimnastik Kulübü;2025;hayır
Jordan Morris;Seattle Sounders FC;transfermarkt;Seattle Sounders FC;Seattle Sounders FC;2025;hayır
Kostas Tsimikas;Associazione Sportiva Roma;transfermarkt (Wikidata farklı: Liverpool F.C., ama başlangıcı eski/tarihsiz);Liverpool F.C.;Associazione Sportiva Roma;2025;hayır
Unai Núñez;Hellas Verona;transfermarkt (Wikidata farklı: RCD Espanyol de Barcelona, ama başlangıcı eski/tarihsiz);RCD Espanyol de Barcelona;Hellas Verona;2025;hayır
Mikel Merino;Arsenal FC;transfermarkt;Arsenal F.C.;Arsenal FC;2025;hayır
Mile Svilar;Associazione Sportiva Roma;transfermarkt (Wikidata farklı: S.L. Benfica, ama başlangıcı eski/tarihsiz);S.L. Benfica;Associazione Sportiva Roma;2025;hayır
Fatih Aksoy;Alanyaspor;transfermarkt kadro sayfası (canlı);Beşiktaş J.K.;Alanyaspor;2025;evet
Deniz Undav;VfB Stuttgart;transfermarkt;VfB Stuttgart;VfB Stuttgart;2025;hayır
Noa Lang;SSC Napoli;transfermarkt;SSC Napoli;SSC Napoli;2025;hayır
Tyrell Malacia;Manchester United;transfermarkt (Wikidata farklı: Feyenoord Rotterdam, ama başlangıcı eski/tarihsiz);Feyenoord Rotterdam;Manchester United;2025;hayır
Rico Henry;Brentford FC;transfermarkt;Brentford F.C.;Brentford FC;2025;hayır
Théo Hernandez;Al-Hilal Saudi Football Club;transfermarkt (Wikidata farklı: Al Hilal SFC, ama başlangıcı eski/tarihsiz);Al Hilal SFC;Al-Hilal Saudi Football Club;2025;hayır
Burak Kapacak;Sivasspor;transfermarkt kadro sayfası (canlı);Bursaspor;Kayserispor;2025;evet
Hamdi Fathi;ENPPI SC;wikidata (TM'de güncel kulüp yok);ENPPI SC;;2025;hayır
Nathan Tella;Bayer 04 Leverkusen;transfermarkt (Wikidata farklı: Southampton F.C., ama başlangıcı eski/tarihsiz);Southampton F.C.;Bayer 04 Leverkusen;2025;hayır
Eddie Nketiah;Crystal Palace;transfermarkt;Crystal Palace F.C.;Crystal Palace;2025;hayır
Joe Willock;Newcastle United;transfermarkt;Newcastle United F.C.;Newcastle United;2025;hayır
Noussair Mazraoui;Manchester United;transfermarkt;Manchester United F.C.;Manchester United;2025;hayır
Merih Demiral;Al-Ahli Saudi Football Club;transfermarkt;Al Ahli FC;Al-Ahli Saudi Football Club;2025;hayır
Caoimhín Kelleher;Brentford FC;transfermarkt;Brentford F.C.;Brentford FC;2025;hayır
Diogo Jota;;transfermarkt;;;2025;hayır
Güven Yalçın;Kasımpaşa;transfermarkt kadro sayfası (canlı);Beşiktaş J.K.;Alanyaspor;2025;evet
Kyle Walker-Peters;West Ham United;transfermarkt (Wikidata farklı: Tottenham Hotspur F.C., ama başlangıcı eski/tarihsiz);Tottenham Hotspur F.C.;West Ham United;2025;hayır
Federico Chiesa;Liverpool FC;transfermarkt;;Liverpool FC;2025;hayır
Dávinson Sánchez;Galatasaray;transfermarkt kadro sayfası (canlı);Atlético Nacional;Galatasaray;2025;hayır
Dirk Carlson;Racing FC Union Luxembourg;wikidata (TM'de güncel kulüp yok);Racing FC Union Luxembourg;;2025;hayır
Umut Meraş;Bursaspor;wikidata (CSV'deki kulübün güncel kadrosunda yok);Bursaspor;Eyüpspor;2025;evet
Cengiz Ünder;Çorum FK;wikidata (CSV'deki kulübün güncel kadrosunda yok);Çorum FK;Beşiktaş Jimnastik Kulübü;2025;hayır
Gerson Santos Putin;Cruzeiro Esporte Clube;transfermarkt (Wikidata farklı: Fluminense F.C., ama başlangıcı eski/tarihsiz);Fluminense F.C.;Cruzeiro Esporte Clube;2025;hayır
Roberts Uldriķis;FC Sion;wikidata (TM'de güncel kulüp yok);FC Sion;Athens Kallithea;2024;hayır
Kylian Mbappé;Real Madrid;transfermarkt;Real Madrid Club de Fútbol;Real Madrid;2025;hayır
Guido Rodríguez;West Ham United;transfermarkt (Wikidata farklı: Defensa y Justicia, ama başlangıcı eski/tarihsiz);Defensa y Justicia;West Ham United;2025;hayır
Mattias Svanberg;VfL Wolfsburg;transfermarkt;VfL Wolfsburg;VfL Wolfsburg;2025;hayır
Nicolas Pépé;Villarreal CF;transfermarkt;;Villarreal CF;2025;hayır
Cyle Larin;Feyenoord Rotterdam;transfermarkt (Wikidata farklı: Beşiktaş J.K., ama başlangıcı eski/tarihsiz);Beşiktaş J.K.;Feyenoord Rotterdam;2025;hayır
Ben Godfrey;Bröndby IF;transfermarkt (Wikidata farklı: Ipswich Town F.C., ama başlangıcı eski/tarihsiz);Ipswich Town F.C.;Bröndby IF;2025;hayır
Irfan Fandi;Lion City Sailors F.C.;wikidata (TM'de güncel kulüp yok);Lion City Sailors F.C.;;2025;hayır
Ikhsan Fandi;Club Universidad de Chile;wikidata (TM'de güncel kulüp yok);Club Universidad de Chile;;2025;hayır
Artem Dovbyk;Associazione Sportiva Roma;transfermarkt (Wikidata farklı: Bologna F.C. 1909, ama başlangıcı eski/tarihsiz);Bologna F.C. 1909;Associazione Sportiva Roma;2025;hayır
Mark-Anthony Kaye;Toronto FC;wikidata (TM'de güncel kulüp yok);Toronto FC;San Jose Earthquakes;2024;hayır
Mohamed Hany;;transfermarkt;;;2025;hayır
Anton Stach;Leeds United;transfermarkt;Leeds United F.C.;Leeds United;2025;hayır
Odsonne Édouard;RC Lens;transfermarkt (Wikidata farklı: Toulouse FC, ama başlangıcı eski/tarihsiz);Toulouse FC;RC Lens;2025;hayır
Baktiyor Zaynutdinov;FK Dinamo Moskva;transfermarkt (Wikidata farklı: PFC CSKA Moscow, ama başlangıcı eski/tarihsiz);PFC CSKA Moscow;FK Dinamo Moskva;2025;hayır
Christopher Nkunku;AC Milan;transfermarkt (Wikidata farklı: RB Leipzig, ama başlangıcı eski/tarihsiz);RB Leipzig;AC Milan;2025;hayır
Rayan Raveloson;BSC Young Boys;transfermarkt (Wikidata farklı: LA Galaxy, ama başlangıcı eski/tarihsiz);LA Galaxy;BSC Young Boys;2025;hayır
Malang Sarr;RC Lens;transfermarkt (Wikidata farklı: OGC Nice, ama başlangıcı eski/tarihsiz);OGC Nice;RC Lens;2025;hayır
Dan-Axel Zagadou;VfB Stuttgart;transfermarkt (Wikidata farklı: Borussia Dortmund, ama başlangıcı eski/tarihsiz);Borussia Dortmund;VfB Stuttgart;2025;hayır
Boubakary Soumaré;Leicester City F.C.;wikidata (TM'de güncel kulüp yok);Leicester City F.C.;Leicester City;2024;hayır
Dayot Upamecano;Bayern Munich;transfermarkt;FC Bayern Munich;Bayern Munich;2025;hayır
Jesús Gallardo;Deportivo Toluca;transfermarkt (Wikidata farklı: Pumas UNAM, ama başlangıcı eski/tarihsiz);Pumas UNAM;Deportivo Toluca;2025;hayır
Mouhamadou Diallo;FC Metz;transfermarkt;FC Metz;FC Metz;2025;hayır
Milan Ristovski;Bohemians Praha 1905, a.s.;transfermarkt;;Bohemians Praha 1905, a.s.;2025;hayır
Almoez Ali;Al-Duhail SC;wikidata (TM'de güncel kulüp yok);Al-Duhail SC;;2025;hayır
Gökdeniz Bayrakdar;Göztepe;transfermarkt kadro sayfası (canlı);;Bodrum FK;2024;evet
Justas Lasickas;HNK Rijeka;transfermarkt (Wikidata farklı: FK Žalgiris, ama başlangıcı eski/tarihsiz);FK Žalgiris;HNK Rijeka;2025;hayır
Fidel Escobar;AD Alcorcón;wikidata (TM'de güncel kulüp yok);AD Alcorcón;;2025;hayır
Duckens Nazon;Esteghlal F.C.;wikidata (TM'de güncel kulüp yok);Esteghlal F.C.;;2025;hayır
Ruben Vargas;Sevilla FC;transfermarkt;Sevilla FC;Sevilla FC;2025;hayır
Ladislav Krejčí;Girona FC;transfermarkt (Wikidata farklı: Wolverhampton Wanderers F.C., ama başlangıcı eski/tarihsiz);Wolverhampton Wanderers F.C.;Girona FC;2025;hayır
Jamal Lewis;;transfermarkt;;;2025;hayır
Mouctar Diakhaby;Valencia CF;transfermarkt (Wikidata farklı: Olympique Lyonnais, ama başlangıcı eski/tarihsiz);Olympique Lyonnais;Valencia CF;2025;hayır
Trevoh Chalobah;Chelsea FC;transfermarkt;Chelsea F.C.;Chelsea FC;2025;hayır
Mason Mount;Manchester United;transfermarkt;Manchester United F.C.;Manchester United;2025;hayır
Danel Sinani;FC St. Pauli;transfermarkt (Wikidata farklı: Norwich City F.C., ama başlangıcı eski/tarihsiz);Norwich City F.C.;FC St. Pauli;2025;hayır
Sean Longstaff;Leeds United;transfermarkt;Leeds United F.C.;Leeds United;2025;hayır
Ché Adams;Torino FC;transfermarkt (Wikidata farklı: Birmingham City F.C., ama başlangıcı eski/tarihsiz);Birmingham City F.C.;Torino FC;2025;hayır
Noah Okafor;Leeds United;transfermarkt (Wikidata farklı: FC Basel, ama başlangıcı eski/tarihsiz);FC Basel;Leeds United;2025;hayır
Lyndon Dykes;Queens Park Rangers F.C.;wikidata (TM'de güncel kulüp yok);Queens Park Rangers F.C.;;2025;hayır
Jerdy Schouten;PSV Eindhoven;transfermarkt;PSV Eindhoven;PSV Eindhoven;2025;hayır
Nordi Mukiele;Sunderland AFC;transfermarkt;Sunderland A.F.C.;Sunderland AFC;2025;hayır
Mason Holgate;Al-Gharafa SC;wikidata (TM'de güncel kulüp yok);Al-Gharafa SC;;2025;hayır
Junya Itō;KRC Genk;transfermarkt (Wikidata farklı: Stade de Reims, ama başlangıcı eski/tarihsiz);Stade de Reims;KRC Genk;2025;hayır
Giovani Lo Celso;Real Betis Balompié;transfermarkt;Real Betis Balompié;Real Betis Balompié;2025;hayır
Juninho Bacuna;Gaziantep FK;transfermarkt kadro sayfası (canlı);FC Groningen;Gaziantep FK;2025;hayır
Alexander Isak;Liverpool FC;transfermarkt;Liverpool F.C.;Liverpool FC;2025;hayır
Pervis Estupiñán;AC Milan;transfermarkt;AC Milan;AC Milan;2025;hayır
Antonee Robinson;Fulham FC;transfermarkt;Fulham F.C.;Fulham FC;2025;hayır
Fabián Ruiz;Paris Saint-Germain;transfermarkt;Paris Saint-Germain FC;Paris Saint-Germain;2025;hayır
Abdulla Yusuf Helal;Bohemians Praha 1905, a.s.;transfermarkt (Wikidata farklı: Persija Jakarta, ama başlangıcı eski/tarihsiz);Persija Jakarta;Bohemians Praha 1905, a.s.;2025;hayır
Mikel Oyarzabal;Real Sociedad;transfermarkt;Real Sociedad;Real Sociedad;2025;hayır
Ali Al-Busaidi;Al Nahda Club;wikidata (TM'de güncel kulüp yok);Al Nahda Club;;2025;hayır
Kalvin Phillips;Manchester City;transfermarkt (Wikidata farklı: Sheffield United F.C., ama başlangıcı eski/tarihsiz);Sheffield United F.C.;Manchester City;2025;hayır
Robin Le Normand;Atlético de Madrid;transfermarkt;Atlético Madrid;Atlético de Madrid;2025;hayır
Ismaël Bennacer;GNK Dinamo Zagreb;transfermarkt;;GNK Dinamo Zagreb;2025;hayır
Faïz Selemani;Al Hazem SC;wikidata (TM'de güncel kulüp yok);Al Hazem SC;;2025;hayır
Witi;CD Nacional;transfermarkt;C.D. Nacional;CD Nacional;2025;hayır
Otar Kiteishvili;Sportklub Puntigamer Sturm Graz;transfermarkt (Wikidata farklı: FC Dinamo Tbilisi, ama başlangıcı eski/tarihsiz);FC Dinamo Tbilisi;Sportklub Puntigamer Sturm Graz;2025;hayır
Batuhan Ahmet Şen;Fatih Karagümrük;transfermarkt kadro sayfası (canlı);;Galatasaray;2025;evet
Omar Alderete;Sunderland AFC;transfermarkt (Wikidata farklı: Club de Gimnasia y Esgrima La Plata, ama başlangıcı eski/tarihsiz);Club de Gimnasia y Esgrima La Plata;Sunderland AFC;2025;hayır
Benjamin Pavard;Olympique Marseille;transfermarkt (Wikidata farklı: Inter Milan, ama başlangıcı eski/tarihsiz);Inter Milan;Olympique Marseille;2025;hayır
Samuel Moutoussamy;APS Atromitos Athinon;transfermarkt (Wikidata farklı: FC Nantes, ama başlangıcı eski/tarihsiz);FC Nantes;APS Atromitos Athinon;2025;hayır
Aubrey Modiba;Orlando Pirates F.C.;wikidata (TM'de güncel kulüp yok);Orlando Pirates F.C.;;2025;hayır
Roberto Alvarado;Deportivo Guadalajara;transfermarkt (Wikidata farklı: Tigres UANL, ama başlangıcı eski/tarihsiz);Tigres UANL;Deportivo Guadalajara;2025;hayır
Hiroki Itō;Bayern Munich;transfermarkt (Wikidata farklı: VfB Stuttgart, ama başlangıcı eski/tarihsiz);VfB Stuttgart;Bayern Munich;2025;hayır
Mert Müldür;Fenerbahçe;transfermarkt kadro sayfası (canlı);US Sassuolo Calcio;Fenerbahce;2025;hayır
Lucas Tousart;Stade Brestois 29;transfermarkt (Wikidata farklı: Olympique Lyonnais, ama başlangıcı eski/tarihsiz);Olympique Lyonnais;Stade Brestois 29;2025;hayır
Vitalie Damașcan;HŠK Zrinjski Mostar;wikidata (TM'de güncel kulüp yok);HŠK Zrinjski Mostar;;2025;hayır
Adil Demirbağ;Konyaspor;transfermarkt kadro sayfası (canlı);Bucaspor;Konyaspor;2025;evet
André-Frank Zambo Anguissa;SSC Napoli;transfermarkt;SSC Napoli;SSC Napoli;2025;hayır
Rodrigo Bentancur;Tottenham Hotspur;transfermarkt;Tottenham Hotspur F.C.;Tottenham Hotspur;2025;hayır
Michael Amir Murillo;Beşiktaş;transfermarkt kadro sayfası (canlı);Beşiktaş J.K.;Olympique Marseille;2025;hayır
Levi Garcia;FK Spartak Moskva;transfermarkt (Wikidata farklı: AZ Alkmaar, ama başlangıcı eski/tarihsiz);AZ Alkmaar;FK Spartak Moskva;2025;hayır
Shamar Nicholson;Club Tijuana;transfermarkt (Wikidata farklı: FC Maxline Viciebsk, ama başlangıcı eski/tarihsiz);FC Maxline Viciebsk;Club Tijuana;2025;hayır
Nicholas Hagen;Columbus Crew;transfermarkt;;Columbus Crew;2025;hayır
Loren Morón;Aris Thessalonikis;transfermarkt (Wikidata farklı: Aris Thessaloniki F.C., ama başlangıcı eski/tarihsiz);Aris Thessaloniki F.C.;Aris Thessalonikis;2025;hayır
Derrick Etienne Jr.;Toronto FC;transfermarkt;Toronto FC;Toronto FC;2025;hayır
Deybi Flores;Al-Najma Sport Club;transfermarkt (Wikidata farklı: Vancouver Whitecaps FC, ama başlangıcı eski/tarihsiz);Vancouver Whitecaps FC;Al-Najma Sport Club;2025;hayır
Đỗ Duy Mạnh;Hanoi FC;wikidata (TM'de güncel kulüp yok);Hanoi FC;;2025;hayır
Cristian Roldan;Seattle Sounders FC;transfermarkt;Seattle Sounders FC;Seattle Sounders FC;2025;hayır
Amadou Diawara;Emekli / kulüpsüz;emekli (TM: 2+ sezondur oynamadı);AS Roma;RSC Anderlecht;2023;hayır
Barış Alıcı;Emekli / kulüpsüz;emekli (TM: 2+ sezondur oynamadı);Fenerbahçe Istanbul;Caykur Rizespor;2019;evet
Filippo Berardi;Torino FC;wikidata (TM'de güncel kulüp yok);Torino FC;;2025;hayır
Igor Zubeldia;Real Sociedad;transfermarkt;Real Sociedad;Real Sociedad;2025;hayır
Kō Itakura;Ajax Amsterdam;transfermarkt (Wikidata farklı: Borussia Mönchengladbach, ama başlangıcı eski/tarihsiz);Borussia Mönchengladbach;Ajax Amsterdam;2025;hayır
Arnaut Danjuma;Valencia CF;transfermarkt;Valencia CF;Valencia CF;2025;hayır
Cristian Romero;Tottenham Hotspur;transfermarkt (Wikidata farklı: Atlético Madrid, ama başlangıcı eski/tarihsiz);Atlético Madrid;Tottenham Hotspur;2025;hayır
Uriel Antuna;Tigres UANL;transfermarkt (Wikidata farklı: LA Galaxy, ama başlangıcı eski/tarihsiz);LA Galaxy;Tigres UANL;2025;hayır
Jorge Sánchez Ramos;CD Cruz Azul;transfermarkt;Cruz Azul;CD Cruz Azul;2025;hayır
Daichi Kamada;Crystal Palace;transfermarkt;Crystal Palace F.C.;Crystal Palace;2025;hayır
Alfonso Pedraza;Villarreal CF;transfermarkt;Villarreal CF;Villarreal CF;2025;hayır
Alban Lafont;Panathinaikos Athlitikos Omilos;transfermarkt (Wikidata farklı: FC Nantes, ama başlangıcı eski/tarihsiz);FC Nantes;Panathinaikos Athlitikos Omilos;2025;hayır
Ibrahima Konaté;Liverpool FC;transfermarkt (Wikidata farklı: Real Madrid Club de Fútbol, ama başlangıcı eski/tarihsiz);Real Madrid Club de Fútbol;Liverpool FC;2025;hayır
Diogo Dalot;Manchester United;transfermarkt;Manchester United F.C.;Manchester United;2025;hayır
Diogo Costa;FC Porto;transfermarkt;FC Porto;FC Porto;2025;hayır
Florentino Luís;Burnley FC;transfermarkt (Wikidata farklı: S.L. Benfica, ama başlangıcı eski/tarihsiz);S.L. Benfica;Burnley FC;2025;hayır
Rafael Leão;Galatasaray;transfermarkt kadro sayfası (canlı);Galatasaray S.K.;AC Milan;2025;hayır
Leandro Barreiro;SL Benfica;transfermarkt (Wikidata farklı: 1. FSV Mainz 05, ama başlangıcı eski/tarihsiz);1. FSV Mainz 05;SL Benfica;2025;hayır
Dušan Vlahović;Beşiktaş;transfermarkt kadro sayfası (canlı);Beşiktaş J.K.;Juventus FC;2025;hayır
Rodri;Manchester City;transfermarkt (Wikidata farklı: FC Barcelona, ama başlangıcı eski/tarihsiz);FC Barcelona;Manchester City;2025;hayır
Yan Vorogovskiy;FC Kairat;wikidata (TM'de güncel kulüp yok);FC Kairat;;2025;hayır
Declan Rice;Arsenal FC;transfermarkt;Arsenal F.C.;Arsenal FC;2025;hayır
Pablo Fornals;Real Betis Balompié;transfermarkt (Wikidata farklı: Málaga CF, ama başlangıcı eski/tarihsiz);Málaga CF;Real Betis Balompié;2025;hayır
Raoul Bellanova;Atalanta BC;transfermarkt;Atalanta BC;Atalanta BC;2025;hayır
Chidozie Awaziem;Konyaspor;transfermarkt kadro sayfası (canlı);FC Porto;FC Nantes;2025;hayır
Eldor Shomurodov;Başakşehir;transfermarkt kadro sayfası (canlı);F.C. Bunyodkor;Basaksehir FK;2025;hayır
Ritsu Dōan;Eintracht Frankfurt;transfermarkt;Eintracht Frankfurt;Eintracht Frankfurt;2025;hayır
Anton Krivotsyuk;Foundation Coorperation Hana Financial Group Inc. Football Club;transfermarkt (Wikidata farklı: Daejeon Hana Citizen FC, ama başlangıcı eski/tarihsiz);Daejeon Hana Citizen FC;Foundation Coorperation Hana Financial Group Inc. Football Club;2025;hayır
Teun Koopmeiners;Juventus FC;transfermarkt;Juventus FC;Juventus FC;2025;hayır
Bilal Bayazit;Samsunspor;transfermarkt kadro sayfası (canlı);;Kayserispor;2025;evet
Sven Norman Botman;Newcastle United;transfermarkt;Newcastle United F.C.;Newcastle United;2025;hayır
Sergiño Dest;PSV Eindhoven;transfermarkt;PSV Eindhoven;PSV Eindhoven;2025;hayır
Berke Özer;LOSC Lille;transfermarkt (Wikidata farklı: Fenerbahçe Istanbul, ama başlangıcı eski/tarihsiz);Fenerbahçe Istanbul;LOSC Lille;2025;evet
Ozan Kabak;TSG 1899 Hoffenheim;transfermarkt;TSG 1899 Hoffenheim;TSG 1899 Hoffenheim;2025;hayır
Kerem Atakan Kesgin;Sivasspor;transfermarkt kadro sayfası (canlı);Bucaspor;Sivasspor;2023;evet
Nayef Aguerd;Olympique Marseille;transfermarkt;Olympique de Marseille;Olympique Marseille;2025;hayır
Gabriel Gudmundsson;Leeds United;transfermarkt (Wikidata farklı: Halmstads BK, ama başlangıcı eski/tarihsiz);Halmstads BK;Leeds United;2025;hayır
Arthur Melo;Grêmio Foot-Ball Porto Alegrense;transfermarkt (Wikidata farklı: Santos F.C., ama başlangıcı eski/tarihsiz);Santos F.C.;Grêmio Foot-Ball Porto Alegrense;2025;hayır
Josip Juranović;1.FC Union Berlin;transfermarkt;;1.FC Union Berlin;2025;hayır
Gabriel Jesus;Arsenal FC;transfermarkt (Wikidata farklı: FC Barcelona, ama başlangıcı eski/tarihsiz);FC Barcelona;Arsenal FC;2025;hayır
Jack Hendry;Al-Ettifaq Football Club;transfermarkt (Wikidata farklı: Shrewsbury Town F.C., ama başlangıcı eski/tarihsiz);Shrewsbury Town F.C.;Al-Ettifaq Football Club;2025;hayır
Moise Kean;ACF Fiorentina;transfermarkt (Wikidata farklı: Como 1907, ama başlangıcı eski/tarihsiz);Como 1907;ACF Fiorentina;2025;hayır
Adama Traoré;Gençlerbirliği;transfermarkt kadro sayfası (canlı);Ferencvárosi TC;Gençlerbirliği Spor Kulübü;2025;hayır
Falaye Sacko;Sint-Truidense V.V.;wikidata (TM'de güncel kulüp yok);Sint-Truidense V.V.;Montpellier HSC;2024;hayır
Dan Ndoye;Nottingham Forest;transfermarkt;Nottingham Forest F.C.;Nottingham Forest;2025;hayır
Patson Daka;Leicester City F.C.;wikidata (TM'de güncel kulüp yok);Leicester City F.C.;Leicester City;2024;hayır
Hwang In-beom;Feyenoord Rotterdam;transfermarkt (Wikidata farklı: FK Crvena zvezda, ama başlangıcı eski/tarihsiz);FK Crvena zvezda;Feyenoord Rotterdam;2025;hayır
Abdürrahim Dursun;Gençlerbirliği;transfermarkt kadro sayfası (canlı);Trabzonspor;Gençlerbirliği Spor Kulübü;2025;evet
Sergio Gómez;Real Sociedad;transfermarkt;Real Sociedad;Real Sociedad;2025;hayır
Leo Østigård;Genoa CFC;transfermarkt;Genoa CFC;Genoa CFC;2025;hayır
Riccardo Orsolini;Bologna Football Club 1909;transfermarkt (Wikidata farklı: Bologna F.C. 1909, ama başlangıcı eski/tarihsiz);Bologna F.C. 1909;Bologna Football Club 1909;2025;hayır
Mykola Shaparenko;Dynamo Kyiv;transfermarkt;FC Dynamo Kyiv;Dynamo Kyiv;2025;hayır
Loïs Openda;Juventus FC;transfermarkt (Wikidata farklı: Olympique Lyonnais, ama başlangıcı eski/tarihsiz);Olympique Lyonnais;Juventus FC;2025;hayır
Arthur Theate;Eintracht Frankfurt;transfermarkt (Wikidata farklı: Bologna F.C. 1909, ama başlangıcı eski/tarihsiz);Bologna F.C. 1909;Eintracht Frankfurt;2025;hayır
Federico Valverde;Real Madrid;transfermarkt;Real Madrid Club de Fútbol;Real Madrid;2025;hayır
Ferdi Kadıoğlu;Brighton & Hove Albion;transfermarkt;Brighton & Hove Albion F.C.;Brighton & Hove Albion;2025;hayır
Saša Kalajdžić;LASK;transfermarkt (Wikidata farklı: First Vienna FC, ama başlangıcı eski/tarihsiz);First Vienna FC;LASK;2025;hayır
Joakim Mæhle;VfL Wolfsburg;transfermarkt;VfL Wolfsburg;VfL Wolfsburg;2025;hayır
Julian Ryerson;Borussia Dortmund;transfermarkt;Borussia Dortmund;Borussia Dortmund;2025;hayır
Doğukan Sinik;Antalyaspor;transfermarkt kadro sayfası (canlı);Antalyaspor;Antalyaspor;2025;evet
Timothy Weah;Olympique Marseille;transfermarkt;Olympique de Marseille;Olympique Marseille;2025;hayır
Josip Šutalo;Ajax Amsterdam;transfermarkt;;Ajax Amsterdam;2025;hayır
Arijanet Muric;US Sassuolo;transfermarkt;US Sassuolo Calcio;US Sassuolo;2025;hayır
Evan Ndicka;Associazione Sportiva Roma;transfermarkt (Wikidata farklı: Eintracht Frankfurt, ama başlangıcı eski/tarihsiz);Eintracht Frankfurt;Associazione Sportiva Roma;2025;hayır
Tetê;Panathinaikos Athlitikos Omilos;transfermarkt (Wikidata farklı: Grêmio FBPA, ama başlangıcı eski/tarihsiz);Grêmio FBPA;Panathinaikos Athlitikos Omilos;2025;hayır
Marash Kumbulla;RCD Mallorca;transfermarkt (Wikidata farklı: AS Roma, ama başlangıcı eski/tarihsiz);AS Roma;RCD Mallorca;2025;hayır
Carlens Arcus;Angers SCO;transfermarkt (Wikidata farklı: ES Troyes AC, ama başlangıcı eski/tarihsiz);ES Troyes AC;Angers SCO;2025;hayır
Jaka Bijol;Leeds United;transfermarkt;Leeds United F.C.;Leeds United;2025;hayır
Vinícius Júnior;Real Madrid;transfermarkt;Real Madrid Club de Fútbol;Real Madrid;2025;hayır
Carlos Soler;Real Sociedad;transfermarkt;Real Sociedad;Real Sociedad;2025;hayır
Amine Harit;Olympique Marseille;transfermarkt (Wikidata farklı: FC Nantes, ama başlangıcı eski/tarihsiz);FC Nantes;Olympique Marseille;2025;hayır
Cristian Pavón;Grêmio Foot-Ball Porto Alegrense;transfermarkt (Wikidata farklı: Grêmio FBPA, ama başlangıcı eski/tarihsiz);Grêmio FBPA;Grêmio Foot-Ball Porto Alegrense;2025;hayır
Wuilker Faríñez;Internacional de Bogotá;transfermarkt (Wikidata farklı: R.C. Lens, ama başlangıcı eski/tarihsiz);R.C. Lens;Internacional de Bogotá;2025;hayır
Robert Ivanov;A.G.S Asteras Tripolis;transfermarkt (Wikidata farklı: FC Viikingit, ama başlangıcı eski/tarihsiz);FC Viikingit;A.G.S Asteras Tripolis;2025;hayır
Junior Firpo;Real Betis Balompié;transfermarkt (Wikidata farklı: FC Barcelona, ama başlangıcı eski/tarihsiz);FC Barcelona;Real Betis Balompié;2025;hayır
Christian Bassogog;Al-Okhdood Club;transfermarkt (Wikidata farklı: AaB Fodbold, ama başlangıcı eski/tarihsiz);AaB Fodbold;Al-Okhdood Club;2025;hayır
Ismail Jakobs;Galatasaray;transfermarkt kadro sayfası (canlı);AS Monaco FC;Galatasaray;2025;evet
Adalberto Carrasquilla;UNAM Pumas;transfermarkt (Wikidata farklı: Houston Dynamo FC, ama başlangıcı eski/tarihsiz);Houston Dynamo FC;UNAM Pumas;2025;hayır
Maung Maung Lwin;Hanthawaddy United F.C.;wikidata (TM'de güncel kulüp yok);Hanthawaddy United F.C.;;2025;hayır
Domingos André Ribeiro Almeida;Valencia CF;transfermarkt (Wikidata farklı: Vitória S.C. B, ama başlangıcı eski/tarihsiz);Vitória S.C. B;Valencia CF;2025;hayır
Ibrahim Sangaré;Nottingham Forest;transfermarkt (Wikidata farklı: Toulouse FC, ama başlangıcı eski/tarihsiz);Toulouse FC;Nottingham Forest;2025;hayır
Bassam Al-Rawi;Al-Duhail SC;wikidata (TM'de güncel kulüp yok);Al-Duhail SC;;2025;hayır
Mathías Olivera;SSC Napoli;transfermarkt (Wikidata farklı: Getafe CF, ama başlangıcı eski/tarihsiz);Getafe CF;SSC Napoli;2025;hayır
Tjay De Barr;Real Oviedo;wikidata (TM'de güncel kulüp yok);Real Oviedo;;2025;hayır
Gatoch Panom;Ethiopian Coffee FC;wikidata (TM'de güncel kulüp yok);Ethiopian Coffee FC;;2025;hayır
Aschalew Tamene;;transfermarkt;;;2025;hayır
Anel Ahmedhodžić;Feyenoord Rotterdam;transfermarkt (Wikidata farklı: Nottingham Forest F.C., ama başlangıcı eski/tarihsiz);Nottingham Forest F.C.;Feyenoord Rotterdam;2025;hayır
Almoatasembellah Mohamed;AS Monaco FC;wikidata (CSV'deki kulübün güncel kadrosunda yok);AS Monaco FC;Beşiktaş Jimnastik Kulübü;2025;hayır
Yangel Herrera;Girona FC;transfermarkt (Wikidata farklı: Real Sociedad, ama başlangıcı eski/tarihsiz);Real Sociedad;Girona FC;2025;hayır
Richarlison;Tottenham Hotspur;transfermarkt;Tottenham Hotspur F.C.;Tottenham Hotspur;2025;hayır
Mohammed Al-Breik;Neom Sports Club;transfermarkt (Wikidata farklı: Al Hilal SFC, ama başlangıcı eski/tarihsiz);Al Hilal SFC;Neom Sports Club;2025;hayır
Ioannis Pittas;AIK Fotboll;wikidata (TM'de güncel kulüp yok);AIK Fotboll;;2025;hayır
Igor Julio dos Santos de Paulo;West Ham United;transfermarkt (Wikidata farklı: FC Red Bull Salzburg, ama başlangıcı eski/tarihsiz);FC Red Bull Salzburg;West Ham United;2025;hayır
Wesley;Emekli / kulüpsüz;emekli (TM: 2+ sezondur oynamadı);S.C. Internacional;Aston Villa;2021;hayır
Alexis Saelemaekers;AC Milan;transfermarkt;AC Milan;AC Milan;2025;hayır
Kerem Aktürkoğlu;Fenerbahçe;transfermarkt kadro sayfası (canlı);Fenerbahçe Istanbul;Fenerbahce;2025;hayır
Gabriel Suazo;Sevilla FC;transfermarkt (Wikidata farklı: Toulouse FC, ama başlangıcı eski/tarihsiz);Toulouse FC;Sevilla FC;2025;hayır
Axel Disasi;West Ham United;transfermarkt (Wikidata farklı: Crystal Palace F.C., ama başlangıcı eski/tarihsiz);Crystal Palace F.C.;West Ham United;2025;hayır
Alessandro Buongiorno;SSC Napoli;transfermarkt;SSC Napoli;SSC Napoli;2025;hayır
Lassana Coulibaly;US Lecce;transfermarkt (Wikidata farklı: SC Bastia, ama başlangıcı eski/tarihsiz);SC Bastia;US Lecce;2025;hayır
Yusuf Yazıcı;Olympiakos Syndesmos Filathlon Peiraios;transfermarkt (Wikidata farklı: Olympiacos F.C., ama başlangıcı eski/tarihsiz);Olympiacos F.C.;Olympiakos Syndesmos Filathlon Peiraios;2025;hayır
Darko Čurlinov;F.C. Hansa Rostock;wikidata (CSV'deki kulübün güncel kadrosunda yok);F.C. Hansa Rostock;Kocaelispor;2025;hayır
Lovro Majer;VfL Wolfsburg;transfermarkt;VfL Wolfsburg;VfL Wolfsburg;2025;hayır
Doğucan Haspolat;KVC Westerlo;transfermarkt (Wikidata farklı: Kasımpaşa S.K., ama başlangıcı eski/tarihsiz);Kasımpaşa S.K.;KVC Westerlo;2025;evet
Leon Bailey;Associazione Sportiva Roma;transfermarkt (Wikidata farklı: Olympiacos F.C., ama başlangıcı eski/tarihsiz);Olympiacos F.C.;Associazione Sportiva Roma;2025;hayır
César Montes;"Футбольный клуб ""Локомотив"" Москва";transfermarkt (Wikidata farklı: Club de Fútbol Monterrey, ama başlangıcı eski/tarihsiz);Club de Fútbol Monterrey;"Футбольный клуб ""Локомотив"" Москва";2025;hayır
Yoane Wissa;Newcastle United;transfermarkt;Newcastle United F.C.;Newcastle United;2025;hayır
Nico Schlotterbeck;Borussia Dortmund;transfermarkt;Borussia Dortmund;Borussia Dortmund;2025;hayır
Levent Mercan;Fenerbahçe;transfermarkt kadro sayfası (canlı);Fenerbahçe Istanbul;Fenerbahce;2025;evet
Nicolò Casale;Bologna Football Club 1909;transfermarkt (Wikidata farklı: A.C. Perugia Calcio, ama başlangıcı eski/tarihsiz);A.C. Perugia Calcio;Bologna Football Club 1909;2025;hayır
Nedim Bajrami;Rangers FC;transfermarkt (Wikidata farklı: Grasshopper Club Zürich, ama başlangıcı eski/tarihsiz);Grasshopper Club Zürich;Rangers FC;2025;hayır
Mustafa Eskihellaç;Trabzonspor;transfermarkt kadro sayfası (canlı);Elazığspor;Trabzonspor;2025;evet
Arthur Mendonça Cabral;S. A. F. Botafogo;transfermarkt (Wikidata farklı: Sociedade Esportiva Palmeiras, ama başlangıcı eski/tarihsiz);Sociedade Esportiva Palmeiras;S. A. F. Botafogo;2025;hayır
Jonas Wind;VfL Wolfsburg;transfermarkt;;VfL Wolfsburg;2025;hayır
Hamed Junior Traoré;Olympique Marseille;transfermarkt;Olympique de Marseille;Olympique Marseille;2025;hayır
Mert Çetin;Emekli / kulüpsüz;emekli (TM: 2+ sezondur oynamadı);AS Roma;MKE Ankaragücü;2023;evet
Melih İbrahimoğlu;Konyaspor;transfermarkt kadro sayfası (canlı);SK Rapid Wien;Konyaspor;2025;evet
Nicolò Zaniolo;Udinese Calcio;transfermarkt (Wikidata farklı: ACF Fiorentina, ama başlangıcı eski/tarihsiz);ACF Fiorentina;Udinese Calcio;2025;hayır
Marc Guéhi;Manchester City;transfermarkt;Manchester City F.C.;Manchester City;2025;hayır
Emile Smith Rowe;Fulham FC;transfermarkt;;Fulham FC;2025;hayır
Callum Hudson-Odoi;Nottingham Forest;transfermarkt;Nottingham Forest F.C.;Nottingham Forest;2025;hayır
Angel Gomes;Olympique Marseille;transfermarkt (Wikidata farklı: Lille OSC, ama başlangıcı eski/tarihsiz);Lille OSC;Olympique Marseille;2025;hayır
Ethan Ampadu;Leeds United;transfermarkt;Leeds United F.C.;Leeds United;2025;hayır
Ryan Sessegnon;Fulham FC;transfermarkt (Wikidata farklı: Tottenham Hotspur F.C., ama başlangıcı eski/tarihsiz);Tottenham Hotspur F.C.;Fulham FC;2025;hayır
Brenden Aaronson;Leeds United;transfermarkt (Wikidata farklı: Philadelphia Union, ama başlangıcı eski/tarihsiz);Philadelphia Union;Leeds United;2025;hayır
Josh Sargent;Toronto FC;transfermarkt;;Toronto FC;2025;hayır
Aly Abeid;CFR Cluj;transfermarkt (Wikidata farklı: JS Kabylie, ama başlangıcı eski/tarihsiz);JS Kabylie;CFR Cluj;2025;hayır
Davide Frattesi;Inter Milan;transfermarkt (Wikidata farklı: SS Lazio, ama başlangıcı eski/tarihsiz);SS Lazio;Inter Milan;2025;hayır
Boubacar Kamara;Aston Villa;transfermarkt (Wikidata farklı: Olympique de Marseille, ama başlangıcı eski/tarihsiz);Olympique de Marseille;Aston Villa;2025;hayır
Rayyan Baniya;Konyaspor;transfermarkt kadro sayfası (canlı);Fatih Karagümrük S.K.;Trabzonspor;2025;evet
Batista Mendy;Trabzonspor;transfermarkt kadro sayfası (canlı);;Sevilla FC;2025;evet
Maxence Caqueret;Como 1907;transfermarkt (Wikidata farklı: Olympique Lyonnais, ama başlangıcı eski/tarihsiz);Olympique Lyonnais;Como 1907;2025;hayır
Moussa Diaby;Al-Ittihad Football Club;transfermarkt (Wikidata farklı: Bayer 04 Leverkusen, ama başlangıcı eski/tarihsiz);Bayer 04 Leverkusen;Al-Ittihad Football Club;2025;hayır
Houssem Aouar;Al-Ittihad Football Club;transfermarkt (Wikidata farklı: AS Roma, ama başlangıcı eski/tarihsiz);AS Roma;Al-Ittihad Football Club;2025;hayır
Hüseyin Türkmen;Trabzonspor;wikidata (CSV'deki kulübün güncel kadrosunda yok);Trabzonspor;Antalyaspor;2025;evet
Manor Solomon;Villarreal CF;transfermarkt (Wikidata farklı: Tottenham Hotspur F.C., ama başlangıcı eski/tarihsiz);Tottenham Hotspur F.C.;Villarreal CF;2025;hayır
Maxi Gómez;Emekli / kulüpsüz;emekli (TM: 2+ sezondur oynamadı);Valencia CF;Cádiz CF;2023;hayır
Yunus Akgün;Galatasaray;transfermarkt kadro sayfası (canlı);Galatasaray S.K.;Galatasaray;2025;evet
Sandro Tonali;Newcastle United;transfermarkt (Wikidata farklı: Tottenham Hotspur F.C., ama başlangıcı eski/tarihsiz);Tottenham Hotspur F.C.;Newcastle United;2025;hayır
Gideon Mensah;AJ Auxerre;transfermarkt (Wikidata farklı: FC Red Bull Salzburg, ama başlangıcı eski/tarihsiz);FC Red Bull Salzburg;AJ Auxerre;2025;hayır
Dennis Man;PSV Eindhoven;transfermarkt;PSV Eindhoven;PSV Eindhoven;2025;hayır
Harvey Barnes;Newcastle United;transfermarkt;Newcastle United F.C.;Newcastle United;2025;hayır
Achraf Hakimi;Paris Saint-Germain;transfermarkt;Paris Saint-Germain FC;Paris Saint-Germain;2025;hayır
Ferran Torres;FC Barcelona;transfermarkt (Wikidata farklı: Paris Saint-Germain FC, ama başlangıcı eski/tarihsiz);Paris Saint-Germain FC;FC Barcelona;2025;hayır
Vahan Bichakhchyan;Legia Warszawa;transfermarkt (Wikidata farklı: MŠK Žilina, ama başlangıcı eski/tarihsiz);MŠK Žilina;Legia Warszawa;2025;hayır
Marcus Tavernier;AFC Bournemouth;transfermarkt (Wikidata farklı: Middlesbrough F.C., ama başlangıcı eski/tarihsiz);Middlesbrough F.C.;AFC Bournemouth;2025;hayır
Pau Torres;Aston Villa;transfermarkt;Aston Villa F.C.;Aston Villa;2025;hayır
Eljif Elmas;SSC Napoli;transfermarkt (Wikidata farklı: Atalanta BC, ama başlangıcı eski/tarihsiz);Atalanta BC;SSC Napoli;2025;hayır
Alan Franco;Clube Atlético Mineiro;transfermarkt;Clube Atlético Mineiro;Clube Atlético Mineiro;2025;hayır
Aymen Hussein;Al-Quwa Al-Jawiya;wikidata (TM'de güncel kulüp yok);Al-Quwa Al-Jawiya;;2025;hayır
Mahmoud Al-Mardi;Al-Hussein SC;wikidata (TM'de güncel kulüp yok);Al-Hussein SC;;2025;hayır
Sancho Panza;Aston Villa;transfermarkt;;Aston Villa;2025;hayır
Dara O'Shea;Ipswich Town;transfermarkt (Wikidata farklı: West Bromwich Albion F.C., ama başlangıcı eski/tarihsiz);West Bromwich Albion F.C.;Ipswich Town;2025;hayır
Edson Álvarez;West Ham United;transfermarkt;West Ham United F.C.;West Ham United;2025;hayır
Nicola Nanni;AC Cesena;wikidata (TM'de güncel kulüp yok);AC Cesena;;2025;hayır
Adam Gnezda Čerin;Panathinaikos Athlitikos Omilos;transfermarkt (Wikidata farklı: NK Domžale, ama başlangıcı eski/tarihsiz);NK Domžale;Panathinaikos Athlitikos Omilos;2025;hayır
Domilson Cordeiro dos Santos;ACF Fiorentina;transfermarkt;ACF Fiorentina;ACF Fiorentina;2025;hayır
Éder Militão;Real Madrid;transfermarkt;Real Madrid Club de Fútbol;Real Madrid;2025;hayır
Exequiel Palacios;Bayer 04 Leverkusen;transfermarkt (Wikidata farklı: Ipswich Town F.C., ama başlangıcı eski/tarihsiz);Ipswich Town F.C.;Bayer 04 Leverkusen;2025;hayır
Denil Maldonado;FC Rubin Kazan;transfermarkt (Wikidata farklı: CS Universitatea Craiova, ama başlangıcı eski/tarihsiz);CS Universitatea Craiova;FC Rubin Kazan;2025;hayır
Samuel Chukwueze;AC Milan;transfermarkt;AC Milan;AC Milan;2025;hayır
Victor Osimhen;Galatasaray;transfermarkt kadro sayfası (canlı);Galatasaray S.K.;Galatasaray;2025;hayır
Mamadou Fofana;New England Revolution;transfermarkt (Wikidata farklı: FC Metz, ama başlangıcı eski/tarihsiz);FC Metz;New England Revolution;2025;hayır
Amadou Haidara;RB Leipzig;transfermarkt;RB Leipzig;RB Leipzig;2025;hayır
Gonzalo Montiel;Club Atlético River Plate;transfermarkt;Club Atlético River Plate;Club Atlético River Plate;2025;hayır
Orlando Mosquera;Al-Fayha FC;transfermarkt;;Al-Fayha FC;2025;hayır
Robert Sánchez;Chelsea FC;transfermarkt (Wikidata farklı: Como 1907, ama başlangıcı eski/tarihsiz);Como 1907;Chelsea FC;2025;hayır
Cláudio Luiz Rodrigues Parise Leonel;S.C. Corinthians Paulista;wikidata (TM'de güncel kulüp yok);S.C. Corinthians Paulista;AO FK Zenit Sankt-Peterburg;2024;hayır
Andrés Andrade Cedeño;LASK;transfermarkt (Wikidata farklı: FC Moravia FCM, ama başlangıcı eski/tarihsiz);FC Moravia FCM;LASK;2025;hayır
Dávid Hancko;Atlético de Madrid;transfermarkt;Atlético Madrid;Atlético de Madrid;2025;hayır
Andriy Lunin;Real Madrid;transfermarkt;Real Madrid Club de Fútbol;Real Madrid;2025;hayır
Vitaliy Mykolenko;Everton FC;transfermarkt;Everton F.C.;Everton FC;2025;hayır
Nicolas Seiwald;RB Leipzig;transfermarkt;RB Leipzig;RB Leipzig;2025;hayır
Takefusa Kubo;Real Sociedad;transfermarkt;Real Sociedad;Real Sociedad;2025;hayır
Louie Annesley;Barnet F.C.;wikidata (TM'de güncel kulüp yok);Barnet F.C.;;2025;hayır
Giacomo Raspadori;Atalanta BC;transfermarkt (Wikidata farklı: US Sassuolo Calcio, ama başlangıcı eski/tarihsiz);US Sassuolo Calcio;Atalanta BC;2025;hayır
Ademola Lookman;Atalanta BC;transfermarkt (Wikidata farklı: Atlético Madrid, ama başlangıcı eski/tarihsiz);Atlético Madrid;Atalanta BC;2025;hayır
Lautaro Martínez;Inter Milan;transfermarkt;Inter Milan;Inter Milan;2025;hayır
Matt O'Riley;Olympique Marseille;transfermarkt (Wikidata farklı: Brighton & Hove Albion F.C., ama başlangıcı eski/tarihsiz);Brighton & Hove Albion F.C.;Olympique Marseille;2025;hayır
Phil Foden;Manchester City;transfermarkt;Manchester City F.C.;Manchester City;2025;hayır
Oliver Skipp;Leicester City F.C.;wikidata (TM'de güncel kulüp yok);Leicester City F.C.;Leicester City;2024;hayır
Felix Nmecha;Borussia Dortmund;transfermarkt (Wikidata farklı: Manchester City F.C., ama başlangıcı eski/tarihsiz);Manchester City F.C.;Borussia Dortmund;2025;hayır
Joey Veerman;PSV Eindhoven;transfermarkt (Wikidata farklı: Borussia Dortmund, ama başlangıcı eski/tarihsiz);Borussia Dortmund;PSV Eindhoven;2025;hayır
Peter Etebo;Gençlerbirliği;transfermarkt kadro sayfası (canlı);Stoke City F.C.;Gençlerbirliği Spor Kulübü;2025;hayır
Teddy Teuma;Standard Liège;transfermarkt (Wikidata farklı: Royale Union Saint-Gilloise, ama başlangıcı eski/tarihsiz);Royale Union Saint-Gilloise;Standard Liège;2025;hayır
Calvin Stengs;Pisa Sporting Club;transfermarkt (Wikidata farklı: Feyenoord Rotterdam, ama başlangıcı eski/tarihsiz);Feyenoord Rotterdam;Pisa Sporting Club;2025;hayır
Ismaïla Sarr;Crystal Palace;transfermarkt (Wikidata farklı: Watford F.C., ama başlangıcı eski/tarihsiz);Watford F.C.;Crystal Palace;2025;hayır
Yves Bissouma;Tottenham Hotspur;transfermarkt (Wikidata farklı: AFC Ajax, ama başlangıcı eski/tarihsiz);AFC Ajax;Tottenham Hotspur;2025;hayır
Aliou Dieng;Emekli / kulüpsüz;emekli (TM: son sezon eski);;Al-Kholood Club;2024;hayır
Bailey Peacock-Farrell;;transfermarkt;;;2025;hayır
Pascal Struijk;Leeds United;transfermarkt (Wikidata farklı: Brighton & Hove Albion F.C., ama başlangıcı eski/tarihsiz);Brighton & Hove Albion F.C.;Leeds United;2025;hayır
Raphinha;FC Barcelona;transfermarkt;FC Barcelona;FC Barcelona;2025;hayır
Jules Koundé;FC Barcelona;transfermarkt;FC Barcelona;FC Barcelona;2025;hayır
Rodrygo;Real Madrid;transfermarkt;Real Madrid Club de Fútbol;Real Madrid;2025;hayır
Francisco Trincão;Sporting CP;transfermarkt (Wikidata farklı: Al Ahli FC, ama başlangıcı eski/tarihsiz);Al Ahli FC;Sporting CP;2025;hayır
Myron Boadu;PSV Eindhoven;transfermarkt (Wikidata farklı: AZ Alkmaar, ama başlangıcı eski/tarihsiz);AZ Alkmaar;PSV Eindhoven;2025;hayır
Wouter Burger;TSG 1899 Hoffenheim;transfermarkt (Wikidata farklı: Feyenoord Rotterdam, ama başlangıcı eski/tarihsiz);Feyenoord Rotterdam;TSG 1899 Hoffenheim;2025;hayır
Bryan Mbeumo;Manchester United;transfermarkt;Manchester United F.C.;Manchester United;2025;hayır
Aurélien Tchouaméni;Real Madrid;transfermarkt;;Real Madrid;2025;hayır
James Justin;Leeds United;transfermarkt;;Leeds United;2025;hayır
Ezri Konsa;Aston Villa;transfermarkt (Wikidata farklı: Arsenal F.C., ama başlangıcı eski/tarihsiz);Arsenal F.C.;Aston Villa;2025;hayır
Nikola Milenković;Nottingham Forest;transfermarkt;Nottingham Forest F.C.;Nottingham Forest;2025;hayır
Jhon Lucumí;Bologna Football Club 1909;transfermarkt (Wikidata farklı: Juventus FC, ama başlangıcı eski/tarihsiz);Juventus FC;Bologna Football Club 1909;2025;hayır
Mats Wieffer;Brighton & Hove Albion;transfermarkt;Brighton & Hove Albion F.C.;Brighton & Hove Albion;2025;hayır
Kouakou Hervé Koffi;Angers SCO;transfermarkt;;Angers SCO;2025;hayır
José Andrés Martínez;;transfermarkt;;;2025;hayır
Konstantinos Mavropanos;West Ham United;transfermarkt;West Ham United F.C.;West Ham United;2025;hayır
Youcef Atal;Al Sadd Sports Club;wikidata (TM'de güncel kulüp yok);Al Sadd Sports Club;;2025;hayır
Ramiz Zerrouki;FC Twente Enschede;transfermarkt;;FC Twente Enschede;2025;hayır
Jack Harrison;Leeds United;transfermarkt;Leeds United F.C.;Leeds United;2025;hayır
Richie Laryea;Toronto FC;transfermarkt;Toronto FC;Toronto FC;2025;hayır
Djihad Bizimana;FC Kryvbas Kryvyi Rih;wikidata (TM'de güncel kulüp yok);FC Kryvbas Kryvyi Rih;Kryvbas Kryvyi Rig;2024;hayır
Perr Schuurs;AFC Ajax;wikidata (TM'de güncel kulüp yok);AFC Ajax;Torino FC;2024;hayır
Erling Haaland;Manchester City;transfermarkt;Manchester City F.C.;Manchester City;2025;hayır
Amine Gouiri;Olympique Marseille;transfermarkt (Wikidata farklı: OGC Nice, ama başlangıcı eski/tarihsiz);OGC Nice;Olympique Marseille;2025;hayır
Cristian Martínez;Chicago Fire FC;wikidata (TM'de güncel kulüp yok);Chicago Fire FC;;2025;hayır
Nguyễn Quang Hải;Foot club de Pau;wikidata (TM'de güncel kulüp yok);Foot club de Pau;;2025;hayır
Jean-Philippe Mateta;Crystal Palace;transfermarkt;;Crystal Palace;2025;hayır
Caio Henrique;AS Monaco;transfermarkt (Wikidata farklı: AFC Ajax, ama başlangıcı eski/tarihsiz);AFC Ajax;AS Monaco;2025;hayır
Lutsharel Geertruida;RB Leipzig;transfermarkt (Wikidata farklı: PSV Eindhoven, ama başlangıcı eski/tarihsiz);PSV Eindhoven;RB Leipzig;2025;hayır
Quinten Timber;Olympique Marseille;transfermarkt (Wikidata farklı: Crystal Palace F.C., ama başlangıcı eski/tarihsiz);Crystal Palace F.C.;Olympique Marseille;2025;hayır
Jurriën Timber;Arsenal FC;transfermarkt;Arsenal F.C.;Arsenal FC;2025;hayır
Tiago Djaló;Beşiktaş;transfermarkt kadro sayfası (canlı);FC Porto;Beşiktaş Jimnastik Kulübü;2025;evet
Frank Onyeka;Brentford FC;transfermarkt (Wikidata farklı: FC Midtjylland, ama başlangıcı eski/tarihsiz);FC Midtjylland;Brentford FC;2025;hayır
Umut Güneş;Başakşehir;transfermarkt kadro sayfası (canlı);Alanyaspor;Basaksehir FK;2025;evet
Ghislain Konan;Gil Vicente FC;transfermarkt (Wikidata farklı: ASEC Mimosas, ama başlangıcı eski/tarihsiz);ASEC Mimosas;Gil Vicente FC;2025;hayır
Santiago Ascacíbar;Club Atlético Boca Juniors;transfermarkt (Wikidata farklı: Hertha BSC, ama başlangıcı eski/tarihsiz);Hertha BSC;Club Atlético Boca Juniors;2025;hayır
Martín Zubimendi;Arsenal FC;transfermarkt;Arsenal F.C.;Arsenal FC;2025;hayır
Elia Meschak;Alanyaspor;transfermarkt kadro sayfası (canlı);;Alanyaspor;2025;hayır
Billy Gilmour;SSC Napoli;transfermarkt;SSC Napoli;SSC Napoli;2025;hayır
Nahuel Molina;Atlético de Madrid;transfermarkt (Wikidata farklı: AS Roma, ama başlangıcı eski/tarihsiz);AS Roma;Atlético de Madrid;2025;hayır
Alphonso Davies;Bayern Munich;transfermarkt;FC Bayern Munich;Bayern Munich;2025;hayır
Alexis Vega;Deportivo Toluca;transfermarkt;;Deportivo Toluca;2025;hayır
Luis Suárez;Sporting CP;transfermarkt (Wikidata farklı: Watford F.C., ama başlangıcı eski/tarihsiz);Watford F.C.;Sporting CP;2025;hayır
José Luis Rodríguez;FC Juárez;transfermarkt (Wikidata farklı: FK Crvena zvezda, ama başlangıcı eski/tarihsiz);FK Crvena zvezda;FC Juárez;2025;hayır
Matt Turner;New England Revolution;transfermarkt (Wikidata farklı: Nottingham Forest F.C., ama başlangıcı eski/tarihsiz);Nottingham Forest F.C.;New England Revolution;2025;hayır
Matty Cash;Aston Villa;transfermarkt;Aston Villa F.C.;Aston Villa;2025;hayır
Jakub Kiwior;Arsenal FC;transfermarkt (Wikidata farklı: FC Porto, ama başlangıcı eski/tarihsiz);FC Porto;Arsenal FC;2025;hayır
Ben Brereton;Southampton FC;transfermarkt (Wikidata farklı: Nottingham Forest F.C., ama başlangıcı eski/tarihsiz);Nottingham Forest F.C.;Southampton FC;2025;hayır
Pedro António Pereira Gonçalves;Sporting CP;transfermarkt (Wikidata farklı: ACF Fiorentina, ama başlangıcı eski/tarihsiz);ACF Fiorentina;Sporting CP;2025;hayır
Supachok Sarachat;Buriram United F.C.;wikidata (TM'de güncel kulüp yok);Buriram United F.C.;;2025;hayır
Supachai Jaided;Jumpasri United F.C.;wikidata (TM'de güncel kulüp yok);Jumpasri United F.C.;;2025;hayır
Aaron Ramsdale;Newcastle United;transfermarkt;Newcastle United F.C.;Newcastle United;2025;hayır
Zuriko Davitashvili;AS Saint-Étienne;transfermarkt (Wikidata farklı: FC Dinamo Tbilisi, ama başlangıcı eski/tarihsiz);FC Dinamo Tbilisi;AS Saint-Étienne;2025;hayır
Lewis Ferguson;Bologna Football Club 1909;transfermarkt (Wikidata farklı: Rangers F.C., ama başlangıcı eski/tarihsiz);Rangers F.C.;Bologna Football Club 1909;2025;hayır
Paulinho;Sociedade Esportiva Palmeiras;transfermarkt (Wikidata farklı: Bayer 04 Leverkusen, ama başlangıcı eski/tarihsiz);Bayer 04 Leverkusen;Sociedade Esportiva Palmeiras;2025;hayır
Morgan Gibbs-White;Nottingham Forest;transfermarkt;Nottingham Forest F.C.;Nottingham Forest;2025;hayır
Salaah Al-Yahyaei;Al-Seeb Club;wikidata (TM'de güncel kulüp yok);Al-Seeb Club;;2025;hayır
Yared Bayeh;Fasil Kenema S.C.;wikidata (TM'de güncel kulüp yok);Fasil Kenema S.C.;;2025;hayır
Maxim De Cuyper;Brighton & Hove Albion;transfermarkt;Brighton & Hove Albion F.C.;Brighton & Hove Albion;2025;hayır
Jørgen Strand Larsen;Wolverhampton Wanderers;transfermarkt;Wolverhampton Wanderers F.C.;Wolverhampton Wanderers;2025;hayır
Ali Saleh Amro;Al Wasl FC;wikidata (TM'de güncel kulüp yok);Al Wasl FC;;2025;hayır
Dejan Kulusevski;Tottenham Hotspur;transfermarkt;Tottenham Hotspur F.C.;Tottenham Hotspur;2025;hayır
Nicolò Fagioli;ACF Fiorentina;transfermarkt (Wikidata farklı: Juventus FC, ama başlangıcı eski/tarihsiz);Juventus FC;ACF Fiorentina;2025;hayır
Roberto Piccoli;ACF Fiorentina;transfermarkt (Wikidata farklı: Cagliari Calcio, ama başlangıcı eski/tarihsiz);Cagliari Calcio;ACF Fiorentina;2025;hayır
Igor Jesus;Nottingham Forest;transfermarkt;Nottingham Forest F.C.;Nottingham Forest;2025;hayır
Marcos López;FC Copenhagen;transfermarkt (Wikidata farklı: San Jose Earthquakes, ama başlangıcı eski/tarihsiz);San Jose Earthquakes;FC Copenhagen;2025;hayır
Zion Suzuki;Parma Calcio 1913;transfermarkt (Wikidata farklı: Aston Villa F.C., ama başlangıcı eski/tarihsiz);Aston Villa F.C.;Parma Calcio 1913;2025;hayır
Nguyễn Tiến Linh;Becamex Ho Chi Minh City FC;wikidata (TM'de güncel kulüp yok);Becamex Ho Chi Minh City FC;;2025;hayır
Pedro Guilherme Abreu dos Santos;Clube de Regatas do Flamengo;transfermarkt (Wikidata farklı: Fluminense F.C., ama başlangıcı eski/tarihsiz);Fluminense F.C.;Clube de Regatas do Flamengo;2025;hayır
Andreas Skov Olsen;Başakşehir;transfermarkt kadro sayfası (canlı);Bologna F.C. 1909;Rangers FC;2025;hayır
Youssef En-Nesyri;Al Ittihad FC;wikidata (CSV'deki kulübün güncel kadrosunda yok);Al Ittihad FC;Fenerbahce;2025;hayır
Bukayo Saka;Arsenal FC;transfermarkt;Arsenal F.C.;Arsenal FC;2025;hayır
Curtis Jones;Liverpool FC;transfermarkt (Wikidata farklı: Inter Milan, ama başlangıcı eski/tarihsiz);Inter Milan;Liverpool FC;2025;hayır
Sam Beukema;SSC Napoli;transfermarkt (Wikidata farklı: Go Ahead Eagles, ama başlangıcı eski/tarihsiz);Go Ahead Eagles;SSC Napoli;2025;hayır
Adam Idah;Celtic FC;transfermarkt (Wikidata farklı: Norwich City F.C., ama başlangıcı eski/tarihsiz);Norwich City F.C.;Celtic FC;2025;hayır
Maxence Lacroix;Crystal Palace;transfermarkt (Wikidata farklı: Chelsea F.C., ama başlangıcı eski/tarihsiz);Chelsea F.C.;Crystal Palace;2025;hayır
Nikola Krstović;US Lecce;transfermarkt (Wikidata farklı: FK Zeta, ama başlangıcı eski/tarihsiz);FK Zeta;US Lecce;2025;hayır
Cody Gakpo;Liverpool FC;transfermarkt;Liverpool F.C.;Liverpool FC;2025;hayır
Ardian Ismajli;Torino FC;transfermarkt;Torino FC;Torino FC;2025;hayır
Gabriel Magalhães;Arsenal FC;transfermarkt;Arsenal F.C.;Arsenal FC;2025;hayır
Joshua Zirkzee;Manchester United;transfermarkt;Manchester United F.C.;Manchester United;2025;hayır
Charles De Ketelaere;Atalanta BC;transfermarkt;Atalanta BC;Atalanta BC;2025;hayır
Ramon Hendriks;VfB Stuttgart;transfermarkt;;VfB Stuttgart;2025;hayır
Nouhou Tolo;Seattle Sounders FC;transfermarkt;Seattle Sounders FC;Seattle Sounders FC;2025;hayır
Teboho Mokoena;;transfermarkt;;;2025;hayır
Mathías Villasanti;Grêmio Foot-Ball Porto Alegrense;transfermarkt (Wikidata farklı: Cerro Porteño, ama başlangıcı eski/tarihsiz);Cerro Porteño;Grêmio Foot-Ball Porto Alegrense;2025;hayır
Abdullah Al-Khaibari;Al-Nassr Football Club;transfermarkt;Al-Nassr;Al-Nassr Football Club;2025;hayır
Ion Nicolaescu;Hapoel Ramat Gan Giv'atayim F.C.;wikidata (TM'de güncel kulüp yok);Hapoel Ramat Gan Giv'atayim F.C.;;2025;hayır
Matías Viña;Club Atlético River Plate;transfermarkt (Wikidata farklı: Clube de Regatas do Flamengo, ama başlangıcı eski/tarihsiz);Clube de Regatas do Flamengo;Club Atlético River Plate;2025;hayır
César Blackman;;transfermarkt;;;2025;hayır
Yann Aurel Bisseck;Inter Milan;transfermarkt (Wikidata farklı: 1. FC Köln, ama başlangıcı eski/tarihsiz);1. FC Köln;Inter Milan;2025;hayır
Erick Otieno;Raków Częstochowa;transfermarkt (Wikidata farklı: AIK Fotboll, ama başlangıcı eski/tarihsiz);AIK Fotboll;Raków Częstochowa;2025;hayır
Édouard Mendy;Al-Ahli Saudi Football Club;transfermarkt;Al Ahli FC;Al-Ahli Saudi Football Club;2025;hayır
Ylber Ramadani;US Lecce;transfermarkt (Wikidata farklı: Partizani Tirana, ama başlangıcı eski/tarihsiz);Partizani Tirana;US Lecce;2025;hayır
Martin Terrier;Bayer 04 Leverkusen;transfermarkt (Wikidata farklı: Olympique Lyonnais, ama başlangıcı eski/tarihsiz);Olympique Lyonnais;Bayer 04 Leverkusen;2025;hayır
Angelo Stiller;VfB Stuttgart;transfermarkt;VfB Stuttgart;VfB Stuttgart;2025;hayır
Lucas Paquetá;West Ham United;transfermarkt (Wikidata farklı: Clube de Regatas do Flamengo, ama başlangıcı eski/tarihsiz);Clube de Regatas do Flamengo;West Ham United;2025;hayır
Omar Marmoush;Manchester City;transfermarkt (Wikidata farklı: Tottenham Hotspur F.C., ama başlangıcı eski/tarihsiz);Tottenham Hotspur F.C.;Manchester City;2025;hayır
Douglas Luiz;Nottingham Forest;transfermarkt (Wikidata farklı: Juventus FC, ama başlangıcı eski/tarihsiz);Juventus FC;Nottingham Forest;2025;hayır
Angelo Preciado;Clube Atlético Mineiro;transfermarkt (Wikidata farklı: AC Sparta Prague, ama başlangıcı eski/tarihsiz);AC Sparta Prague;Clube Atlético Mineiro;2025;hayır
Dylan Bronn;Servette FC;transfermarkt (Wikidata farklı: KAA Gent, ama başlangıcı eski/tarihsiz);KAA Gent;Servette FC;2025;hayır
Tanguy Ndombele;OGC Nice;transfermarkt;OGC Nice;OGC Nice;2025;hayır
Dominik Szoboszlai;Liverpool FC;transfermarkt;Liverpool F.C.;Liverpool FC;2025;hayır
Can Keleş;Beşiktaş;transfermarkt kadro sayfası (canlı);;Kocaelispor;2025;evet
Christos Tzolis;Club Brugge KV;transfermarkt (Wikidata farklı: PAOK FC, ama başlangıcı eski/tarihsiz);PAOK FC;Club Brugge KV;2025;hayır
Ahmed Kutucu;Çaykur Rizespor;transfermarkt kadro sayfası (canlı);Schalke 04;Galatasaray;2025;evet
David Affengruber;Elche CF;transfermarkt (Wikidata farklı: Fulham F.C., ama başlangıcı eski/tarihsiz);Fulham F.C.;Elche CF;2025;hayır
José Sagredo;Club Blooming;wikidata (TM'de güncel kulüp yok);Club Blooming;;2025;hayır
Galeno;Al-Ahli Saudi Football Club;transfermarkt (Wikidata farklı: S.C. Braga, ama başlangıcı eski/tarihsiz);S.C. Braga;Al-Ahli Saudi Football Club;2025;hayır
Orkun Kökçü;Beşiktaş;transfermarkt kadro sayfası (canlı);Beşiktaş J.K.;Beşiktaş Jimnastik Kulübü;2025;hayır
Róbert Boženík;Stoke City;transfermarkt (Wikidata farklı: Feyenoord Rotterdam, ama başlangıcı eski/tarihsiz);Feyenoord Rotterdam;Stoke City;2025;hayır
András Schäfer;1.FC Union Berlin;transfermarkt;1. FC Union Berlin;1.FC Union Berlin;2025;hayır
Nick Woltemade;Newcastle United;transfermarkt (Wikidata farklı: Juventus FC, ama başlangıcı eski/tarihsiz);Juventus FC;Newcastle United;2025;hayır
Luiz Felipe Ramos Marchi;Rayo Vallecano;transfermarkt;Rayo Vallecano;Rayo Vallecano;2025;hayır
Andrea Cambiaso;Juventus FC;transfermarkt (Wikidata farklı: US Alessandria Calcio 1912, ama başlangıcı eski/tarihsiz);US Alessandria Calcio 1912;Juventus FC;2025;hayır
Marco Carnesecchi;Atalanta BC;transfermarkt (Wikidata farklı: AC Cesena, ama başlangıcı eski/tarihsiz);AC Cesena;Atalanta BC;2025;hayır
Tijjani Reijnders;Manchester City;transfermarkt (Wikidata farklı: Al Qadsiah FC, ama başlangıcı eski/tarihsiz);Al Qadsiah FC;Manchester City;2025;hayır
Morten Hjulmand;Sporting CP;transfermarkt (Wikidata farklı: Atlético Madrid, ama başlangıcı eski/tarihsiz);Atlético Madrid;Sporting CP;2025;hayır
Oleg Reabciuk;FK Spartak Moskva;transfermarkt (Wikidata farklı: Spartak Moscow, ama başlangıcı eski/tarihsiz);Spartak Moscow;FK Spartak Moskva;2025;hayır
Esteban Lepaul;Stade Rennais FC;transfermarkt;;Stade Rennais FC;2025;hayır
Rodrigo Riquelme;Real Betis Balompié;transfermarkt (Wikidata farklı: Atlético Madrid B, ama başlangıcı eski/tarihsiz);Atlético Madrid B;Real Betis Balompié;2025;hayır
Calvin Bassey;Fulham FC;transfermarkt;Fulham F.C.;Fulham FC;2025;hayır
Kartal Yılmaz;Beşiktaş;transfermarkt kadro sayfası (canlı);Beşiktaş J.K.;Beşiktaş Jimnastik Kulübü;2025;evet
Elayis Tavşan;Samsunspor;transfermarkt kadro sayfası (canlı);Sparta Rotterdam;Samsunspor;2025;evet
João Félix;Al-Nassr Football Club;transfermarkt;Al-Nassr;Al-Nassr Football Club;2025;hayır
Mostafa Mohamed;Konyaspor;transfermarkt kadro sayfası (canlı);;FC Nantes;2025;hayır
Tayyip Talha Sanuç;Çaykur Rizespor;transfermarkt kadro sayfası (canlı);Beşiktaş J.K.;Gaziantep FK;2025;evet
Gustav Isaksen;Società Sportiva Lazio S.p.A.;transfermarkt (Wikidata farklı: SS Lazio, ama başlangıcı eski/tarihsiz);SS Lazio;Società Sportiva Lazio S.p.A.;2025;hayır
Lucas Chevalier;Paris Saint-Germain;transfermarkt;Paris Saint-Germain FC;Paris Saint-Germain;2025;hayır
Benoît Badiashile;Chelsea FC;transfermarkt (Wikidata farklı: SSC Napoli, ama başlangıcı eski/tarihsiz);SSC Napoli;Chelsea FC;2025;hayır
Bafodé Diakité;AFC Bournemouth;transfermarkt (Wikidata farklı: Lille OSC, ama başlangıcı eski/tarihsiz);Lille OSC;AFC Bournemouth;2025;hayır
Khéphren Thuram;Juventus FC;transfermarkt;Juventus FC;Juventus FC;2025;hayır
Oumar Solet;Udinese Calcio;transfermarkt (Wikidata farklı: Stade Lavallois, ama başlangıcı eski/tarihsiz);Stade Lavallois;Udinese Calcio;2025;hayır
Pansa Hemviboon;Khon Kaen United F.C.;wikidata (TM'de güncel kulüp yok);Khon Kaen United F.C.;;2025;hayır
Nuraly Alip;AO FK Zenit Sankt-Peterburg;transfermarkt (Wikidata farklı: FC Kairat, ama başlangıcı eski/tarihsiz);FC Kairat;AO FK Zenit Sankt-Peterburg;2025;hayır
Đorđe Petrović;AFC Bournemouth;transfermarkt (Wikidata farklı: FK Čukarički, ama başlangıcı eski/tarihsiz);FK Čukarički;AFC Bournemouth;2025;hayır
Halil Dervişoğlu;Gaziantep FK;transfermarkt kadro sayfası (canlı);Brentford F.C.;Caykur Rizespor;2025;evet
Mattéo Guendouzi;Fenerbahçe;transfermarkt kadro sayfası (canlı);Fenerbahçe Istanbul;Società Sportiva Lazio S.p.A.;2025;hayır
Marcin Bułka;Neom Sports Club;transfermarkt;Neom SC;Neom Sports Club;2025;hayır
Ahmed Aboul Fotouh;Zamalek SC;wikidata (TM'de güncel kulüp yok);Zamalek SC;;2025;hayır
Nahuel Ferraresi;S. A. F. Botafogo;transfermarkt (Wikidata farklı: Manchester City F.C., ama başlangıcı eski/tarihsiz);Manchester City F.C.;S. A. F. Botafogo;2025;hayır
Eric García;FC Barcelona;transfermarkt;FC Barcelona;FC Barcelona;2025;hayır
Sergi Altimira;Real Betis Balompié;transfermarkt;Real Betis Balompié;Real Betis Balompié;2025;hayır
Nicolás González Iglesias;Manchester City;transfermarkt (Wikidata farklı: Newcastle United F.C., ama başlangıcı eski/tarihsiz);Newcastle United F.C.;Manchester City;2025;hayır
Ansu Fati;AS Monaco;transfermarkt;AS Monaco FC;AS Monaco;2025;hayır
Rocco Reitz;Borussia Mönchengladbach;transfermarkt;;Borussia Mönchengladbach;2025;hayır
Malik Tillman;Bayer 04 Leverkusen;transfermarkt;Bayer 04 Leverkusen;Bayer 04 Leverkusen;2025;hayır
Armel Bella-Kotchap;Hellas Verona;transfermarkt (Wikidata farklı: Southampton F.C., ama başlangıcı eski/tarihsiz);Southampton F.C.;Hellas Verona;2025;hayır
Cristian Cásseres Jr.;FC Toulouse;transfermarkt (Wikidata farklı: Red Bull New York, ama başlangıcı eski/tarihsiz);Red Bull New York;FC Toulouse;2025;hayır
Youssoufa Moukoko;FC Copenhagen;transfermarkt;F.C. Copenhagen;FC Copenhagen;2025;hayır
Samuele Ricci;AC Milan;transfermarkt (Wikidata farklı: Empoli FC, ama başlangıcı eski/tarihsiz);Empoli FC;AC Milan;2025;hayır
Miles Robinson;Football Club Cincinnati;transfermarkt;FC Cincinnati;Football Club Cincinnati;2025;hayır
Félix Torres;Sport Club Internacional;transfermarkt (Wikidata farklı: S.C. Corinthians Paulista, ama başlangıcı eski/tarihsiz);S.C. Corinthians Paulista;Sport Club Internacional;2025;hayır
Nathan Collins;Brentford FC;transfermarkt (Wikidata farklı: Burnley F.C., ama başlangıcı eski/tarihsiz);Burnley F.C.;Brentford FC;2025;hayır
Marcos Senesi;AFC Bournemouth;transfermarkt (Wikidata farklı: Tottenham Hotspur F.C., ama başlangıcı eski/tarihsiz);Tottenham Hotspur F.C.;AFC Bournemouth;2025;hayır
Berkan Kutlu;Kocaelispor;transfermarkt kadro sayfası (canlı);;Galatasaray;2025;evet
David Neres;SSC Napoli;transfermarkt;SSC Napoli;SSC Napoli;2025;hayır
Kenneth Taylor;Società Sportiva Lazio S.p.A.;transfermarkt (Wikidata farklı: SS Lazio, ama başlangıcı eski/tarihsiz);SS Lazio;Società Sportiva Lazio S.p.A.;2025;hayır
Brennan Johnson;Tottenham Hotspur;transfermarkt (Wikidata farklı: Crystal Palace F.C., ama başlangıcı eski/tarihsiz);Crystal Palace F.C.;Tottenham Hotspur;2025;hayır
Max Aarons;Rangers FC;transfermarkt (Wikidata farklı: Norwich City F.C., ama başlangıcı eski/tarihsiz);Norwich City F.C.;Rangers FC;2025;hayır
Mehmet Can Aydın;Emekli / kulüpsüz;emekli (TM: 2+ sezondur oynamadı);;Trabzonspor;2023;evet
Reece James;Chelsea FC;transfermarkt;Chelsea F.C.;Chelsea FC;2025;hayır
Kevin Schade;Brentford FC;transfermarkt;;Brentford FC;2025;hayır
Brian Brobbey;Sunderland AFC;transfermarkt;Sunderland A.F.C.;Sunderland AFC;2025;hayır
Safawi Rasid;Kuching City F.C.;wikidata (TM'de güncel kulüp yok);Kuching City F.C.;;2025;hayır
Vũ Văn Thanh;Hoang Anh Gia Lai F.C.;wikidata (TM'de güncel kulüp yok);Hoang Anh Gia Lai F.C.;;2025;hayır
Crysencio Summerville;West Ham United;transfermarkt (Wikidata farklı: Al Hilal SFC, ama başlangıcı eski/tarihsiz);Al Hilal SFC;West Ham United;2025;hayır
Đặng Văn Lâm;FC Dinamo Moscow;wikidata (TM'de güncel kulüp yok);FC Dinamo Moscow;;2025;hayır
Facundo Medina;Olympique Marseille;transfermarkt;Olympique de Marseille;Olympique Marseille;2025;hayır
Kiernan Dewsbury-Hall;Everton FC;transfermarkt;Everton F.C.;Everton FC;2025;hayır
Wesley Fofana;Chelsea FC;transfermarkt;;Chelsea FC;2025;hayır
Sacha Boey;Bayern Munich;transfermarkt;FC Bayern Munich;Bayern Munich;2025;hayır
Joško Gvardiol;Manchester City;transfermarkt;Manchester City F.C.;Manchester City;2025;hayır
Bojan Miovski;Girona FC;transfermarkt;;Girona FC;2025;hayır
Emerson Royal;Clube de Regatas do Flamengo;transfermarkt (Wikidata farklı: AC Milan, ama başlangıcı eski/tarihsiz);AC Milan;Clube de Regatas do Flamengo;2025;hayır
Renan Lodi;Clube Atlético Mineiro;transfermarkt;Clube Atlético Mineiro;Clube Atlético Mineiro;2025;hayır
Manuel Ugarte;Manchester United;transfermarkt;Manchester United F.C.;Manchester United;2025;hayır
Aaron Wan-Bissaka;West Ham United;transfermarkt (Wikidata farklı: Aston Villa F.C., ama başlangıcı eski/tarihsiz);Aston Villa F.C.;West Ham United;2025;hayır
Rıdvan Yılmaz;Beşiktaş;transfermarkt kadro sayfası (canlı);Beşiktaş J.K.;Beşiktaş Jimnastik Kulübü;2025;evet
Ali Yavuz Kol;Kasımpaşa;transfermarkt kadro sayfası (canlı);;Kasimpasa;2025;evet
Ryan Gravenberch;Liverpool FC;transfermarkt;Liverpool F.C.;Liverpool FC;2025;hayır
Eberechi Eze;Arsenal FC;transfermarkt;Arsenal F.C.;Arsenal FC;2025;hayır
Lloyd Kelly;Juventus FC;transfermarkt;Juventus FC;Juventus FC;2025;hayır
Mohd Faisal Abdul Halim;Harimau Muda B;wikidata (TM'de güncel kulüp yok);Harimau Muda B;;2025;hayır
Ronald Araújo;FC Barcelona;transfermarkt (Wikidata farklı: Liverpool F.C., ama başlangıcı eski/tarihsiz);Liverpool F.C.;FC Barcelona;2025;hayır
Timothy Awany;KCCA FC;wikidata (TM'de güncel kulüp yok);KCCA FC;;2025;hayır
Luis Díaz;Bayern Munich;transfermarkt;FC Bayern Munich;Bayern Munich;2025;hayır
Lisandro Martínez;Manchester United;transfermarkt;Manchester United F.C.;Manchester United;2025;hayır
Juan Foyth;Villarreal CF;transfermarkt;Villarreal CF;Villarreal CF;2025;hayır
Chris Mepham;West Bromwich Albion;transfermarkt;;West Bromwich Albion;2025;hayır
Luis Haquin;Puebla F.C.;wikidata (TM'de güncel kulüp yok);Puebla F.C.;;2025;hayır
Ramiro Vaca;;transfermarkt;;;2025;hayır
Vahdat Hanonov;Energetik Dushanbe;wikidata (TM'de güncel kulüp yok);Energetik Dushanbe;;2025;hayır
Mohammed Waad;Al Sadd Sports Club;wikidata (TM'de güncel kulüp yok);Al Sadd Sports Club;;2025;hayır
Kévin Denkey;Football Club Cincinnati;transfermarkt (Wikidata farklı: Nîmes Olympique, ama başlangıcı eski/tarihsiz);Nîmes Olympique;Football Club Cincinnati;2025;hayır
Josip Stanišić;Bayern Munich;transfermarkt;FC Bayern Munich;Bayern Munich;2025;hayır
Berat Özdemir;Gençlerbirliği S.K.;wikidata (CSV'deki kulübün güncel kadrosunda yok);Gençlerbirliği S.K.;Basaksehir FK;2025;evet
Djed Spence;Tottenham Hotspur;transfermarkt (Wikidata farklı: Inter Milan, ama başlangıcı eski/tarihsiz);Inter Milan;Tottenham Hotspur;2025;hayır
Jeremie Frimpong;Liverpool FC;transfermarkt;Liverpool F.C.;Liverpool FC;2025;hayır
Ian Maatsen;Aston Villa;transfermarkt;Aston Villa F.C.;Aston Villa;2025;hayır
Elijah Just;Motherwell FC;transfermarkt (Wikidata farklı: AC Horsens, ama başlangıcı eski/tarihsiz);AC Horsens;Motherwell FC;2025;hayır
Amadou Onana;Aston Villa;transfermarkt;Aston Villa F.C.;Aston Villa;2025;hayır
Pape Gueye;Villarreal CF;transfermarkt;Villarreal CF;Villarreal CF;2025;hayır
Nicolás González;Juventus FC;transfermarkt;Juventus FC;Juventus FC;2025;hayır
Jérémy Doku;Manchester City;transfermarkt;Manchester City F.C.;Manchester City;2025;hayır
Edo Kayembe;Watford FC;transfermarkt (Wikidata farklı: K.A.S. Eupen, ama başlangıcı eski/tarihsiz);K.A.S. Eupen;Watford FC;2025;hayır
Musa Barrow;Al-Taawoun Football Club;transfermarkt (Wikidata farklı: Atalanta BC, ama başlangıcı eski/tarihsiz);Atalanta BC;Al-Taawoun Football Club;2025;hayır
Liam Millar;Hull City;transfermarkt (Wikidata farklı: Fulham F.C., ama başlangıcı eski/tarihsiz);Fulham F.C.;Hull City;2025;hayır
Pedro Neto;Chelsea FC;transfermarkt;Chelsea F.C.;Chelsea FC;2025;hayır
Vitinha;Paris Saint-Germain;transfermarkt;Paris Saint-Germain FC;Paris Saint-Germain;2025;hayır
Francisco Conceição;Juventus FC;transfermarkt;Juventus FC;Juventus FC;2025;hayır
Kamal Miller;Portland Timbers;transfermarkt;Portland Timbers;Portland Timbers;2025;hayır
Randal Kolo Muani;Tottenham Hotspur;transfermarkt (Wikidata farklı: Juventus FC, ama başlangıcı eski/tarihsiz);Juventus FC;Tottenham Hotspur;2025;hayır
Maksim Paskotši;Grasshopper Club Zurich;transfermarkt;;Grasshopper Club Zurich;2025;hayır
Conor Gallagher;Tottenham Hotspur;transfermarkt;Tottenham Hotspur F.C.;Tottenham Hotspur;2025;hayır
Ao Tanaka;Leeds United;transfermarkt;Leeds United F.C.;Leeds United;2025;hayır
Yuri Alberto;Sport Club Corinthians Paulista;transfermarkt (Wikidata farklı: Santos F.C., ama başlangıcı eski/tarihsiz);Santos F.C.;Sport Club Corinthians Paulista;2025;hayır
Enock Mwepu;Emekli / kulüpsüz;emekli (TM: 2+ sezondur oynamadı);Brighton & Hove Albion F.C.;Brighton & Hove Albion;2022;hayır
Koni De Winter;AC Milan;transfermarkt;AC Milan;AC Milan;2025;hayır
Krepin Diatta;AS Monaco;transfermarkt;AS Monaco FC;AS Monaco;2025;hayır
Serkan Asan;Trabzonspor;wikidata (TM'de güncel kulüp yok);Trabzonspor;Trabzonspor;2024;evet
Oston Urunov;Spartak Moscow;wikidata (TM'de güncel kulüp yok);Spartak Moscow;;2025;hayır
Khojiakbar Alijonov;Pakhtakor Tashkent FK;wikidata (TM'de güncel kulüp yok);Pakhtakor Tashkent FK;;2025;hayır
Frantzdy Pierrot;Athlitiki Enosi Konstantinoupoleos;transfermarkt (Wikidata farklı: Çaykur Rizespor, ama başlangıcı eski/tarihsiz);Çaykur Rizespor;Athlitiki Enosi Konstantinoupoleos;2025;hayır
Daniel Muñoz;Crystal Palace;transfermarkt (Wikidata farklı: Nottingham Forest F.C., ama başlangıcı eski/tarihsiz);Nottingham Forest F.C.;Crystal Palace;2025;hayır
Karl Jakob Hein;SV Werder Bremen;transfermarkt;;SV Werder Bremen;2025;hayır
Azizbek Turgunboev;Navbahor Namangan;wikidata (TM'de güncel kulüp yok);Navbahor Namangan;;2025;hayır
Hugo Guillamón;HNK Hajduk Split;transfermarkt (Wikidata farklı: Sporting de Gijón, ama başlangıcı eski/tarihsiz);Sporting de Gijón;HNK Hajduk Split;2025;hayır
William Saliba;Arsenal FC;transfermarkt;Arsenal F.C.;Arsenal FC;2025;hayır
Lucas Da Cunha;Como 1907;transfermarkt (Wikidata farklı: OGC Nice, ama başlangıcı eski/tarihsiz);OGC Nice;Como 1907;2025;hayır
Karim Adeyemi;Borussia Dortmund;transfermarkt (Wikidata farklı: FC Barcelona, ama başlangıcı eski/tarihsiz);FC Barcelona;Borussia Dortmund;2025;hayır
Montassar Talbi;FC Lorient;transfermarkt;F.C. Lorient;FC Lorient;2025;hayır
Edon Zhegrova;Juventus FC;transfermarkt (Wikidata farklı: K.R.C. Genk, ama başlangıcı eski/tarihsiz);K.R.C. Genk;Juventus FC;2025;hayır
David Carmo;Real Oviedo;transfermarkt (Wikidata farklı: S.C. Braga B, ama başlangıcı eski/tarihsiz);S.C. Braga B;Real Oviedo;2025;hayır
Wendel;AO FK Zenit Sankt-Peterburg;transfermarkt (Wikidata farklı: Fluminense F.C., ama başlangıcı eski/tarihsiz);Fluminense F.C.;AO FK Zenit Sankt-Peterburg;2025;hayır
Pavel Sulc;FC Viktoria Plzen;transfermarkt (Wikidata farklı: Olympique Lyonnais, ama başlangıcı eski/tarihsiz);Olympique Lyonnais;FC Viktoria Plzen;2025;hayır
Ersin Destanoğlu;Beşiktaş;transfermarkt (KONTROL: kulübün güncel kadrosunda yok, yeni takımı bilinmiyor);;Beşiktaş Jimnastik Kulübü;2025;evet
Evann Guessand;Crystal Palace;transfermarkt (Wikidata farklı: Aston Villa F.C., ama başlangıcı eski/tarihsiz);Aston Villa F.C.;Crystal Palace;2025;hayır
Khvicha Kvaratskhelia;Paris Saint-Germain;transfermarkt;Paris Saint-Germain FC;Paris Saint-Germain;2025;hayır
Giorgi Mamardashvili;Liverpool FC;transfermarkt;Liverpool F.C.;Liverpool FC;2025;hayır
Luka Sučić;Real Sociedad;transfermarkt (Wikidata farklı: FC Liefering, ama başlangıcı eski/tarihsiz);FC Liefering;Real Sociedad;2025;hayır
Riccardo Calafiori;Arsenal FC;transfermarkt;Arsenal F.C.;Arsenal FC;2025;hayır
Isak Hien;Atalanta BC;transfermarkt (Wikidata farklı: Hellas Verona FC, ama başlangıcı eski/tarihsiz);Hellas Verona FC;Atalanta BC;2025;hayır
Paul Nebel;1.FSV Mainz 05;transfermarkt;;1.FSV Mainz 05;2025;hayır
Kim Min-jae;Bayern Munich;transfermarkt;FC Bayern Munich;Bayern Munich;2025;hayır
Mohamed Ihattaren;Fortuna Sittardia Combinatie;transfermarkt (Wikidata farklı: PSV Eindhoven, ama başlangıcı eski/tarihsiz);PSV Eindhoven;Fortuna Sittardia Combinatie;2025;hayır
Neco Williams;Nottingham Forest;transfermarkt;Nottingham Forest F.C.;Nottingham Forest;2025;hayır
Daniel Ballard;Sunderland AFC;transfermarkt;;Sunderland AFC;2025;hayır
Anthony Gordon;Newcastle United;transfermarkt (Wikidata farklı: FC Barcelona, ama başlangıcı eski/tarihsiz);FC Barcelona;Newcastle United;2025;hayır
Morgan Rogers;Aston Villa;transfermarkt (Wikidata farklı: Chelsea F.C., ama başlangıcı eski/tarihsiz);Chelsea F.C.;Aston Villa;2025;hayır
Jacob Ramsey;Newcastle United;transfermarkt;Newcastle United F.C.;Newcastle United;2025;hayır
Folarin Balogun;AS Monaco;transfermarkt;AS Monaco FC;AS Monaco;2025;hayır
Morten Frendrup;Genoa CFC;transfermarkt;Genoa CFC;Genoa CFC;2025;hayır
Senne Lammens;Royal Antwerp FC;transfermarkt (Wikidata farklı: Manchester United F.C., ama başlangıcı eski/tarihsiz);Manchester United F.C.;Royal Antwerp FC;2025;hayır
Taylor Harwood-Bellis;R.S.C. Anderlecht;wikidata (TM'de güncel kulüp yok);R.S.C. Anderlecht;Southampton FC;2024;hayır
Tino Livramento;Newcastle United;transfermarkt;Newcastle United F.C.;Newcastle United;2025;hayır
Noni Madueke;Arsenal FC;transfermarkt;Arsenal F.C.;Arsenal FC;2025;hayır
Yunus Musah;AC Milan;transfermarkt;AC Milan;AC Milan;2025;hayır
Tomás Araújo;SL Benfica;transfermarkt;;SL Benfica;2025;hayır
Giovanni Reyna;Borussia Dortmund;transfermarkt;;Borussia Dortmund;2025;hayır
Kaoru Mitoma;Brighton & Hove Albion;transfermarkt;Brighton & Hove Albion F.C.;Brighton & Hove Albion;2025;hayır
James Garner;Everton FC;transfermarkt (Wikidata farklı: Manchester United F.C., ama başlangıcı eski/tarihsiz);Manchester United F.C.;Everton FC;2025;hayır
Fábio Silva;Borussia Dortmund;transfermarkt;;Borussia Dortmund;2025;hayır
Žan Vipotnik;Swansea City;transfermarkt;;Swansea City;2025;hayır
Žan Karničnik;PFC Ludogorets 1945;wikidata (TM'de güncel kulüp yok);PFC Ludogorets 1945;;2025;hayır
Naci Ünüvar;Heracles Almelo;transfermarkt (Wikidata farklı: FC Twente, ama başlangıcı eski/tarihsiz);FC Twente;Heracles Almelo;2025;evet
Zhu Chenjie;Shanghai Shenhua F.C.;wikidata (TM'de güncel kulüp yok);Shanghai Shenhua F.C.;;2025;hayır
Federico Gatti;Juventus FC;transfermarkt;Juventus FC;Juventus FC;2025;hayır
Abdulelah Al-Amri;Al-Nassr Football Club;transfermarkt;Al-Nassr;Al-Nassr Football Club;2025;hayır
Hassan Tombakti;Al-Hilal Saudi Football Club;transfermarkt (Wikidata farklı: Al Hilal SFC, ama başlangıcı eski/tarihsiz);Al Hilal SFC;Al-Hilal Saudi Football Club;2025;hayır
Nasser Al-Dawsari;Al-Hilal Saudi Football Club;transfermarkt (Wikidata farklı: Al Hilal SFC, ama başlangıcı eski/tarihsiz);Al Hilal SFC;Al-Hilal Saudi Football Club;2025;hayır
Anthony Musaba;N.E.C.;wikidata (CSV'deki kulübün güncel kadrosunda yok);N.E.C.;Fenerbahce;2025;evet
Luis Sinisterra;Cruzeiro Esporte Clube;transfermarkt (Wikidata farklı: Feyenoord Rotterdam, ama başlangıcı eski/tarihsiz);Feyenoord Rotterdam;Cruzeiro Esporte Clube;2025;hayır
Stephen Eustáquio;FC Porto;transfermarkt (Wikidata farklı: S.C.U. Torreense, ama başlangıcı eski/tarihsiz);S.C.U. Torreense;FC Porto;2025;hayır
Jesper Lindstrøm;VfL Wolfsburg;transfermarkt (Wikidata farklı: Eintracht Frankfurt, ama başlangıcı eski/tarihsiz);Eintracht Frankfurt;VfL Wolfsburg;2025;hayır
Quilindschy Hartman;Burnley FC;transfermarkt;Burnley F.C.;Burnley FC;2025;hayır
Aral Şimşir;Trabzonspor;transfermarkt kadro sayfası (canlı);HB Køge;FC Midtjylland;2025;evet
Trai Hume;Sunderland AFC;transfermarkt;;Sunderland AFC;2025;hayır
Eduard Spertsyan;FK Krasnodar;transfermarkt (Wikidata farklı: Al Ahli FC, ama başlangıcı eski/tarihsiz);Al Ahli FC;FK Krasnodar;2025;hayır
Bremer;Juventus FC;transfermarkt;Juventus FC;Juventus FC;2025;hayır
Yusuf Sarı;Başakşehir;transfermarkt kadro sayfası (canlı);Olympique de Marseille;Basaksehir FK;2025;evet
Matheus Cunha;Manchester United;transfermarkt;Manchester United F.C.;Manchester United;2025;hayır
Jamie Leweling;VfB Stuttgart;transfermarkt (Wikidata farklı: SpVgg Greuther Fürth, ama başlangıcı eski/tarihsiz);SpVgg Greuther Fürth;VfB Stuttgart;2025;hayır
Amar Dedić;SL Benfica;transfermarkt (Wikidata farklı: Newcastle United F.C., ama başlangıcı eski/tarihsiz);Newcastle United F.C.;SL Benfica;2025;hayır
Livan Burcu;1.FC Union Berlin;transfermarkt;;1.FC Union Berlin;2025;evet
Bruno Guimarães;Newcastle United;transfermarkt (Wikidata farklı: Arsenal F.C., ama başlangıcı eski/tarihsiz);Arsenal F.C.;Newcastle United;2025;hayır
Pepê;FC Porto;transfermarkt (Wikidata farklı: Grêmio FBPA, ama başlangıcı eski/tarihsiz);Grêmio FBPA;FC Porto;2025;hayır
Ayoub El Kaabi;Olympiakos Syndesmos Filathlon Peiraios;transfermarkt (Wikidata farklı: Olympiacos F.C., ama başlangıcı eski/tarihsiz);Olympiacos F.C.;Olympiakos Syndesmos Filathlon Peiraios;2025;hayır
Malick Thiaw;Newcastle United;transfermarkt;Newcastle United F.C.;Newcastle United;2025;hayır
Connor Metcalfe;FC St. Pauli;transfermarkt;FC St. Pauli;FC St. Pauli;2025;hayır
Taty Castellanos;West Ham United;transfermarkt;West Ham United F.C.;West Ham United;2025;hayır
Anastasios Douvikas;Como 1907;transfermarkt (Wikidata farklı: Asteras Tripoli F.C., ama başlangıcı eski/tarihsiz);Asteras Tripoli F.C.;Como 1907;2025;hayır
Daniel Vivian;Athletic Bilbao;transfermarkt;Athletic Club;Athletic Bilbao;2025;hayır
Fisnik Asllani;TSG 1899 Hoffenheim;transfermarkt;;TSG 1899 Hoffenheim;2025;hayır
Hidemasa Morita;Sporting CP;transfermarkt (Wikidata farklı: Hull City A.F.C., ama başlangıcı eski/tarihsiz);Hull City A.F.C.;Sporting CP;2025;hayır
Roger Ibañez;Al-Ahli Saudi Football Club;transfermarkt (Wikidata farklı: SS Lazio, ama başlangıcı eski/tarihsiz);SS Lazio;Al-Ahli Saudi Football Club;2025;hayır
Saïd Bakari;Sparta Rotterdam;transfermarkt (Wikidata farklı: RKC Waalwijk, ama başlangıcı eski/tarihsiz);RKC Waalwijk;Sparta Rotterdam;2025;hayır
Maximilian Kilman;West Ham United;transfermarkt (Wikidata farklı: Maidenhead United F.C., ama başlangıcı eski/tarihsiz);Maidenhead United F.C.;West Ham United;2025;hayır
Carlos Vinícius;Grêmio Foot-Ball Porto Alegrense;transfermarkt (Wikidata farklı: SSC Napoli, ama başlangıcı eski/tarihsiz);SSC Napoli;Grêmio Foot-Ball Porto Alegrense;2025;hayır
Miguel Gutiérrez;SSC Napoli;transfermarkt (Wikidata farklı: Bayer 04 Leverkusen, ama başlangıcı eski/tarihsiz);Bayer 04 Leverkusen;SSC Napoli;2025;hayır
Nicolò Rovella;Società Sportiva Lazio S.p.A.;transfermarkt (Wikidata farklı: Genoa CFC, ama başlangıcı eski/tarihsiz);Genoa CFC;Società Sportiva Lazio S.p.A.;2025;hayır
Kervin Arriaga;Levante UD;transfermarkt (Wikidata farklı: Platense F.C., ama başlangıcı eski/tarihsiz);Platense F.C.;Levante UD;2025;hayır
Noah Atubolu;SC Freiburg;transfermarkt;;SC Freiburg;2025;hayır
Lazar Samardžić;Atalanta BC;transfermarkt (Wikidata farklı: RB Leipzig, ama başlangıcı eski/tarihsiz);RB Leipzig;Atalanta BC;2025;hayır
Jason Knight;Derby County F.C.;wikidata (TM'de güncel kulüp yok);Derby County F.C.;;2025;hayır
Emirhan Topçu;Beşiktaş;transfermarkt kadro sayfası (canlı);;Beşiktaş Jimnastik Kulübü;2025;evet
Esteban Obiang;AFC Unirea 04 Slobozia;transfermarkt (Wikidata farklı: FC Argeș, ama başlangıcı eski/tarihsiz);FC Argeș;AFC Unirea 04 Slobozia;2025;hayır
Fotis Ioannidis;Sporting CP;transfermarkt (Wikidata farklı: Levadiakos F.C., ama başlangıcı eski/tarihsiz);Levadiakos F.C.;Sporting CP;2025;hayır
Amine Adli;AFC Bournemouth;transfermarkt (Wikidata farklı: Bayer 04 Leverkusen, ama başlangıcı eski/tarihsiz);Bayer 04 Leverkusen;AFC Bournemouth;2025;hayır
Mason Greenwood;Fenerbahçe;transfermarkt kadro sayfası (canlı);Fenerbahçe Istanbul;Olympique Marseille;2025;hayır
Johan Vázquez;Genoa CFC;transfermarkt;Genoa CFC;Genoa CFC;2025;hayır
Luis Romo;Deportivo Guadalajara;transfermarkt (Wikidata farklı: Querétaro F.C., ama başlangıcı eski/tarihsiz);Querétaro F.C.;Deportivo Guadalajara;2025;hayır
Jonathan David;Juventus FC;transfermarkt (Wikidata farklı: Atlético Madrid, ama başlangıcı eski/tarihsiz);Atlético Madrid;Juventus FC;2025;hayır
Max Ebong;PFC CSKA Sofia;wikidata (TM'de güncel kulüp yok);PFC CSKA Sofia;;2025;hayır
Alexis Mac Allister;Liverpool FC;transfermarkt;Liverpool F.C.;Liverpool FC;2025;hayır
Carlos Alberto Rodríguez;CD Cruz Azul;transfermarkt (Wikidata farklı: Club de Fútbol Monterrey, ama başlangıcı eski/tarihsiz);Club de Fútbol Monterrey;CD Cruz Azul;2025;hayır
Nuno Tavares;Società Sportiva Lazio S.p.A.;transfermarkt;;Società Sportiva Lazio S.p.A.;2025;hayır
Toral Bayramov;Bursaspor;wikidata (TM'de güncel kulüp yok);Bursaspor;;2025;hayır
Amad Diallo;Manchester United;transfermarkt;;Manchester United;2025;hayır
Bryan Gil;Girona FC;transfermarkt;Girona FC;Girona FC;2025;hayır
Fábio Vieira;Hamburger SV;transfermarkt;Hamburger SV;Hamburger SV;2025;hayır
Anatoliy Trubin;SL Benfica;transfermarkt;S.L. Benfica;SL Benfica;2025;hayır
Mykhailo Mudryk;Chelsea FC;transfermarkt (Wikidata farklı: Tottenham Hotspur F.C., ama başlangıcı eski/tarihsiz);Tottenham Hotspur F.C.;Chelsea FC;2025;hayır
Terem Moffi;OGC Nice;transfermarkt (Wikidata farklı: Hamburger SV, ama başlangıcı eski/tarihsiz);Hamburger SV;OGC Nice;2025;hayır
Georginio Rutter;Brighton & Hove Albion;transfermarkt;Brighton & Hove Albion F.C.;Brighton & Hove Albion;2025;hayır
Yazan Abu Arab;Football Club Seoul;transfermarkt (Wikidata farklı: Al-Mu'aidar Sports Club, ama başlangıcı eski/tarihsiz);Al-Mu'aidar Sports Club;Football Club Seoul;2025;hayır
Tomáš Suslov;Hellas Verona;transfermarkt;Hellas Verona FC;Hellas Verona;2025;hayır
Dilane Bakwa;RC Strasbourg Alsace;transfermarkt;;RC Strasbourg Alsace;2025;hayır
Mikkel Damsgaard;Brentford FC;transfermarkt;Brentford F.C.;Brentford FC;2025;hayır
Sepp van den Berg;Brentford FC;transfermarkt (Wikidata farklı: Liverpool F.C., ama başlangıcı eski/tarihsiz);Liverpool F.C.;Brentford FC;2025;hayır
Barış Alper Yılmaz;Galatasaray;transfermarkt kadro sayfası (canlı);Galatasaray S.K.;Galatasaray;2025;hayır
Flavien Enzo Boyomo;CA Osasuna;transfermarkt;;CA Osasuna;2025;hayır
Illan Meslier;Leeds United;transfermarkt;;Leeds United;2025;hayır
Mohamed Camara;Emekli / kulüpsüz;emekli (TM: 2+ sezondur oynamadı);FC Liefering;AS Monaco;2023;hayır
Cheick Doucouré;Crystal Palace;transfermarkt (Wikidata farklı: R.C. Lens, ama başlangıcı eski/tarihsiz);R.C. Lens;Crystal Palace;2025;hayır
Mohammed Kudus;Tottenham Hotspur;transfermarkt;Tottenham Hotspur F.C.;Tottenham Hotspur;2025;hayır
Kristjan Asllani;Torino FC;transfermarkt (Wikidata farklı: Inter Milan, ama başlangıcı eski/tarihsiz);Inter Milan;Torino FC;2025;hayır
Darwin Núñez;Al-Hilal Saudi Football Club;transfermarkt (Wikidata farklı: Al-Diriyah Club, ama başlangıcı eski/tarihsiz);Al-Diriyah Club;Al-Hilal Saudi Football Club;2025;hayır
Anis Ben Slimane;Norwich City;transfermarkt (Wikidata farklı: Brøndby IF, ama başlangıcı eski/tarihsiz);Brøndby IF;Norwich City;2025;hayır
José Fajardo;Club 9 de Octubre;wikidata (TM'de güncel kulüp yok);Club 9 de Octubre;;2025;hayır
Franjo Ivanović;Union Saint-Gilloise;transfermarkt (Wikidata farklı: S.L. Benfica, ama başlangıcı eski/tarihsiz);S.L. Benfica;Union Saint-Gilloise;2025;hayır
Yusuf Demir;Galatasaray;transfermarkt (KONTROL: kulübün güncel kadrosunda yok, yeni takımı bilinmiyor);;Galatasaray;2025;evet
Álex Baena;Atlético de Madrid;transfermarkt;Atlético Madrid;Atlético de Madrid;2025;hayır
Zeno Debast;Sporting CP;transfermarkt;Sporting CP;Sporting CP;2025;hayır
Nathan Ngoy;LOSC Lille;transfermarkt (Wikidata farklı: Lille OSC, ama başlangıcı eski/tarihsiz);Lille OSC;LOSC Lille;2025;hayır
Furkan Bayır;Göztepe;transfermarkt kadro sayfası (canlı);;Göztepe;2025;evet
Gonçalo Inácio;Sporting CP;transfermarkt;Sporting CP;Sporting CP;2025;hayır
Nicola Zalewski;Atalanta BC;transfermarkt (Wikidata farklı: AS Roma, ama başlangıcı eski/tarihsiz);AS Roma;Atalanta BC;2025;hayır
Gonçalo Ramos;Paris Saint-Germain;transfermarkt (Wikidata farklı: AC Milan, ama başlangıcı eski/tarihsiz);AC Milan;Paris Saint-Germain;2025;hayır
Musa Al-Taamari;Stade Rennais FC;transfermarkt;Stade Rennais F.C.;Stade Rennais FC;2025;hayır
Adam Hložek;TSG 1899 Hoffenheim;transfermarkt;TSG 1899 Hoffenheim;TSG 1899 Hoffenheim;2025;hayır
Matheus Henrique;Cruzeiro Esporte Clube;transfermarkt (Wikidata farklı: Grêmio FBPA, ama başlangıcı eski/tarihsiz);Grêmio FBPA;Cruzeiro Esporte Clube;2025;hayır
Troy Parrott;AZ Alkmaar;transfermarkt (Wikidata farklı: Real Betis Balompié, ama başlangıcı eski/tarihsiz);Real Betis Balompié;AZ Alkmaar;2025;hayır
Santiago Giménez;AC Milan;transfermarkt (Wikidata farklı: FC Porto, ama başlangıcı eski/tarihsiz);FC Porto;AC Milan;2025;hayır
Gabriel Sara;Galatasaray;transfermarkt kadro sayfası (canlı);São Paulo FC;Galatasaray;2025;hayır
Pedro Porro;Tottenham Hotspur;transfermarkt;Tottenham Hotspur F.C.;Tottenham Hotspur;2025;hayır
Mateo Retegui;Al-Qadsiah Saudi Football Club;transfermarkt;Al Qadsiah FC;Al-Qadsiah Saudi Football Club;2025;hayır
Khalifa Al-Hammadi;Al Jazira Club;wikidata (TM'de güncel kulüp yok);Al Jazira Club;;2025;hayır
Ali Akman;İstanbulspor;transfermarkt kadro sayfası (canlı);Bursaspor;FCV Dender EH;2024;evet
Destiny Udogie;Tottenham Hotspur;transfermarkt;Tottenham Hotspur F.C.;Tottenham Hotspur;2025;hayır
Homam Ahmed;Al-Gharafa SC;wikidata (TM'de güncel kulüp yok);Al-Gharafa SC;;2025;hayır
Lee Kang-in;Paris Saint-Germain;transfermarkt (Wikidata farklı: Atlético Madrid, ama başlangıcı eski/tarihsiz);Atlético Madrid;Paris Saint-Germain;2025;hayır
Micky van de Ven;Tottenham Hotspur;transfermarkt;Tottenham Hotspur F.C.;Tottenham Hotspur;2025;hayır
Muhammed Gümüşkaya;Emekli / kulüpsüz;emekli (TM: son sezon eski);;Gaziantep FK;2024;evet
Fábio Carvalho;Brentford FC;transfermarkt;;Brentford FC;2025;hayır
Youri Baas;Ajax Amsterdam;transfermarkt;;Ajax Amsterdam;2025;hayır
Emanuel Emegha;RC Strasbourg Alsace;transfermarkt;;RC Strasbourg Alsace;2025;hayır
Meshal Barsham;Al Sadd Sports Club;wikidata (TM'de güncel kulüp yok);Al Sadd Sports Club;;2025;hayır
Ibrahim Bayesh;Al-Riyadh Saudi Club;transfermarkt (Wikidata farklı: Al-Quwa Al-Jawiya, ama başlangıcı eski/tarihsiz);Al-Quwa Al-Jawiya;Al-Riyadh Saudi Club;2025;hayır
Muhsen Al-Ghassani;Bangkok United F.C.;wikidata (TM'de güncel kulüp yok);Bangkok United F.C.;;2025;hayır
Oday Dabbagh;Royal Charleroi S.C.;wikidata (TM'de güncel kulüp yok);Royal Charleroi S.C.;Aberdeen FC;2024;hayır
Noor Al-Rawabdeh;Selangor F.C.;wikidata (TM'de güncel kulüp yok);Selangor F.C.;;2025;hayır
Joan Garcia;FC Barcelona;transfermarkt;FC Barcelona;FC Barcelona;2025;hayır
Oğuz Aydın;Fenerbahçe;transfermarkt kadro sayfası (canlı);Fenerbahçe Istanbul;Fenerbahce;2025;evet
Edmond Tapsoba;Bayer 04 Leverkusen;transfermarkt;Bayer 04 Leverkusen;Bayer 04 Leverkusen;2025;hayır
Bart Verbruggen;Brighton & Hove Albion;transfermarkt;Brighton & Hove Albion F.C.;Brighton & Hove Albion;2025;hayır
Kazeem Olaigbe;Cercle Brugge K.S.V.;wikidata (CSV'deki kulübün güncel kadrosunda yok);Cercle Brugge K.S.V.;Trabzonspor;2025;evet
Johan Bakayoko;RB Leipzig;transfermarkt;;RB Leipzig;2025;hayır
Arne Engels;Celtic FC;transfermarkt;;Celtic FC;2025;hayır
Mika Biereth;AS Monaco;transfermarkt;;AS Monaco;2025;hayır
Harvey Elliott;Liverpool FC;transfermarkt (Wikidata farklı: Valencia CF, ama başlangıcı eski/tarihsiz);Valencia CF;Liverpool FC;2025;hayır
Yusuf Barası;Eyüpspor;transfermarkt kadro sayfası (canlı);Adana Demirspor;Kasimpasa;2025;evet
Michael Olise;Bayern Munich;transfermarkt;FC Bayern Munich;Bayern Munich;2025;hayır
James Trafford;Manchester City;transfermarkt;Manchester City F.C.;Manchester City;2025;hayır
Xavi Simons;RB Leipzig;transfermarkt (Wikidata farklı: Tottenham Hotspur F.C., ama başlangıcı eski/tarihsiz);Tottenham Hotspur F.C.;RB Leipzig;2025;hayır
Basilio Ndong;Universitatea Craiova;transfermarkt;CS Universitatea Craiova;Universitatea Craiova;2025;hayır
Elliot Anderson;Nottingham Forest;transfermarkt (Wikidata farklı: Manchester City F.C., ama başlangıcı eski/tarihsiz);Manchester City F.C.;Nottingham Forest;2025;hayır
Yéremy Pino;Villarreal CF;transfermarkt (Wikidata farklı: Crystal Palace F.C., ama başlangıcı eski/tarihsiz);Crystal Palace F.C.;Villarreal CF;2025;hayır
Cole Palmer;Chelsea FC;transfermarkt;Chelsea F.C.;Chelsea FC;2025;hayır
Manuel Cafumana;Kocaelispor;transfermarkt kadro sayfası (canlı);Clube Desportivo Primeiro de Agosto;Kocaelispor;2025;hayır
Radu Drăgușin;Tottenham Hotspur;transfermarkt (Wikidata farklı: ACF Fiorentina, ama başlangıcı eski/tarihsiz);ACF Fiorentina;Tottenham Hotspur;2025;hayır
Pape Matar Sarr;Tottenham Hotspur;transfermarkt (Wikidata farklı: Juventus FC, ama başlangıcı eski/tarihsiz);Juventus FC;Tottenham Hotspur;2025;hayır
Enzo Millot;Al-Ahli Saudi Football Club;transfermarkt (Wikidata farklı: Al-Diriyah Club, ama başlangıcı eski/tarihsiz);Al-Diriyah Club;Al-Ahli Saudi Football Club;2025;hayır
Chrislain Matsima;FC Augsburg;transfermarkt;;FC Augsburg;2025;hayır
Sofiane Diop;OGC Nice;transfermarkt (Wikidata farklı: AS Monaco FC, ama başlangıcı eski/tarihsiz);AS Monaco FC;OGC Nice;2025;hayır
Youssouf Fofana;AC Milan;transfermarkt (Wikidata farklı: Sevilla FC, ama başlangıcı eski/tarihsiz);Sevilla FC;AC Milan;2025;hayır
Oihan Sancet;Athletic Bilbao;transfermarkt;Athletic Club;Athletic Bilbao;2025;hayır
Giorgio Scalvini;Atalanta BC;transfermarkt;Atalanta BC;Atalanta BC;2025;hayır
Fabio Miretti;Beşiktaş;transfermarkt kadro sayfası (canlı);Beşiktaş J.K.;Juventus FC;2025;evet
Armando Broja;Burnley FC;transfermarkt;Burnley F.C.;Burnley FC;2025;hayır
Lorenzo Lucca;SSC Napoli;transfermarkt (Wikidata farklı: Udinese Calcio, ama başlangıcı eski/tarihsiz);Udinese Calcio;SSC Napoli;2025;hayır
Maximiliano Araújo;Sporting CP;transfermarkt (Wikidata farklı: Montevideo Wanderers Fútbol Club, ama başlangıcı eski/tarihsiz);Montevideo Wanderers Fútbol Club;Sporting CP;2025;hayır
Cemali̇ Sertel;Emekli / kulüpsüz;emekli (TM: son sezon eski);;Hatayspor;2024;evet
Strahinja Pavlović;AC Milan;transfermarkt;AC Milan;AC Milan;2025;hayır
Leonardo Balerdi;Olympique Marseille;transfermarkt (Wikidata farklı: AS Roma, ama başlangıcı eski/tarihsiz);AS Roma;Olympique Marseille;2025;hayır
Julián Alvarez;Atlético de Madrid;transfermarkt;Atlético Madrid;Atlético de Madrid;2025;hayır
Thiago Almada;Atlético de Madrid;transfermarkt (Wikidata farklı: Club Atlético River Plate, ama başlangıcı eski/tarihsiz);Club Atlético River Plate;Atlético de Madrid;2025;hayır
Doğan Alemdar;Beşiktaş;transfermarkt kadro sayfası (canlı);Stade Rennais F.C.;Stade Rennais FC;2025;evet
Jan Paul van Hecke;Brighton & Hove Albion;transfermarkt;;Brighton & Hove Albion;2025;hayır
Mohamed Ali Ben Romdhane;Ferencvárosi TC;wikidata (TM'de güncel kulüp yok);Ferencvárosi TC;;2025;hayır
Rayan Aït-Nouri;Manchester City;transfermarkt;;Manchester City;2025;hayır
Maximilian Beier;Borussia Dortmund;transfermarkt;Borussia Dortmund;Borussia Dortmund;2025;hayır
Chris Richards;Crystal Palace;transfermarkt;Crystal Palace F.C.;Crystal Palace;2025;hayır
Daniel Svensson;Borussia Dortmund;transfermarkt;Borussia Dortmund;Borussia Dortmund;2025;hayır
Ísak Bergmann Jóhannesson;1.FC Köln;transfermarkt (Wikidata farklı: IFK Norrköping, ama başlangıcı eski/tarihsiz);IFK Norrköping;1.FC Köln;2025;hayır
Jamal Musiala;Bayern Munich;transfermarkt;FC Bayern Munich;Bayern Munich;2025;hayır
Martin Baturina;Como 1907;transfermarkt;;Como 1907;2025;hayır
Archie Brown;Fenerbahçe;transfermarkt kadro sayfası (canlı);Fenerbahçe Istanbul;Fenerbahce;2025;evet
Jude Bellingham;Real Madrid;transfermarkt;Real Madrid Club de Fútbol;Real Madrid;2025;hayır
Anthony Elanga;Newcastle United;transfermarkt;Newcastle United F.C.;Newcastle United;2025;hayır
James McAtee;Nottingham Forest;transfermarkt;;Nottingham Forest;2025;hayır
Antoine Semenyo;Manchester City;transfermarkt;Manchester City F.C.;Manchester City;2025;hayır
Ernest Muçi;Trabzonspor;transfermarkt kadro sayfası (canlı);Beşiktaş J.K.;Beşiktaş Jimnastik Kulübü;2025;evet
Dwight McNeil;Everton FC;transfermarkt;;Everton FC;2025;hayır
Filip Jörgensen;Chelsea FC;transfermarkt;;Chelsea FC;2025;hayır
Pierre Kalulu;Juventus FC;transfermarkt;Juventus FC;Juventus FC;2025;hayır
Arnaud Kalimuendo;Eintracht Frankfurt;transfermarkt (Wikidata farklı: Nottingham Forest F.C., ama başlangıcı eski/tarihsiz);Nottingham Forest F.C.;Eintracht Frankfurt;2025;hayır
Carlos Augusto;Inter Milan;transfermarkt;Inter Milan;Inter Milan;2025;hayır
Ryan Flamingo;PSV Eindhoven;transfermarkt (Wikidata farklı: SBV Vitesse, ama başlangıcı eski/tarihsiz);SBV Vitesse;PSV Eindhoven;2025;hayır
Vítor Oliveira;Genoa CFC;transfermarkt;Genoa CFC;Genoa CFC;2025;hayır
Ömer Faruk Beyaz;Antalyaspor;transfermarkt kadro sayfası (canlı);;Basaksehir FK;2025;evet
Jhon Arias;Sociedade Esportiva Palmeiras;transfermarkt;Sociedade Esportiva Palmeiras;Sociedade Esportiva Palmeiras;2025;hayır
Yusuf Abdurisag;Al Sadd Sports Club;wikidata (TM'de güncel kulüp yok);Al Sadd Sports Club;;2025;hayır
Ayase Ueda;Feyenoord Rotterdam;transfermarkt (Wikidata farklı: Lille OSC, ama başlangıcı eski/tarihsiz);Lille OSC;Feyenoord Rotterdam;2025;hayır
Mohanad Ali;Al-Kahraba;wikidata (TM'de güncel kulüp yok);Al-Kahraba;;2025;hayır
Jayden Oosterwolde;Fenerbahçe;transfermarkt kadro sayfası (canlı);Fenerbahçe Istanbul;Fenerbahce;2025;hayır
Aitor Paredes;Athletic Bilbao;transfermarkt;Athletic Club;Athletic Bilbao;2025;hayır
Aaron Hickey;Brentford FC;transfermarkt (Wikidata farklı: Heart of Midlothian F.C., ama başlangıcı eski/tarihsiz);Heart of Midlothian F.C.;Brentford FC;2025;hayır
Gonzalo Plata;Clube de Regatas do Flamengo;transfermarkt (Wikidata farklı: FC Dinamo Moscow, ama başlangıcı eski/tarihsiz);FC Dinamo Moscow;Clube de Regatas do Flamengo;2025;hayır
Azzedine Ounahi;Girona FC;transfermarkt (Wikidata farklı: Panathinaikos F.C., ama başlangıcı eski/tarihsiz);Panathinaikos F.C.;Girona FC;2025;hayır
Tunahan Taşçı;Konyaspor;transfermarkt (KONTROL: kulübün güncel kadrosunda yok, yeni takımı bilinmiyor);Konyaspor;Konyaspor;2025;evet
Raimonds Krollis;FC Slovan Liberec;transfermarkt;;FC Slovan Liberec;2025;hayır
İsmail Zehir;Emekli / kulüpsüz;emekli (TM: son sezon eski);;Alanyaspor;2024;evet
Norberto Bercique Gomes Betuncal;Everton FC;transfermarkt (Wikidata farklı: ACF Fiorentina, ama başlangıcı eski/tarihsiz);ACF Fiorentina;Everton FC;2025;hayır
Leif Davis;Ipswich Town F.C.;wikidata (TM'de güncel kulüp yok);Ipswich Town F.C.;Ipswich Town;2024;hayır
Leopold Querfeld;1.FC Union Berlin;transfermarkt;;1.FC Union Berlin;2025;hayır
Charlie Cresswell;FC Toulouse;transfermarkt;;FC Toulouse;2025;hayır
Florian Wirtz;Liverpool FC;transfermarkt;Liverpool F.C.;Liverpool FC;2025;hayır
Matheus Nunes;Manchester City;transfermarkt;Manchester City F.C.;Manchester City;2025;hayır
Antony dos Santos;Real Betis Balompié;transfermarkt;Real Betis Balompié;Real Betis Balompié;2025;hayır
Eyüp Aydın;Galatasaray;transfermarkt kadro sayfası (canlı);;Kasimpasa;2025;evet
Jean-Clair Todibo;West Ham United;transfermarkt (Wikidata farklı: R.C. Lens, ama başlangıcı eski/tarihsiz);R.C. Lens;West Ham United;2025;hayır
Igor Matanović;SC Freiburg;transfermarkt;SC Freiburg;SC Freiburg;2025;hayır
Toti Gomes;Wolverhampton Wanderers;transfermarkt (Wikidata farklı: G.D. Estoril Praia, ama başlangıcı eski/tarihsiz);G.D. Estoril Praia;Wolverhampton Wanderers;2025;hayır
Rodrigo Zalazar;SC Braga;transfermarkt (Wikidata farklı: Korona Kielce, ama başlangıcı eski/tarihsiz);Korona Kielce;SC Braga;2025;hayır
Rayan Cherki;Manchester City;transfermarkt;Manchester City F.C.;Manchester City;2025;hayır
Hannibal Mejbri;Burnley FC;transfermarkt;;Burnley FC;2025;hayır
Éderson;Atalanta BC;transfermarkt (Wikidata farklı: Cruzeiro E.C., ama başlangıcı eski/tarihsiz);Cruzeiro E.C.;Atalanta BC;2025;hayır
Ardon Jashari;AC Milan;transfermarkt;AC Milan;AC Milan;2025;hayır
Sherzod Nasrullaev;;transfermarkt;;;2025;hayır
William Osula;Newcastle United;transfermarkt;Newcastle United F.C.;Newcastle United;2025;hayır
Unai Vencedor;Levante UD;transfermarkt (Wikidata farklı: Burgos CF, ama başlangıcı eski/tarihsiz);Burgos CF;Levante UD;2025;hayır
Rasmus Højlund;SSC Napoli;transfermarkt;SSC Napoli;SSC Napoli;2025;hayır
Liam Delap;Chelsea FC;transfermarkt (Wikidata farklı: Nottingham Forest F.C., ama başlangıcı eski/tarihsiz);Nottingham Forest F.C.;Chelsea FC;2025;hayır
Sidny Lopes Cabral;Trabzonspor;transfermarkt kadro sayfası (canlı);;CF Estrela Amadora;2025;evet
Silas Katompa Mvumpa;1.FSV Mainz 05;transfermarkt (Wikidata farklı: VfB Stuttgart, ama başlangıcı eski/tarihsiz);VfB Stuttgart;1.FSV Mainz 05;2025;hayır
İsmail Yüksek;Fenerbahçe;transfermarkt kadro sayfası (canlı);Fenerbahçe Istanbul;Fenerbahce;2025;evet
Levi Colwill;Chelsea FC;transfermarkt;Chelsea F.C.;Chelsea FC;2025;hayır
Yahya Al Ghassani;Shabab AlAhli Dubai Club;wikidata (TM'de güncel kulüp yok);Shabab AlAhli Dubai Club;;2025;hayır
Loizos Loizou;AC Omonia;wikidata (TM'de güncel kulüp yok);AC Omonia;;2025;hayır
Cenk Özkacar;Trabzonspor;transfermarkt kadro sayfası (canlı);Trabzonspor;1.FC Köln;2025;evet
Nuno Mendes;Paris Saint-Germain;transfermarkt;Paris Saint-Germain FC;Paris Saint-Germain;2025;hayır
Ander Barrenetxea Muguruza;Real Sociedad;transfermarkt;Real Sociedad;Real Sociedad;2025;hayır
Matteo Ruggeri;Atlético de Madrid;transfermarkt (Wikidata farklı: Aston Villa F.C., ama başlangıcı eski/tarihsiz);Aston Villa F.C.;Atlético de Madrid;2025;hayır
Muhammet Taha Şahin;Çaykur Rizespor;transfermarkt kadro sayfası (canlı);;Caykur Rizespor;2025;evet
Eren Elmalı;Galatasaray;transfermarkt kadro sayfası (canlı);Kasımpaşa S.K.;Galatasaray;2025;evet
Marko Stamenic;Swansea City;transfermarkt (Wikidata farklı: F.C. Copenhagen, ama başlangıcı eski/tarihsiz);F.C. Copenhagen;Swansea City;2025;hayır
Ilaix Moriba;Celta de Vigo;transfermarkt (Wikidata farklı: RB Leipzig, ama başlangıcı eski/tarihsiz);RB Leipzig;Celta de Vigo;2025;hayır
Mario Gila;Società Sportiva Lazio S.p.A.;transfermarkt (Wikidata farklı: AC Milan, ama başlangıcı eski/tarihsiz);AC Milan;Società Sportiva Lazio S.p.A.;2025;hayır
Castello Lukeba;RB Leipzig;transfermarkt (Wikidata farklı: Olympique Lyonnais, ama başlangıcı eski/tarihsiz);Olympique Lyonnais;RB Leipzig;2025;hayır
Tyler Morton;Olympique Lyon;transfermarkt;;Olympique Lyon;2025;hayır
Metehan Baltacı;Gençlerbirliği;transfermarkt kadro sayfası (canlı);;Galatasaray;2025;evet
Erencan Yardımcı;Emekli / kulüpsüz;emekli (TM: son sezon eski);;Sportklub Puntigamer Sturm Graz;2024;evet
Bünyamin Balcı;Antalyaspor;transfermarkt kadro sayfası (canlı);Antalyaspor;Antalyaspor;2025;evet
Malo Gusto;Chelsea FC;transfermarkt;Chelsea F.C.;Chelsea FC;2025;hayır
Kaio Jorge;Cruzeiro Esporte Clube;transfermarkt (Wikidata farklı: Juventus FC, ama başlangıcı eski/tarihsiz);Juventus FC;Cruzeiro Esporte Clube;2025;hayır
Metehan Altunbaş;Kocaelispor;transfermarkt kadro sayfası (canlı);Eskişehirspor;Eyüpspor;2025;evet
Georgiy Sudakov;FC Shakhtar Donetsk;transfermarkt (Wikidata farklı: S.L. Benfica, ama başlangıcı eski/tarihsiz);S.L. Benfica;FC Shakhtar Donetsk;2025;hayır
Iliman Ndiaye;Everton FC;transfermarkt (Wikidata farklı: Manchester City F.C., ama başlangıcı eski/tarihsiz);Manchester City F.C.;Everton FC;2025;hayır
João Paulo Fernandes;FCSB;transfermarkt;FCSB;FCSB;2025;hayır
Conor Bradley;Liverpool FC;transfermarkt;Liverpool F.C.;Liverpool FC;2025;hayır
Manu Koné;Associazione Sportiva Roma;transfermarkt;AS Roma;Associazione Sportiva Roma;2025;hayır
Beñat Prados;Athletic Bilbao;transfermarkt;Athletic Club;Athletic Bilbao;2025;hayır
João Pedro;Chelsea FC;transfermarkt;Chelsea F.C.;Chelsea FC;2025;hayır
Boulaye Dia;Società Sportiva Lazio S.p.A.;transfermarkt (Wikidata farklı: Stade Rennais F.C., ama başlangıcı eski/tarihsiz);Stade Rennais F.C.;Società Sportiva Lazio S.p.A.;2025;hayır
Ricardo Pepi;PSV Eindhoven;transfermarkt;PSV Eindhoven;PSV Eindhoven;2025;hayır
Gabriel Veron;CD Nacional;transfermarkt (Wikidata farklı: FC Porto, ama başlangıcı eski/tarihsiz);FC Porto;CD Nacional;2025;hayır
Reinier;Clube Atlético Mineiro;transfermarkt;Clube Atlético Mineiro;Clube Atlético Mineiro;2025;hayır
Yan Couto;Borussia Dortmund;transfermarkt (Wikidata farklı: Coritiba F.C., ama başlangıcı eski/tarihsiz);Coritiba F.C.;Borussia Dortmund;2025;hayır
Benjamin Šeško;Manchester United;transfermarkt;Manchester United F.C.;Manchester United;2025;hayır
Wilfried Gnonto;Leeds United;transfermarkt;;Leeds United;2025;hayır
Giannis Konstantelias;Panthessalonikios Athlitikos Omilos Konstantinoupoliton;transfermarkt (Wikidata farklı: Borussia Dortmund, ama başlangıcı eski/tarihsiz);Borussia Dortmund;Panthessalonikios Athlitikos Omilos Konstantinoupoliton;2025;hayır
Roméo Lavia;Chelsea FC;transfermarkt;Chelsea F.C.;Chelsea FC;2025;hayır
Khojimat Erkinov;;transfermarkt;;;2025;hayır
Jesús Owono;FC Andorra;wikidata (TM'de güncel kulüp yok);FC Andorra;Deportivo Alavés;2024;hayır
Firas Al-Buraikan;Al-Ahli Saudi Football Club;transfermarkt;Al Ahli FC;Al-Ahli Saudi Football Club;2025;hayır
Saud Abdulhamid;RC Lens;transfermarkt;R.C. Lens;RC Lens;2025;hayır
Krya Saret;;transfermarkt (Wikidata kaydı yok);;;2025;hayır
Jarell Quansah;Bayer 04 Leverkusen;transfermarkt;;Bayer 04 Leverkusen;2025;hayır
Salih Kavrazli;Sivasspor;transfermarkt kadro sayfası (canlı);;Adana Demirspor;2024;evet
Enzo Le Fée;Sunderland AFC;transfermarkt (Wikidata farklı: F.C. Lorient, ama başlangıcı eski/tarihsiz);F.C. Lorient;Sunderland AFC;2025;hayır
Beñat Turrientes;Real Sociedad;transfermarkt;Real Sociedad;Real Sociedad;2025;hayır
Borja Sainz;FC Porto;transfermarkt;FC Porto;FC Porto;2025;hayır
Alejandro Balde;FC Barcelona;transfermarkt;FC Barcelona;FC Barcelona;2025;hayır
Marc Casadó;FC Barcelona;transfermarkt (Wikidata farklı: Deportivo de A Coruña, ama başlangıcı eski/tarihsiz);Deportivo de A Coruña;FC Barcelona;2025;hayır
Fermín López;FC Barcelona;transfermarkt;FC Barcelona;FC Barcelona;2025;hayır
Alistair Johnston;Celtic FC;transfermarkt;Celtic F.C.;Celtic FC;2025;hayır
Tajon Buchanan;Villarreal CF;transfermarkt;Villarreal CF;Villarreal CF;2025;hayır
Oh Hyeon-gyu;Beşiktaş;transfermarkt kadro sayfası (canlı);Beşiktaş J.K.;Beşiktaş Jimnastik Kulübü;2025;evet
Eduardo Camavinga;Real Madrid;transfermarkt;Real Madrid Club de Fútbol;Real Madrid;2025;hayır
Kaishu Sano;1.FSV Mainz 05;transfermarkt;1. FSV Mainz 05;1.FSV Mainz 05;2025;hayır
Keane Lewis-Potter;Brentford FC;transfermarkt (Wikidata farklı: Hull City A.F.C., ama başlangıcı eski/tarihsiz);Hull City A.F.C.;Brentford FC;2025;hayır
Odilon Kossounou;Atalanta BC;transfermarkt;Atalanta BC;Atalanta BC;2025;hayır
Eren Dinkci;SC Freiburg;transfermarkt;;SC Freiburg;2025;evet
Elias Jelert;F.C. Copenhagen;wikidata (CSV'deki kulübün güncel kadrosunda yok);F.C. Copenhagen;Galatasaray;2025;evet
Gavi;FC Barcelona;transfermarkt;FC Barcelona;FC Barcelona;2025;hayır
Cristhian Mosquera;Arsenal FC;transfermarkt;Arsenal F.C.;Arsenal FC;2025;hayır
Robin Roefs;Sunderland AFC;transfermarkt;Sunderland A.F.C.;Sunderland AFC;2025;hayır
Alexsandro;LOSC Lille;transfermarkt;;LOSC Lille;2025;hayır
Evan Ferguson;Associazione Sportiva Roma;transfermarkt (Wikidata farklı: Bohemian F.C., ama başlangıcı eski/tarihsiz);Bohemian F.C.;Associazione Sportiva Roma;2025;hayır
Enzo Fernández;Chelsea FC;transfermarkt (Wikidata farklı: Manchester City F.C., ama başlangıcı eski/tarihsiz);Manchester City F.C.;Chelsea FC;2025;hayır
Wilfried Singo;Galatasaray;transfermarkt kadro sayfası (canlı);AS Monaco FC;Galatasaray;2025;hayır
El Bilal Touré;Stade de Reims;wikidata (CSV'deki kulübün güncel kadrosunda yok);Stade de Reims;Beşiktaş Jimnastik Kulübü;2025;hayır
Jhon Durán;S.L. Benfica;wikidata (CSV'deki kulübün güncel kadrosunda yok);S.L. Benfica;Fenerbahce;2025;hayır
Issa Kaboré;SV Werder Bremen;wikidata (TM'de güncel kulüp yok);SV Werder Bremen;Manchester City;2024;hayır
António Silva;SL Benfica;transfermarkt;;SL Benfica;2025;hayır
Cher Ndour;ACF Fiorentina;transfermarkt;ACF Fiorentina;ACF Fiorentina;2025;hayır
Hákon Arnar Haraldsson;LOSC Lille;transfermarkt (Wikidata farklı: F.C. Copenhagen, ama başlangıcı eski/tarihsiz);F.C. Copenhagen;LOSC Lille;2025;hayır
Yusuf Özdemir;Alanyaspor;transfermarkt kadro sayfası (canlı);;Alanyaspor;2025;evet
Cho Gue-sung;FC Midtjylland;transfermarkt;FC Midtjylland;FC Midtjylland;2025;hayır
Igor Paixão;Olympique Marseille;transfermarkt;Olympique de Marseille;Olympique Marseille;2025;hayır
Adrien Truffert;AFC Bournemouth;transfermarkt;AFC Bournemouth;AFC Bournemouth;2025;hayır
Bilal El Khannouss;VfB Stuttgart;transfermarkt;VfB Stuttgart;VfB Stuttgart;2025;hayır
Diego Moreira;RC Strasbourg Alsace;transfermarkt (Wikidata farklı: AC Milan, ama başlangıcı eski/tarihsiz);AC Milan;RC Strasbourg Alsace;2025;hayır
Samson Baidoo;RC Lens;transfermarkt;;RC Lens;2025;hayır
Gabriel Martinelli;Arsenal FC;transfermarkt (Wikidata farklı: Al Hilal SFC, ama başlangıcı eski/tarihsiz);Al Hilal SFC;Arsenal FC;2025;hayır
Ravil Tagir;Emekli / kulüpsüz;emekli (TM: 2+ sezondur oynamadı);Altınordu F.K.;KVC Westerlo;2023;evet
Yiğit Emre Çeltik;Kayserispor;transfermarkt kadro sayfası (canlı);;Kayserispor;2025;evet
Bartuğ Elmaz;Fenerbahçe;transfermarkt kadro sayfası (canlı);;Fatih Karagümrük;2025;evet
Serdar Saatçı;Trabzonspor;transfermarkt (KONTROL: kulübün güncel kadrosunda yok, yeni takımı bilinmiyor);;Trabzonspor;2025;evet
Abdullah Sahindere;Gençlerbirliği;transfermarkt (KONTROL: kulübün güncel kadrosunda yok, yeni takımı bilinmiyor);;Gençlerbirliği Spor Kulübü;2025;evet
Emin Bayram;Başakşehir;transfermarkt kadro sayfası (canlı);Galatasaray S.K.;KVC Westerlo;2025;evet
Göktan Gürpüz;Gençlerbirliği;transfermarkt (KONTROL: kulübün güncel kadrosunda yok, yeni takımı bilinmiyor);;Gençlerbirliği Spor Kulübü;2025;evet
Victor Boniface;SV Werder Bremen;transfermarkt;SV Werder Bremen;SV Werder Bremen;2025;hayır
Simon Adingra;Sunderland AFC;transfermarkt (Wikidata farklı: AFC Ajax, ama başlangıcı eski/tarihsiz);AFC Ajax;Sunderland AFC;2025;hayır
Illya Zabarnyi;Paris Saint-Germain;transfermarkt;Paris Saint-Germain FC;Paris Saint-Germain;2025;hayır
Carney Chukwuemeka;Borussia Dortmund;transfermarkt;Borussia Dortmund;Borussia Dortmund;2025;hayır
Elye Wahi;OGC Nice;transfermarkt;;OGC Nice;2025;hayır
Matthis Abline;FC Nantes;transfermarkt (Wikidata farklı: Le Havre AC, ama başlangıcı eski/tarihsiz);Le Havre AC;FC Nantes;2025;hayır
Piero Hincapié;Arsenal FC;transfermarkt;Arsenal F.C.;Arsenal FC;2025;hayır
Orri Óskarsson;Real Sociedad;transfermarkt;Real Sociedad;Real Sociedad;2025;hayır
Julio César Enciso;RC Strasbourg Alsace;transfermarkt (Wikidata farklı: Ipswich Town F.C., ama başlangıcı eski/tarihsiz);Ipswich Town F.C.;RC Strasbourg Alsace;2025;hayır
Jarrad Branthwaite;Everton FC;transfermarkt;Everton F.C.;Everton FC;2025;hayır
Willian Pacho;Paris Saint-Germain;transfermarkt;Paris Saint-Germain FC;Paris Saint-Germain;2025;hayır
Oscar Bobb;Manchester City;transfermarkt;;Manchester City;2025;hayır
Mathias Løvik;Trabzonspor;transfermarkt (KONTROL: kulübün güncel kadrosunda yok, yeni takımı bilinmiyor);;Trabzonspor;2025;evet
Ahmetcan Kaplan;NEC Nijmegen;transfermarkt;;NEC Nijmegen;2025;evet
Gulzhigit Alykulov;FC Dinamo Minsk;wikidata (TM'de güncel kulüp yok);FC Dinamo Minsk;;2025;hayır
Jota Silva;Olympiacos F.C.;wikidata (CSV'deki kulübün güncel kadrosunda yok);Olympiacos F.C.;Beşiktaş Jimnastik Kulübü;2025;evet
Ali Olwan;Al-Sailiya Sports Club;wikidata (TM'de güncel kulüp yok);Al-Sailiya Sports Club;;2025;hayır
Ezequiel Fernández;Bayer 04 Leverkusen;transfermarkt;Bayer 04 Leverkusen;Bayer 04 Leverkusen;2025;hayır
Arseniy Batahov;Trabzonspor;transfermarkt kadro sayfası (canlı);Trabzonspor;Trabzonspor;2025;evet
Mohamed Simakan;Al-Nassr Football Club;transfermarkt (Wikidata farklı: RC Strasbourg Alsace, ama başlangıcı eski/tarihsiz);RC Strasbourg Alsace;Al-Nassr Football Club;2025;hayır
Yasin Ayari;Brighton & Hove Albion;transfermarkt;Brighton & Hove Albion F.C.;Brighton & Hove Albion;2025;hayır
Petar Sučić;Inter Milan;transfermarkt;;Inter Milan;2025;hayır
Marcos Leonardo;Al-Hilal Saudi Football Club;transfermarkt (Wikidata farklı: AFC Ajax, ama başlangıcı eski/tarihsiz);AFC Ajax;Al-Hilal Saudi Football Club;2025;hayır
Máximo Perrone;Como 1907;transfermarkt;;Como 1907;2025;hayır
Yuito Suzuki;SC Freiburg;transfermarkt (Wikidata farklı: Shimizu S-Pulse, ama başlangıcı eski/tarihsiz);Shimizu S-Pulse;SC Freiburg;2025;hayır
Matías Soulé;Associazione Sportiva Roma;transfermarkt;;Associazione Sportiva Roma;2025;hayır
Konstantinos Koulierakis;VfL Wolfsburg;transfermarkt (Wikidata farklı: PAOK FC, ama başlangıcı eski/tarihsiz);PAOK FC;VfL Wolfsburg;2025;hayır
Andreas Schjelderup;SL Benfica;transfermarkt (Wikidata farklı: FC Nordsjælland, ama başlangıcı eski/tarihsiz);FC Nordsjælland;SL Benfica;2025;hayır
João Neves;Paris Saint-Germain;transfermarkt;Paris Saint-Germain FC;Paris Saint-Germain;2025;hayır
Dário Essugo;Chelsea FC;transfermarkt (Wikidata farklı: RC Strasbourg Alsace, ama başlangıcı eski/tarihsiz);RC Strasbourg Alsace;Chelsea FC;2025;hayır
Lewis Hall;Newcastle United;transfermarkt;Newcastle United F.C.;Newcastle United;2025;hayır
Jamie Gittens;Chelsea FC;transfermarkt;Chelsea F.C.;Chelsea FC;2025;hayır
Nene Dorgeles;Fenerbahçe;transfermarkt kadro sayfası (canlı);Fenerbahçe Istanbul;Fußballclub Red Bull Salzburg;2025;hayır
Noah Saviolo;Trabzonspor;transfermarkt kadro sayfası (canlı);Vitória S.C.;Vitória Guimarães SC;2025;evet
Jonathan Rowe;Olympique Marseille;transfermarkt (Wikidata farklı: Atalanta BC, ama başlangıcı eski/tarihsiz);Atalanta BC;Olympique Marseille;2025;hayır
Bertuğ Yıldırım;Başakşehir;transfermarkt kadro sayfası (canlı);Getafe CF;Stade Rennais FC;2025;evet
Tim Jabol-Folcarelli;Trabzonspor;transfermarkt kadro sayfası (canlı);Trabzonspor;Trabzonspor;2025;evet
Tarik Muharemović;US Sassuolo;transfermarkt;US Sassuolo Calcio;US Sassuolo;2025;hayır
Tolu Arokodare;KRC Genk;transfermarkt;K.R.C. Genk;KRC Genk;2025;hayır
Antoni Milambo;Brentford FC;transfermarkt (Wikidata farklı: Feyenoord Rotterdam, ama başlangıcı eski/tarihsiz);Feyenoord Rotterdam;Brentford FC;2025;hayır
Emrecan Uzunhan;İstanbulspor;transfermarkt kadro sayfası (canlı);;Beşiktaş Jimnastik Kulübü;2025;evet
Pedri;FC Barcelona;transfermarkt;FC Barcelona;FC Barcelona;2025;hayır
Emmanuel Agbadou;Beşiktaş;transfermarkt kadro sayfası (canlı);US Monastir;Beşiktaş Jimnastik Kulübü;2025;hayır
Jaidon Anthony;Burnley FC;transfermarkt;;Burnley FC;2025;hayır
Nnamdi Collins;Eintracht Frankfurt;transfermarkt;;Eintracht Frankfurt;2025;hayır
Moisés Caicedo;Chelsea FC;transfermarkt;Chelsea F.C.;Chelsea FC;2025;hayır
Johnny Cardoso;Atlético de Madrid;transfermarkt;Atlético Madrid;Atlético de Madrid;2025;hayır
Luis Henrique;Inter Milan;transfermarkt (Wikidata farklı: Botafogo F.R., ama başlangıcı eski/tarihsiz);Botafogo F.R.;Inter Milan;2025;hayır
Nathaniel Brown;Eintracht Frankfurt;transfermarkt;;Eintracht Frankfurt;2025;hayır
Furkan Demir;Rapid Vienna;transfermarkt;;Rapid Vienna;2025;evet
Jacob Greaves;Hull City A.F.C.;wikidata (TM'de güncel kulüp yok);Hull City A.F.C.;Ipswich Town;2024;hayır
Samuel Lino;Clube de Regatas do Flamengo;transfermarkt;Clube de Regatas do Flamengo;Clube de Regatas do Flamengo;2025;hayır
Burak İnce;Al-Okhdood Club;transfermarkt (Wikidata farklı: Altınordu F.K., ama başlangıcı eski/tarihsiz);Altınordu F.K.;Al-Okhdood Club;2025;evet
Kâzımcan Karataş;Galatasaray;transfermarkt kadro sayfası (canlı);Galatasaray S.K.;Basaksehir FK;2025;evet
Melih Bostan;Konyaspor;transfermarkt (KONTROL: kulübün güncel kadrosunda yok, yeni takımı bilinmiyor);;Konyaspor;2025;evet
Gabriel Veiga Novas;FC Porto;transfermarkt;;FC Porto;2025;hayır
Raphael Onyedika;Club Brugge KV;transfermarkt;Club Brugge K.V.;Club Brugge KV;2025;hayır
Enis Destan;Konyaspor;transfermarkt kadro sayfası (canlı);;KVC Westerlo;2025;evet
Arda Okan Kurtulan;Göztepe;transfermarkt kadro sayfası (canlı);Fenerbahçe Istanbul;Göztepe;2025;evet
Uğur Kaan Yıldız;Kocaelispor;transfermarkt kadro sayfası (canlı);;Göztepe;2025;evet
Brajan Gruda;RB Leipzig;transfermarkt;RB Leipzig;RB Leipzig;2025;hayır
Rico Lewis;Manchester City;transfermarkt;Manchester City F.C.;Manchester City;2025;hayır
Geny Catamo;Sporting CP;transfermarkt;Sporting CP;Sporting CP;2025;hayır
Ismael Saibari;PSV Eindhoven;transfermarkt (Wikidata farklı: FC Bayern Munich, ama başlangıcı eski/tarihsiz);FC Bayern Munich;PSV Eindhoven;2025;hayır
Ramadan Yusef;;transfermarkt;;;2025;hayır
Mithat Pala;Çaykur Rizespor;transfermarkt kadro sayfası (canlı);;Caykur Rizespor;2025;evet
Gerard Martín;FC Barcelona;transfermarkt;FC Barcelona;FC Barcelona;2025;hayır
Mandela Keita;Parma Calcio 1913;transfermarkt;Parma Calcio 1913;Parma Calcio 1913;2025;hayır
Bradley Barcola;Paris Saint-Germain;transfermarkt (Wikidata farklı: Liverpool F.C., ama başlangıcı eski/tarihsiz);Liverpool F.C.;Paris Saint-Germain;2025;hayır
Ege Bilsel;Bodrum FK;transfermarkt kadro sayfası (canlı);;Bodrum FK;2024;evet
Nico Williams;Athletic Bilbao;transfermarkt;Athletic Club;Athletic Bilbao;2025;hayır
Carlos Romero;RCD Espanyol Barcelona;transfermarkt;RCD Espanyol de Barcelona;RCD Espanyol Barcelona;2025;hayır
Hugo Ekitike;Liverpool FC;transfermarkt;Liverpool F.C.;Liverpool FC;2025;hayır
Ibrahim Sadeh;Al-Khor Sports Club;wikidata (TM'de güncel kulüp yok);Al-Khor Sports Club;;2025;hayır
Evanilson;AFC Bournemouth;transfermarkt (Wikidata farklı: Fluminense F.C., ama başlangıcı eski/tarihsiz);Fluminense F.C.;AFC Bournemouth;2025;hayır
Jon Gorrotxategi;Real Sociedad;transfermarkt;Real Sociedad;Real Sociedad;2025;hayır
Andy Diouf;RC Lens;transfermarkt;;RC Lens;2025;hayır
Guéla Doué;RC Strasbourg Alsace;transfermarkt (Wikidata farklı: Bayer 04 Leverkusen, ama başlangıcı eski/tarihsiz);Bayer 04 Leverkusen;RC Strasbourg Alsace;2025;hayır
Lesley Ugochukwu;Galatasaray;transfermarkt kadro sayfası (canlı);Chelsea F.C.;Burnley FC;2025;hayır
Nicolò Tresoldi;Club Brugge KV;transfermarkt;Club Brugge K.V.;Club Brugge KV;2025;hayır
Yehor Yarmolyuk;Brentford FC;transfermarkt;Brentford F.C.;Brentford FC;2025;hayır
Ernest Poku;Beşiktaş;transfermarkt kadro sayfası (canlı);;AZ Alkmaar;2025;hayır
Aleksey Batrakov;Galatasaray;transfermarkt kadro sayfası (canlı);FC Lokomotiv Moscow;"Футбольный клуб ""Локомотив"" Москва";2025;hayır
Matias Fernandez-Pardo;LOSC Lille;transfermarkt (Wikidata farklı: Newcastle United F.C., ama başlangıcı eski/tarihsiz);Newcastle United F.C.;LOSC Lille;2025;hayır
Abde Ezzalzouli;Real Betis Balompié;transfermarkt;Real Betis Balompié;Real Betis Balompié;2025;hayır
Jankat Yılmaz;Galatasaray;transfermarkt kadro sayfası (canlı);;Eyüpspor;2025;evet
Emir Ortakaya;Kocaelispor;transfermarkt kadro sayfası (canlı);;Caykur Rizespor;2025;evet
Noah Sadiki;Sunderland AFC;transfermarkt (Wikidata farklı: Royale Union Saint-Gilloise, ama başlangıcı eski/tarihsiz);Royale Union Saint-Gilloise;Sunderland AFC;2025;hayır
Emre Bilgin;Eyüpspor;transfermarkt kadro sayfası (canlı);;Beşiktaş Jimnastik Kulübü;2025;evet
Georges Mikautadze;Villarreal CF;transfermarkt;Villarreal CF;Villarreal CF;2025;hayır
Loïc Bade;Bayer 04 Leverkusen;transfermarkt (Wikidata farklı: Stade Rennais F.C., ama başlangıcı eski/tarihsiz);Stade Rennais F.C.;Bayer 04 Leverkusen;2025;hayır
Milos Kerkez;Liverpool FC;transfermarkt;Liverpool F.C.;Liverpool FC;2025;hayır
Tyrick Mitchell;Crystal Palace;transfermarkt;Crystal Palace F.C.;Crystal Palace;2025;hayır
Alberto Moleiro;Villarreal CF;transfermarkt;;Villarreal CF;2025;hayır
Phạm Tuấn Hải;Hanoi FC;wikidata (TM'de güncel kulüp yok);Hanoi FC;;2025;hayır
Rizky Ridho;Persija Jakarta;wikidata (TM'de güncel kulüp yok);Persija Jakarta;;2025;hayır
Yazan Al-Naimat;Al-Arabi SC;wikidata (TM'de güncel kulüp yok);Al-Arabi SC;;2025;hayır
Nizar Al-Rashdan;Al-Zawra'a SC;wikidata (TM'de güncel kulüp yok);Al-Zawra'a SC;;2025;hayır
Natan Bernardo de Souza;Real Betis Balompié;transfermarkt;Real Betis Balompié;Real Betis Balompié;2025;hayır
João Victor Gomes da Silva;Wolverhampton Wanderers;transfermarkt;;Wolverhampton Wanderers;2025;hayır
Rodrigo Muniz;Fulham FC;transfermarkt;;Fulham FC;2025;hayır
Richard Ríos;SL Benfica;transfermarkt (Wikidata farklı: Al Ittihad FC, ama başlangıcı eski/tarihsiz);Al Ittihad FC;SL Benfica;2025;hayır
Metin Emre Karaal;Emekli / kulüpsüz;emekli (TM: son sezon eski);;Basaksehir FK;2024;evet
Igor Thiago;Brentford FC;transfermarkt;Brentford F.C.;Brentford FC;2025;hayır
César Yanis;;transfermarkt;;;2025;hayır
Omari Hutchinson;Nottingham Forest;transfermarkt (Wikidata farklı: AC Milan, ama başlangıcı eski/tarihsiz);AC Milan;Nottingham Forest;2025;hayır
Álex Jiménez;AC Milan;transfermarkt;;AC Milan;2025;hayır
Giuliano Simeone;Atlético de Madrid;transfermarkt;Atlético Madrid;Atlético de Madrid;2025;hayır
Carlos Borges;Club Brugge KV;transfermarkt;;Club Brugge KV;2025;hayır
Emirhan İlkhan;Torino FC;transfermarkt;Torino FC;Torino FC;2025;evet
Cihan Çanak;Trabzonspor;transfermarkt kadro sayfası (canlı);Trabzonspor;Trabzonspor;2025;evet
Chemsdine Talbi;Sunderland AFC;transfermarkt (Wikidata farklı: Club Brugge K.V., ama başlangıcı eski/tarihsiz);Club Brugge K.V.;Sunderland AFC;2025;hayır
Malick Fofana;Olympique Lyon;transfermarkt (Wikidata farklı: Sunderland A.F.C., ama başlangıcı eski/tarihsiz);Sunderland A.F.C.;Olympique Lyon;2025;hayır
Nico O'Reilly;Manchester City;transfermarkt;Manchester City F.C.;Manchester City;2025;hayır
Wilson Odobert;Tottenham Hotspur;transfermarkt;Tottenham Hotspur F.C.;Tottenham Hotspur;2025;hayır
Robin Risser;RC Lens;transfermarkt;R.C. Lens;RC Lens;2025;hayır
Savinho;Manchester City;transfermarkt (Wikidata farklı: Tottenham Hotspur F.C., ama başlangıcı eski/tarihsiz);Tottenham Hotspur F.C.;Manchester City;2025;hayır
Andrey Santos;Chelsea FC;transfermarkt;;Chelsea FC;2025;hayır
Adam Wharton;Crystal Palace;transfermarkt;Crystal Palace F.C.;Crystal Palace;2025;hayır
Maghnes Akliouche;AS Monaco;transfermarkt (Wikidata farklı: Paris Saint-Germain FC, ama başlangıcı eski/tarihsiz);Paris Saint-Germain FC;AS Monaco;2025;hayır
Taha Altıkardeş;Göztepe;transfermarkt kadro sayfası (canlı);;Göztepe;2025;evet
Kamaldeen Sulemana;Atalanta BC;transfermarkt (Wikidata farklı: FC Nordsjælland, ama başlangıcı eski/tarihsiz);FC Nordsjælland;Atalanta BC;2025;hayır
Pietro Comuzzo;ACF Fiorentina;transfermarkt;;ACF Fiorentina;2025;hayır
Mohamed Amoura;VfL Wolfsburg;transfermarkt (Wikidata farklı: OGC Nice, ama başlangıcı eski/tarihsiz);OGC Nice;VfL Wolfsburg;2025;hayır
Mika Godts;Ajax Amsterdam;transfermarkt (Wikidata farklı: Paris Saint-Germain FC, ama başlangıcı eski/tarihsiz);Paris Saint-Germain FC;Ajax Amsterdam;2025;hayır
Alan Varela;FC Porto;transfermarkt;;FC Porto;2025;hayır
Abdukodir Khusanov;Manchester City;transfermarkt;Manchester City F.C.;Manchester City;2025;hayır
Williot Swedberg;Celta de Vigo;transfermarkt (Wikidata farklı: IK Frej, ama başlangıcı eski/tarihsiz);IK Frej;Celta de Vigo;2025;hayır
Pablo Barrios;Atlético de Madrid;transfermarkt;Atlético Madrid;Atlético de Madrid;2025;hayır
Nicolas Jackson;Bayern Munich;transfermarkt (Wikidata farklı: Aston Villa F.C., ama başlangıcı eski/tarihsiz);Aston Villa F.C.;Bayern Munich;2025;hayır
Aleksandar Stanković;Club Brugge KV;transfermarkt;Club Brugge K.V.;Club Brugge KV;2025;hayır
Benjamin Bouchouari;Trabzonspor;transfermarkt kadro sayfası (canlı);Roda JC Kerkrade;Trabzonspor;2025;evet
Ismaël Doukouré;RC Strasbourg Alsace;transfermarkt;;RC Strasbourg Alsace;2025;hayır
El Chadaille Bitshiabu;Galatasaray;transfermarkt kadro sayfası (canlı);Galatasaray S.K.;RB Leipzig;2025;evet
Vanderson;AS Monaco;transfermarkt;;AS Monaco;2025;hayır
Aleksandar Pavlović;Bayern Munich;transfermarkt;FC Bayern Munich;Bayern Munich;2025;hayır
Johan Bellingham;Borussia Dortmund;transfermarkt;Borussia Dortmund;Borussia Dortmund;2025;hayır
Luiz Henrique;AO FK Zenit Sankt-Peterburg;transfermarkt (Wikidata farklı: FC Zenit Saint Petersburg, ama başlangıcı eski/tarihsiz);FC Zenit Saint Petersburg;AO FK Zenit Sankt-Peterburg;2025;hayır
André Trindade;Wolverhampton Wanderers;transfermarkt;;Wolverhampton Wanderers;2025;hayır
Mathys Tel;Tottenham Hotspur;transfermarkt;Tottenham Hotspur F.C.;Tottenham Hotspur;2025;hayır
Arif Aiman Hanapi;;transfermarkt;;;2025;hayır
Renato Veiga;Villarreal CF;transfermarkt;;Villarreal CF;2025;hayır
Conrad Harder;RB Leipzig;transfermarkt (Wikidata farklı: RC Strasbourg Alsace, ama başlangıcı eski/tarihsiz);RC Strasbourg Alsace;RB Leipzig;2025;hayır
Mamadou Sangaré;RC Lens;transfermarkt;;RC Lens;2025;hayır
Danilo;S. A. F. Botafogo;transfermarkt (Wikidata farklı: Sociedade Esportiva Palmeiras, ama başlangıcı eski/tarihsiz);Sociedade Esportiva Palmeiras;S. A. F. Botafogo;2025;hayır
Warren Zaïre-Emery;Paris Saint-Germain;transfermarkt;Paris Saint-Germain FC;Paris Saint-Germain;2025;hayır
Taylan Bulut;Beşiktaş;transfermarkt kadro sayfası (canlı);;Beşiktaş Jimnastik Kulübü;2025;evet
Eliesse Ben Seghir;Bayer 04 Leverkusen;transfermarkt;;Bayer 04 Leverkusen;2025;hayır
Álvaro Fernández;Real Madrid;transfermarkt;Real Madrid Club de Fútbol;Real Madrid;2025;hayır
Alejandro Garnacho;Chelsea FC;transfermarkt (Wikidata farklı: Aston Villa F.C., ama başlangıcı eski/tarihsiz);Aston Villa F.C.;Chelsea FC;2025;hayır
İzzet Çelik;Alanyaspor;transfermarkt kadro sayfası (canlı);;Alanyaspor;2025;evet
Niccolò Pisilli;Associazione Sportiva Roma;transfermarkt;;Associazione Sportiva Roma;2025;hayır
Samet Karakoç;Antalyaspor;transfermarkt kadro sayfası (canlı);Antalyaspor;Antalyaspor;2025;evet
Can Uzun;Eintracht Frankfurt;transfermarkt;Eintracht Frankfurt;Eintracht Frankfurt;2025;hayır
Kobbie Mainoo;Manchester United;transfermarkt;Manchester United F.C.;Manchester United;2025;hayır
Tom Bischof;Bayern Munich;transfermarkt;FC Bayern Munich;Bayern Munich;2025;hayır
Dango Ouattara;Brentford FC;transfermarkt (Wikidata farklı: AFC Bournemouth, ama başlangıcı eski/tarihsiz);AFC Bournemouth;Brentford FC;2025;hayır
Michael Kayode;Brentford FC;transfermarkt;;Brentford FC;2025;hayır
Ange-Yoan Bonny;Inter Milan;transfermarkt;;Inter Milan;2025;hayır
Mike Penders;RC Strasbourg Alsace;transfermarkt (Wikidata farklı: K.R.C. Genk, ama başlangıcı eski/tarihsiz);K.R.C. Genk;RC Strasbourg Alsace;2025;hayır
Javier Guerra Moreno;Valencia CF;transfermarkt;;Valencia CF;2025;hayır
Felipe Augusto;Trabzonspor;transfermarkt (KONTROL: kulübün güncel kadrosunda yok, yeni takımı bilinmiyor);;Trabzonspor;2025;evet
Maxime Estève;Burnley FC;transfermarkt;;Burnley FC;2025;hayır
Marc Pubill;Atlético de Madrid;transfermarkt;Atlético Madrid;Atlético de Madrid;2025;hayır
José Manuel López;Sociedade Esportiva Palmeiras;transfermarkt;;Sociedade Esportiva Palmeiras;2025;hayır
Kenan Yıldız;Juventus FC;transfermarkt;Juventus FC;Juventus FC;2025;hayır
Karim Konaté;Fußballclub Red Bull Salzburg;transfermarkt;;Fußballclub Red Bull Salzburg;2025;hayır
Valentín Barco;RC Strasbourg Alsace;transfermarkt;RC Strasbourg Alsace;RC Strasbourg Alsace;2025;hayır
Santiago Castro;Bologna Football Club 1909;transfermarkt (Wikidata farklı: AS Roma, ama başlangıcı eski/tarihsiz);AS Roma;Bologna Football Club 1909;2025;hayır
Ognjen Mimović;Fenerbahçe;transfermarkt kadro sayfası (canlı);FC Zenit Saint Petersburg;;2025;evet
Polat Yaldır;Samsunspor;transfermarkt (KONTROL: kulübün güncel kadrosunda yok, yeni takımı bilinmiyor);;Samsunspor;2025;evet
Alex Scott;AFC Bournemouth;transfermarkt;;AFC Bournemouth;2025;hayır
Arthur Atta;Udinese Calcio;transfermarkt;;Udinese Calcio;2025;hayır
Emircan Gürlük;FC Orenburg;transfermarkt;;FC Orenburg;2025;evet
Kees Smit;AZ Alkmaar;transfermarkt;;AZ Alkmaar;2025;hayır
Arda Güler;Real Madrid;transfermarkt;Real Madrid Club de Fútbol;Real Madrid;2025;hayır
Başar Önal;NEC Nijmegen;transfermarkt;;NEC Nijmegen;2025;evet
Abdul Fatawu Issahak;Leicester City;transfermarkt;Leicester City F.C.;Leicester City;2025;hayır
Lucas Bergvall;Tottenham Hotspur;transfermarkt;Tottenham Hotspur F.C.;Tottenham Hotspur;2025;hayır
Tyler Dibling;Everton FC;transfermarkt;;Everton FC;2025;hayır
Jack Hinshelwood;Brighton & Hove Albion;transfermarkt;;Brighton & Hove Albion;2025;hayır
Lucas Beraldo;Paris Saint-Germain;transfermarkt;Paris Saint-Germain FC;Paris Saint-Germain;2025;hayır
Emrecan Terzi;Beşiktaş;transfermarkt (KONTROL: kulübün güncel kadrosunda yok, yeni takımı bilinmiyor);;Beşiktaş Jimnastik Kulübü;2025;evet
Eren Aydın;NK Veres Rivne;transfermarkt;;NK Veres Rivne;2025;evet
Semih Kılıçsoy;Beşiktaş;transfermarkt kadro sayfası (canlı);;Beşiktaş Jimnastik Kulübü;2025;evet
Demir Ege Tıknaz;Beşiktaş;transfermarkt (KONTROL: kulübün güncel kadrosunda yok, yeni takımı bilinmiyor);;Beşiktaş Jimnastik Kulübü;2025;evet
Habib Diarra;Sunderland AFC;transfermarkt;;Sunderland AFC;2025;hayır
Aksel Baran Potur;Hamarkameratene;transfermarkt (Wikidata farklı: Moss FK, ama başlangıcı eski/tarihsiz);Moss FK;Hamarkameratene;2025;evet
Mateus Fernandes;West Ham United;transfermarkt (Wikidata farklı: Tottenham Hotspur F.C., ama başlangıcı eski/tarihsiz);Tottenham Hotspur F.C.;West Ham United;2025;hayır
Abdallah Nasib;Al-Hussein SC;wikidata (TM'de güncel kulüp yok);Al-Hussein SC;;2025;hayır
Deniz Ertaş;Konyaspor;transfermarkt kadro sayfası (canlı);;Konyaspor;2025;evet
Gökdeniz Gürpüz;Galatasaray;transfermarkt (KONTROL: kulübün güncel kadrosunda yok, yeni takımı bilinmiyor);;Galatasaray;2025;evet
Davide Bartesaghi;AC Milan;transfermarkt;;AC Milan;2025;hayır
Yiğit Efe Demir;Fenerbahçe;transfermarkt kadro sayfası (canlı);Fenerbahçe Istanbul;Fenerbahce;2025;evet
Dean Huijsen;Real Madrid;transfermarkt;Real Madrid Club de Fútbol;Real Madrid;2025;hayır
Ethan Nwaneri;Olympique Marseille;transfermarkt (Wikidata farklı: Borussia Dortmund, ama başlangıcı eski/tarihsiz);Borussia Dortmund;Olympique Marseille;2025;hayır
Myles Lewis-Skelly;Arsenal FC;transfermarkt;Arsenal F.C.;Arsenal FC;2025;hayır
Luka Vušković;Tottenham Hotspur;transfermarkt (Wikidata farklı: Brighton & Hove Albion F.C., ama başlangıcı eski/tarihsiz);Brighton & Hove Albion F.C.;Tottenham Hotspur;2025;hayır
Joel Ordóñez;Club Brugge KV;transfermarkt;;Club Brugge KV;2025;hayır
Antonio Nusa;RB Leipzig;transfermarkt;RB Leipzig;RB Leipzig;2025;hayır
Mohammad Abu Hashish;Al-Karma SC;wikidata (TM'de güncel kulüp yok);Al-Karma SC;;2025;hayır
Marco Palestra;Cagliari Calcio;transfermarkt (Wikidata farklı: Chelsea F.C., ama başlangıcı eski/tarihsiz);Chelsea F.C.;Cagliari Calcio;2025;hayır
Assan Ouédraogo;RB Leipzig;transfermarkt (Wikidata farklı: Schalke 04, ama başlangıcı eski/tarihsiz);Schalke 04;RB Leipzig;2025;hayır
Kevin;FC Shakhtar Donetsk;transfermarkt;;FC Shakhtar Donetsk;2025;hayır
Paul Wanner;PSV Eindhoven;transfermarkt;PSV Eindhoven;PSV Eindhoven;2025;hayır
Junior Olaitan;Beşiktaş;transfermarkt kadro sayfası (canlı);;Beşiktaş Jimnastik Kulübü;2025;evet
Neil El Aynaoui;Associazione Sportiva Roma;transfermarkt (Wikidata farklı: RB Leipzig, ama başlangıcı eski/tarihsiz);RB Leipzig;Associazione Sportiva Roma;2025;hayır
Senny Mayulu;Paris Saint-Germain;transfermarkt;Paris Saint-Germain FC;Paris Saint-Germain;2025;hayır
Jorrel Hato;Chelsea FC;transfermarkt;Chelsea F.C.;Chelsea FC;2025;hayır
Ibrahim Maza;Bayer 04 Leverkusen;transfermarkt;;Bayer 04 Leverkusen;2025;hayır
Roger Fernandes;Al-Ittihad Football Club;transfermarkt;;Al-Ittihad Football Club;2025;hayır
İzzet Ali Erdal;İstanbulspor;transfermarkt kadro sayfası (canlı);;Gaziantep FK;2024;evet
Mamadou Sarr;Chelsea FC;transfermarkt (Wikidata farklı: Real Sociedad, ama başlangıcı eski/tarihsiz);Real Sociedad;Chelsea FC;2025;hayır
Guillaume Restes;FC Toulouse;transfermarkt;;FC Toulouse;2025;hayır
Désiré Doué;Paris Saint-Germain;transfermarkt;Paris Saint-Germain FC;Paris Saint-Germain;2025;hayır
Anis Hadj Moussa;Feyenoord Rotterdam;transfermarkt;;Feyenoord Rotterdam;2025;hayır
Emirhan Demircan;FC Utrecht;transfermarkt;;FC Utrecht;2025;evet
Lamine Camara;AS Monaco;transfermarkt;;AS Monaco;2025;hayır
Jeanuël Belocian;Bayer 04 Leverkusen;transfermarkt;;Bayer 04 Leverkusen;2025;hayır
Ismaël Koné;US Sassuolo;transfermarkt (Wikidata farklı: Olympique de Marseille, ama başlangıcı eski/tarihsiz);Olympique de Marseille;US Sassuolo;2025;hayır
Archie Gray;Tottenham Hotspur;transfermarkt;Tottenham Hotspur F.C.;Tottenham Hotspur;2025;hayır
Lewis Miley;Newcastle United;transfermarkt;Newcastle United F.C.;Newcastle United;2025;hayır
Baran Moğultay;Alanyaspor;transfermarkt (KONTROL: kulübün güncel kadrosunda yok, yeni takımı bilinmiyor);;Alanyaspor;2025;evet
Leny Yoro;Manchester United;transfermarkt;;Manchester United;2025;hayır
Nathan Zeze;Neom Sports Club;transfermarkt;;Neom Sports Club;2025;hayır
Finn Jeltsch;VfB Stuttgart;transfermarkt;;VfB Stuttgart;2025;hayır
Arthur Vermeeren;Olympique Marseille;transfermarkt (Wikidata farklı: RB Leipzig, ama başlangıcı eski/tarihsiz);RB Leipzig;Olympique Marseille;2025;hayır
Patrick Dorgu;Manchester United;transfermarkt;;Manchester United;2025;hayır
Victor Froholdt;FC Porto;transfermarkt (Wikidata farklı: F.C. Copenhagen, ama başlangıcı eski/tarihsiz);F.C. Copenhagen;FC Porto;2025;hayır
Johan Manzambi;SC Freiburg;transfermarkt (Wikidata farklı: Aston Villa F.C., ama başlangıcı eski/tarihsiz);Aston Villa F.C.;SC Freiburg;2025;hayır
Franculino Djú;Trabzonspor;transfermarkt kadro sayfası (canlı);Trabzonspor;FC Midtjylland;2025;hayır
Kerim Alajbegović;Fußballclub Red Bull Salzburg;transfermarkt (Wikidata farklı: Juventus FC, ama başlangıcı eski/tarihsiz);Juventus FC;Fußballclub Red Bull Salzburg;2025;hayır
Oscar Gloukh;Fußballclub Red Bull Salzburg;transfermarkt;FC Red Bull Salzburg;Fußballclub Red Bull Salzburg;2025;hayır
Francesco Pio Esposito;Inter Milan;transfermarkt;;Inter Milan;2025;hayır
Hugo Larsson;Eintracht Frankfurt;transfermarkt (Wikidata farklı: Malmö FF, ama başlangıcı eski/tarihsiz);Malmö FF;Eintracht Frankfurt;2025;hayır
Gonzalo García Torres;Real Madrid;transfermarkt;;Real Madrid;2025;hayır
Víctor Muñoz;CA Osasuna;transfermarkt (Wikidata farklı: Liverpool F.C., ama başlangıcı eski/tarihsiz);Liverpool F.C.;CA Osasuna;2025;hayır
Raúl Asencio;Real Madrid;transfermarkt;Real Madrid Club de Fútbol;Real Madrid;2025;hayır
Emir Yaşar;Beşiktaş;transfermarkt kadro sayfası (canlı);;Beşiktaş Jimnastik Kulübü;2025;evet
Tyrique George;Chelsea FC;transfermarkt;;Chelsea FC;2025;hayır
Thierno Barry;Everton FC;transfermarkt;Everton F.C.;Everton FC;2025;hayır
Lamine Yamal;FC Barcelona;transfermarkt;FC Barcelona;FC Barcelona;2025;hayır
Mikel Jauregizar;Athletic Bilbao;transfermarkt;Athletic Club;Athletic Bilbao;2025;hayır
Jean-Mattéo Bahoya;Eintracht Frankfurt;transfermarkt (Wikidata farklı: Leeds United F.C., ama başlangıcı eski/tarihsiz);Leeds United F.C.;Eintracht Frankfurt;2025;hayır
Vitor Roque;Sociedade Esportiva Palmeiras;transfermarkt;Sociedade Esportiva Palmeiras;Sociedade Esportiva Palmeiras;2025;hayır
Salih Malkoçoğlu;Trabzonspor;transfermarkt (KONTROL: kulübün güncel kadrosunda yok, yeni takımı bilinmiyor);;Trabzonspor;2025;evet
Anan Khalaili;Union Saint-Gilloise;transfermarkt (Wikidata farklı: Crystal Palace F.C., ama başlangıcı eski/tarihsiz);Crystal Palace F.C.;Union Saint-Gilloise;2025;hayır
Kassoum Ouattara;Beşiktaş;transfermarkt kadro sayfası (canlı);;AS Monaco;2025;evet
Chris Rigg;Sunderland AFC;transfermarkt;;Sunderland AFC;2025;hayır
Jacobo Ramón;Como 1907;transfermarkt;;Como 1907;2025;hayır
Chema Andrés;VfB Stuttgart;transfermarkt (Wikidata farklı: Brighton & Hove Albion F.C., ama başlangıcı eski/tarihsiz);Brighton & Hove Albion F.C.;VfB Stuttgart;2025;hayır
Nico Paz;Como 1907;transfermarkt;Como 1907;Como 1907;2025;hayır
Stefanos Tzimas;Brighton & Hove Albion;transfermarkt;;Brighton & Hove Albion;2025;hayır
Santiago Mouriño;Villarreal CF;transfermarkt (Wikidata farklı: Deportivo Alavés, ama başlangıcı eski/tarihsiz);Deportivo Alavés;Villarreal CF;2025;hayır
Ernest Nuamah;Olympique Lyon;transfermarkt;;Olympique Lyon;2025;hayır
Eli Junior Kroupi;AFC Bournemouth;transfermarkt;;AFC Bournemouth;2025;hayır
Rodrigo Mora;FC Porto;transfermarkt (Wikidata farklı: AS Roma, ama başlangıcı eski/tarihsiz);AS Roma;FC Porto;2025;hayır
Rômulo José Cardoso da Cruz;RB Leipzig;transfermarkt;RB Leipzig;RB Leipzig;2025;hayır
Ümit Akdağ;Beşiktaş;transfermarkt kadro sayfası (canlı);Alanyaspor;Alanyaspor;2025;evet
Rodri Mendoza;Elche CF;transfermarkt;;Elche CF;2025;hayır
Pau Cubarsí;FC Barcelona;transfermarkt;FC Barcelona;FC Barcelona;2025;hayır
Wesley França;Associazione Sportiva Roma;transfermarkt;;Associazione Sportiva Roma;2025;hayır
Osman Kaynak;Emekli / kulüpsüz;emekli (TM: son sezon eski);;Adana Demirspor;2024;evet
Endrick;Real Madrid;transfermarkt;Real Madrid Club de Fútbol;Real Madrid;2025;hayır
Carlos Baleba;Brighton & Hove Albion;transfermarkt (Wikidata farklı: Manchester United F.C., ama başlangıcı eski/tarihsiz);Manchester United F.C.;Brighton & Hove Albion;2025;hayır
Ousmane Diomande;Sporting CP;transfermarkt (Wikidata farklı: Nottingham Forest F.C., ama başlangıcı eski/tarihsiz);Nottingham Forest F.C.;Sporting CP;2025;hayır
Joaquin Seys;Club Brugge KV;transfermarkt;Club Brugge K.V.;Club Brugge KV;2025;hayır
Arda Usluoğlu;Alanyaspor;transfermarkt kadro sayfası (canlı);;Alanyaspor;2025;evet
Fahri Kerem Ay;Emekli / kulüpsüz;emekli (TM: son sezon eski);;Beşiktaş Jimnastik Kulübü;2024;evet
Facundo Buonanotte;Chelsea FC;transfermarkt;;Chelsea FC;2025;hayır
Chibuike Nwaiwu;Trabzonspor;transfermarkt kadro sayfası (canlı);;Trabzonspor;2025;evet
Hamza Güreler;Başakşehir;transfermarkt kadro sayfası (canlı);;Basaksehir FK;2025;evet
Halil Özdemir;KV Mechelen;transfermarkt;;KV Mechelen;2025;evet
Veljko Milosavljević;AFC Bournemouth;transfermarkt;;AFC Bournemouth;2025;hayır
İshak Vural;Pisa Sporting Club;transfermarkt;;Pisa Sporting Club;2025;evet
Konstantinos Karetsas;KRC Genk;transfermarkt (Wikidata farklı: Jong Genk, ama başlangıcı eski/tarihsiz);Jong Genk;KRC Genk;2025;hayır
Samu Aghehowa;FC Porto;transfermarkt;FC Porto;FC Porto;2025;hayır
Luis Guilherme;West Ham United;transfermarkt (Wikidata farklı: Sociedade Esportiva Palmeiras, ama başlangıcı eski/tarihsiz);Sociedade Esportiva Palmeiras;West Ham United;2025;hayır
Poyraz Efe Yıldırım;Antalyaspor;transfermarkt (KONTROL: kulübün güncel kadrosunda yok, yeni takımı bilinmiyor);;Antalyaspor;2025;evet
Diego Gómez;Brighton & Hove Albion;transfermarkt;Brighton & Hove Albion F.C.;Brighton & Hove Albion;2025;hayır
Givairo Read;Feyenoord Rotterdam;transfermarkt;;Feyenoord Rotterdam;2025;hayır
Gianluca Prestianni;SL Benfica;transfermarkt;;SL Benfica;2025;hayır
Adnan Karahisar;Emekli / kulüpsüz;emekli (TM: son sezon eski);;Beşiktaş Jimnastik Kulübü;2024;evet
Berkay Aslan;Bodrum FK;transfermarkt kadro sayfası (canlı);İstanbul Başakşehir F.K.;Basaksehir FK;2025;evet
Jérémy Jacquet;Stade Rennais FC;transfermarkt (Wikidata farklı: Liverpool F.C., ama başlangıcı eski/tarihsiz);Liverpool F.C.;Stade Rennais FC;2025;hayır
Josh Acheampong;Chelsea FC;transfermarkt;Chelsea F.C.;Chelsea FC;2025;hayır
Vitor Reis;Girona FC;transfermarkt;;Girona FC;2025;hayır
Murillo;Nottingham Forest;transfermarkt;;Nottingham Forest;2025;hayır
Joshua King;Fulham FC;transfermarkt;;Fulham FC;2025;hayır
Hasan Bulut;Oud-Heverlee Leuven;transfermarkt;;Oud-Heverlee Leuven;2025;evet
Yankuba Minteh;Brighton & Hove Albion;transfermarkt;Brighton & Hove Albion F.C.;Brighton & Hove Albion;2025;hayır
Rayan;AFC Bournemouth;transfermarkt (Wikidata farklı: CR Vasco da Gama, ama başlangıcı eski/tarihsiz);CR Vasco da Gama;AFC Bournemouth;2025;hayır
Efe Akman;Galatasaray S.K.;wikidata (TM'de güncel kulüp yok);Galatasaray S.K.;Galatasaray;2024;evet
Yusuf Sertkaya;Bodrum FK;transfermarkt kadro sayfası (canlı);;Bodrum FK;2024;evet
Gift Orban;Hellas Verona;transfermarkt;;Hellas Verona;2025;hayır
Marc Bernal;FC Barcelona;transfermarkt;FC Barcelona;FC Barcelona;2025;hayır
Jon Martín;Real Sociedad;transfermarkt;Real Sociedad;Real Sociedad;2025;hayır
Ayaz Yükseloğlu;Emekli / kulüpsüz;emekli (TM: son sezon eski);;Galatasaray;2024;evet
Emre Gökay;Sivasspor;transfermarkt kadro sayfası (canlı);;Sivasspor;2024;evet
Karl Edouard Blaise Etta Eyong;Levante UD;transfermarkt;;Levante UD;2025;hayır
Yasin Özcan;Beşiktaş;transfermarkt kadro sayfası (canlı);Kasımpaşa S.K.;RSC Anderlecht;2025;evet
Ayberk Karapo;Kasımpaşa;transfermarkt kadro sayfası (canlı);;Caykur Rizespor;2024;evet
Ilhan Fakili;Beşiktaş;transfermarkt kadro sayfası (canlı);;Clermont Foot 63;2023;evet
Arda Ünyay;Galatasaray;transfermarkt kadro sayfası (canlı);;Galatasaray;2025;evet
Yalın Dilek;Emekli / kulüpsüz;emekli (TM: son sezon eski);;Galatasaray;2024;evet
Onuralp Çevikkan;Trabzonspor;transfermarkt kadro sayfası (canlı);;Trabzonspor;2025;evet
Estevão;Chelsea FC;transfermarkt;Chelsea F.C.;Chelsea FC;2025;hayır
Franco Mastantuono;Real Madrid;transfermarkt (Wikidata farklı: ACF Fiorentina, ama başlangıcı eski/tarihsiz);ACF Fiorentina;Real Madrid;2025;hayır
Charalampos Kostoulas;Brighton & Hove Albion;transfermarkt;;Brighton & Hove Albion;2025;hayır
Assane Diao;Como 1907;transfermarkt (Wikidata farklı: Real Betis B, ama başlangıcı eski/tarihsiz);Real Betis B;Como 1907;2025;hayır
Deniz Gül;Galatasaray;transfermarkt kadro sayfası (canlı);Galatasaray S.K.;FC Porto;2025;evet
Carlos Espí;Levante UD;transfermarkt;;Levante UD;2025;hayır
Joaquín Panichelli;RC Strasbourg Alsace;transfermarkt;;RC Strasbourg Alsace;2025;hayır
Bazoumana Touré;TSG 1899 Hoffenheim;transfermarkt (Wikidata farklı: Newcastle United F.C., ama başlangıcı eski/tarihsiz);Newcastle United F.C.;TSG 1899 Hoffenheim;2025;hayır
Taylan Aydın;Kasımpaşa;transfermarkt (KONTROL: kulübün güncel kadrosunda yok, yeni takımı bilinmiyor);;Kasimpasa;2025;evet
Sinan Kaya;Sivasspor;transfermarkt kadro sayfası (canlı);;Sivasspor;2024;evet
Boran Başkan;Bodrum FK;transfermarkt kadro sayfası (canlı);;Trabzonspor;2025;evet
Armando Güner;Galatasaray;transfermarkt kadro sayfası (canlı);;Galatasaray;2025;evet
Mustafa Erhan Hekimoğlu;Beşiktaş;transfermarkt kadro sayfası (canlı);;Beşiktaş Jimnastik Kulübü;2025;evet
Wagner Pina;Trabzonspor;transfermarkt kadro sayfası (canlı);;Trabzonspor;2025;evet
Enes Albak;Samsunspor;transfermarkt kadro sayfası (canlı);;Samsunspor;2025;evet
Vasilije Kostov;Red Star Belgrade;transfermarkt;;Red Star Belgrade;2025;hayır
Lennart Karl;Bayern Munich;transfermarkt;FC Bayern Munich;Bayern Munich;2025;hayır
Joane Gadou;Fußballclub Red Bull Salzburg;transfermarkt;;Fußballclub Red Bull Salzburg;2025;hayır
Ahmet Sami Bircan;Beşiktaş;transfermarkt kadro sayfası (canlı);Beşiktaş J.K.;Beşiktaş Jimnastik Kulübü;2025;evet
Ensar Buğra Tivsiz;Antalyaspor;transfermarkt kadro sayfası (canlı);;Antalyaspor;2025;evet
Ege Araç;Galatasaray;transfermarkt (KONTROL: kulübün güncel kadrosunda yok, yeni takımı bilinmiyor);;Galatasaray;2025;evet
Berat Luş;Galatasaray;transfermarkt kadro sayfası (canlı);;Galatasaray;2024;evet
Honest Ahanor;Atalanta BC;transfermarkt (Wikidata farklı: Crystal Palace F.C., ama başlangıcı eski/tarihsiz);Crystal Palace F.C.;Atalanta BC;2025;hayır
Ayden Heaven;Manchester United;transfermarkt;;Manchester United;2025;hayır
Allan;Sociedade Esportiva Palmeiras;transfermarkt (Wikidata farklı: Manchester City F.C., ama başlangıcı eski/tarihsiz);Manchester City F.C.;Sociedade Esportiva Palmeiras;2025;hayır
Furkan Koçak;Galatasaray;transfermarkt (KONTROL: kulübün güncel kadrosunda yok, yeni takımı bilinmiyor);;Galatasaray;2025;evet
Giovanni Leoni;Liverpool FC;transfermarkt;;Liverpool FC;2025;hayır
Ayyoub Bouaddi;LOSC Lille;transfermarkt (Wikidata farklı: Manchester City F.C., ama başlangıcı eski/tarihsiz);Manchester City F.C.;LOSC Lille;2025;hayır
Yusuf Akçiçek;Al-Hilal Saudi Football Club;transfermarkt (Wikidata farklı: Al Hilal SFC, ama başlangıcı eski/tarihsiz);Al Hilal SFC;Al-Hilal Saudi Football Club;2025;evet
Enes Emre Büyük;Galatasaray;transfermarkt kadro sayfası (canlı);;Galatasaray;2025;evet
Nathan De Cat;RSC Anderlecht;transfermarkt;;RSC Anderlecht;2025;hayır
Rio Ngumoha;Liverpool FC;transfermarkt;Liverpool F.C.;Liverpool FC;2025;hayır
El Hadji Malick Diouf;West Ham United;transfermarkt (Wikidata farklı: Brentford F.C., ama başlangıcı eski/tarihsiz);Brentford F.C.;West Ham United;2025;hayır
Kojo Oppong;Fenerbahçe;transfermarkt kadro sayfası (canlı);IFK Norrköping FK;OGC Nice;2025;evet
Bera Çeken;Emekli / kulüpsüz;emekli (TM: son sezon eski);;Alanyaspor;2024;evet
Emir Dadük;Emekli / kulüpsüz;emekli (TM: son sezon eski);;Hatayspor;2024;evet
Samir El Mourabet;RC Strasbourg Alsace;transfermarkt;RC Strasbourg Alsace;RC Strasbourg Alsace;2025;hayır
Mustafa Özbay;Yalova FK 77 SK;wikidata (TM'de güncel kulüp yok);Yalova FK 77 SK;Sivasspor;2024;evet
Abdou Aziz Fall;Essamaye FC;wikidata (CSV'deki kulübün güncel kadrosunda yok);Essamaye FC;Fenerbahce;2025;evet
Geovany Quenda;Sporting CP;transfermarkt (Wikidata farklı: Chelsea F.C., ama başlangıcı eski/tarihsiz);Chelsea F.C.;Sporting CP;2025;hayır
Yunus Emre Konak;Brentford FC;transfermarkt (Wikidata farklı: Lincoln City F.C., ama başlangıcı eski/tarihsiz);Lincoln City F.C.;Brentford FC;2025;evet
Erol Can Çolak;Trabzonspor;transfermarkt kadro sayfası (canlı);Trabzonspor;Trabzonspor;2025;evet
Oskar Pietuszewski;FC Porto;transfermarkt (Wikidata farklı: Jagiellonia Białystok, ama başlangıcı eski/tarihsiz);Jagiellonia Białystok;FC Porto;2025;hayır
Saïd El Mala;1.FC Köln;transfermarkt;1. FC Köln;1.FC Köln;2025;hayır
Ahmet Yıldırım;Trabzonspor;transfermarkt kadro sayfası (canlı);;Trabzonspor;2025;evet
Kerem Kayaarası;Bodrum FK;transfermarkt kadro sayfası (canlı);Antalyaspor;Antalyaspor;2025;evet
Arda Yılmaz;Galatasaray;transfermarkt kadro sayfası (canlı);;Galatasaray;2025;evet
Ibrahim Mbaye;Paris Saint-Germain;transfermarkt (Wikidata farklı: Aston Villa F.C., ama başlangıcı eski/tarihsiz);Aston Villa F.C.;Paris Saint-Germain;2025;hayır
Max Dowman;Arsenal FC;transfermarkt;Arsenal F.C.;Arsenal FC;2025;hayır
Oğuzhan Ertem;Trabzonspor;transfermarkt (KONTROL: kulübün güncel kadrosunda yok, yeni takımı bilinmiyor);;Trabzonspor;2025;evet
Çağrı Hakan Balta;Fenerbahçe;transfermarkt kadro sayfası (canlı);;Galatasaray;2025;evet
Ege İzmirli;Antalyaspor;transfermarkt kadro sayfası (canlı);Antalyaspor;Antalyaspor;2025;evet
Mustafa Serhan Kök;Fenerbahçe;transfermarkt (KONTROL: kulübün güncel kadrosunda yok, yeni takımı bilinmiyor);Fenerbahçe Istanbul;Fenerbahce;2025;evet
Ercüment Sancaklı;Fenerbahçe;transfermarkt (KONTROL: kulübün güncel kadrosunda yok, yeni takımı bilinmiyor);Fenerbahçe Istanbul;Fenerbahce;2025;evet
Selâhattin Sevim;Fenerbahçe;transfermarkt (KONTROL: kulübün güncel kadrosunda yok, yeni takımı bilinmiyor);Fenerbahçe Istanbul;Fenerbahce;2025;evet
Jesús Rodríguez Caraballo;Como 1907;transfermarkt (Wikidata farklı: Real Betis Balompié, ama başlangıcı eski/tarihsiz);Real Betis Balompié;Como 1907;2025;hayır
Engin Can Biterge;Fenerbahçe;transfermarkt (KONTROL: kulübün güncel kadrosunda yok, yeni takımı bilinmiyor);Fenerbahçe Istanbul;Fenerbahce;2025;evet
Ozan Demirbağ;Emekli / kulüpsüz;emekli (TM: son sezon eski);;Adana Demirspor;2024;evet
Onuralp Çakıroğlu;Trabzonspor;transfermarkt (KONTROL: kulübün güncel kadrosunda yok, yeni takımı bilinmiyor);;Trabzonspor;2025;evet
Hüseyin Maldar;Emekli / kulüpsüz;emekli (TM: son sezon eski);;Eyüpspor;2024;evet
Efe Seçil;Konyaspor;transfermarkt (KONTROL: kulübün güncel kadrosunda yok, yeni takımı bilinmiyor);Konyaspor;Konyaspor;2025;evet
Emin Eren Sayar;Fenerbahçe;transfermarkt (KONTROL: kulübün güncel kadrosunda yok, yeni takımı bilinmiyor);Fenerbahçe Istanbul;Fenerbahce;2025;evet
Hasan Yakub İlçin;Antalyaspor;transfermarkt kadro sayfası (canlı);;Antalyaspor;2025;evet
Yağız Fikri Şen;Fenerbahçe;transfermarkt (KONTROL: kulübün güncel kadrosunda yok, yeni takımı bilinmiyor);Fenerbahçe Istanbul;Fenerbahce;2025;evet
Ramazan Özçelik;Antalyaspor;transfermarkt (KONTROL: kulübün güncel kadrosunda yok, yeni takımı bilinmiyor);;Antalyaspor;2025;evet
Ali Demirbilek;Antalyaspor;transfermarkt (KONTROL: kulübün güncel kadrosunda yok, yeni takımı bilinmiyor);Antalyaspor;Antalyaspor;2025;evet
Necati Oğulcan Yançel;Galatasaray;transfermarkt (KONTROL: kulübün güncel kadrosunda yok, yeni takımı bilinmiyor);Galatasaray S.K.;Galatasaray;2025;evet
Ada Yüzgeç;Galatasaray;transfermarkt kadro sayfası (canlı);;Galatasaray;2025;evet
Hüseyin Şen;Alanyaspor;transfermarkt (KONTROL: kulübün güncel kadrosunda yok, yeni takımı bilinmiyor);Alanyaspor;Alanyaspor;2025;evet
Eyüp Can Karasu;Galatasaray;transfermarkt (KONTROL: kulübün güncel kadrosunda yok, yeni takımı bilinmiyor);Galatasaray S.K.;Galatasaray;2025;evet
Berkay Muratoğlu;Kasımpaşa S.K.;wikidata (CSV'deki kulübün güncel kadrosunda yok);Kasımpaşa S.K.;Kasimpasa;2025;evet
Adnan Efe Fettahoğlu;Fenerbahçe;transfermarkt (KONTROL: kulübün güncel kadrosunda yok, yeni takımı bilinmiyor);Fenerbahçe Istanbul;Fenerbahce;2025;evet
Tylel Tati;FC Nantes;transfermarkt;;FC Nantes;2025;hayır
Arda Öztürk;Trabzonspor;transfermarkt (KONTROL: kulübün güncel kadrosunda yok, yeni takımı bilinmiyor);Trabzonspor;Trabzonspor;2025;evet
Haydar Karataş;Kocaelispor;transfermarkt kadro sayfası (canlı);Fenerbahçe Istanbul;Fenerbahce;2025;evet
Tuna Baran Demir;Beşiktaş;transfermarkt (KONTROL: kulübün güncel kadrosunda yok, yeni takımı bilinmiyor);Beşiktaş J.K.;Beşiktaş Jimnastik Kulübü;2025;evet
Ali Pağda;Beşiktaş;transfermarkt (KONTROL: kulübün güncel kadrosunda yok, yeni takımı bilinmiyor);Beşiktaş J.K.;Beşiktaş Jimnastik Kulübü;2025;evet
Tarık Buğra Kalpaklı;Fatih Karagümrük;transfermarkt kadro sayfası (canlı);Fatih Karagümrük S.K.;Fatih Karagümrük;2025;evet
Christ Inao Oulaï;Trabzonspor;transfermarkt (KONTROL: kulübün güncel kadrosunda yok, yeni takımı bilinmiyor);;Trabzonspor;2025;hayır
Sadullah Yiğit Kabakuşak;Fenerbahçe Istanbul;wikidata (CSV'deki kulübün güncel kadrosunda yok);Fenerbahçe Istanbul;Antalyaspor;2025;evet
Taha Emre İnce;Trabzonspor;transfermarkt (KONTROL: kulübün güncel kadrosunda yok, yeni takımı bilinmiyor);;Trabzonspor;2025;evet
Yakuphan Sarıalioğlu;İstanbulspor;transfermarkt kadro sayfası (canlı);;Trabzonspor;2025;evet
Turan Deniz Tuncer;İstanbulspor;transfermarkt kadro sayfası (canlı);İstanbulspor A.Ş.;Trabzonspor;2025;evet
Esat Yiğit Alkurt;Trabzonspor;transfermarkt (KONTROL: kulübün güncel kadrosunda yok, yeni takımı bilinmiyor);Trabzonspor;Trabzonspor;2025;evet
Devrim Şahin;Bodrum FK;transfermarkt kadro sayfası (canlı);Beşiktaş J.K.;Beşiktaş Jimnastik Kulübü;2025;evet
Alaettin Ekici;Fenerbahçe;transfermarkt kadro sayfası (canlı);Fenerbahçe Istanbul;Fenerbahce;2025;evet
Asım Efe Işık;Beşiktaş;transfermarkt (KONTROL: kulübün güncel kadrosunda yok, yeni takımı bilinmiyor);Beşiktaş J.K.;Beşiktaş Jimnastik Kulübü;2025;evet
Aras Çelik;Kayserispor;transfermarkt kadro sayfası (canlı);;Kayserispor;2025;evet
Christian Kofane;Bayer 04 Leverkusen;transfermarkt;;Bayer 04 Leverkusen;2025;hayır
Yusuf Dağhan Kahraman;Galatasaray;transfermarkt (KONTROL: kulübün güncel kadrosunda yok, yeni takımı bilinmiyor);Galatasaray S.K.;Galatasaray;2025;evet
Muhammed İyyad Kadıoğlu;Fatih Karagümrük;transfermarkt kadro sayfası (canlı);Fatih Karagümrük S.K.;Fatih Karagümrük;2025;evet
Thiago Pitarch;Real Madrid;transfermarkt;Real Madrid Club de Fútbol;Real Madrid;2025;hayır
Yiğithan Çubukcu;Trabzonspor;transfermarkt (KONTROL: kulübün güncel kadrosunda yok, yeni takımı bilinmiyor);;Trabzonspor;2025;evet
Yan Diomande;RB Leipzig;transfermarkt (Wikidata farklı: Real Madrid Club de Fútbol, ama başlangıcı eski/tarihsiz);Real Madrid Club de Fútbol;RB Leipzig;2025;hayır
Renato Nhaga;Galatasaray;transfermarkt kadro sayfası (canlı);;Galatasaray;2025;evet
Cihan Akgün;Galatasaray;transfermarkt (KONTROL: kulübün güncel kadrosunda yok, yeni takımı bilinmiyor);Galatasaray S.K.;Galatasaray;2025;evet
Berat Tekke;Trabzonspor;transfermarkt (KONTROL: kulübün güncel kadrosunda yok, yeni takımı bilinmiyor);;Trabzonspor;2025;evet
Hulusi Efe Ceylan;Fenerbahçe;transfermarkt (KONTROL: kulübün güncel kadrosunda yok, yeni takımı bilinmiyor);;Fenerbahce;2025;evet
Kamil Efe Üregen;Fenerbahçe;transfermarkt (KONTROL: kulübün güncel kadrosunda yok, yeni takımı bilinmiyor);Fenerbahçe Istanbul;Fenerbahce;2025;evet
